image,label,class_id,group_id,sha256
cercospora/00cc56bf1a1976ee6213.jpg,Cercospora,1,992,00cc56bf1a1976ee6213111ad813dad77a6333d4b7efe641f20db61f210a062d
cercospora/022442b192f16aa3238c.jpg,Cercospora,1,59,022442b192f16aa3238c50114a0be68333459a998a6b38d70778ec8badeedb19
cercospora/02508d3aec7d7388f593.jpg,Cercospora,1,108,02508d3aec7d7388f5932e1a0b7635bf805c32636a14c3d2b4b48325d941e188
cercospora/02902bc81f3d87e106f6.jpg,Cercospora,1,182,02902bc81f3d87e106f6bbb3c748e2e9056c40b8541119c32e7807aeb58c768e
cercospora/02b0b30ac5105472b2f7.jpg,Cercospora,1,163,02b0b30ac5105472b2f796d2c3bed366fdb8333c2bb9464ce784ba9ebe179994
cercospora/050abccf5c41f1f3d238.jpg,Cercospora,1,190,050abccf5c41f1f3d238e750305ffaa7d421fa8091403a92940cb1a3c4394490
cercospora/05751957229128f006c4.jpg,Cercospora,1,83,05751957229128f006c47c9609841e2e3f616d742c052093a5fd97fe85d37fe6
cercospora/0663a70b906e8a643d6e.jpg,Cercospora,1,263,0663a70b906e8a643d6ea14c4df00b1e1a51c26133b98f1ec3f2614fc9b4e8b4
cercospora/0715116b931e0d5b387a.jpg,Cercospora,1,251,0715116b931e0d5b387a138fe4bffc62e3b0cdd6f2c0f525e53e6553892f4126
cercospora/07ba5d3bfb6c0541f0a7.jpg,Cercospora,1,984,07ba5d3bfb6c0541f0a7fdd4f205e46903459f0c24e6a24226fc15aed72b66d1
cercospora/083424f938227128c132.jpg,Cercospora,1,942,083424f938227128c1329f73c2a1975ce862edad8bfe04d5e21b27c39bbcac26
cercospora/0895e36ca192b928e20b.jpg,Cercospora,1,1008,0895e36ca192b928e20bdcfc213b57c422dc43a75d4bcc40725653cb88f842fd
cercospora/08b7a22763fef21930af.jpg,Cercospora,1,9,08b7a22763fef21930afe536dc6f8a518bdc10f9a8b27b3f2b42713b96e22398
cercospora/0921deceb4fae9456ae9.jpg,Cercospora,1,28,0921deceb4fae9456ae96a431df812f5e47f64d7cf6a16ae84323ccb2c384387
cercospora/0b33e0e8d4f490b9e2f7.jpg,Cercospora,1,70,0b33e0e8d4f490b9e2f7a1f6eede9b2781f9df0d6c72757e9c1b1b39152dd6bf
cercospora/0b574fe0f78c0630cf39.jpg,Cercospora,1,975,0b574fe0f78c0630cf39b2173864e918eb6501af858f82a8dca432caac825180
cercospora/0bf24ab20121c279a67c.jpg,Cercospora,1,137,0bf24ab20121c279a67c38a16e525f1141f9bddc133bfb2db192b89c20b53ccc
cercospora/0c0aa77ae1e7e6a7cfce.jpg,Cercospora,1,212,0c0aa77ae1e7e6a7cfce07fa55241dcae46f266722e89570648f76096b437484
cercospora/0d019357359e317b9eeb.jpg,Cercospora,1,179,0d019357359e317b9eeb6d065324d16d0c69abf7a3af4c1ab651bae84c957e6f
cercospora/0d8660b1aebd64b97623.jpg,Cercospora,1,940,0d8660b1aebd64b976230b158bd6ce40d7cdc9bc59bb991048a41def2320a2fa
cercospora/0dbb150f059bc4b29e8d.jpg,Cercospora,1,11,0dbb150f059bc4b29e8d1a2c9365a9d32a82d5f8ae96e799d82d468c98536fb2
cercospora/0e5109e628d53579547f.jpg,Cercospora,1,29,0e5109e628d53579547f7b940a4722228379cd0d1ad4109d6df5ef3052fa1909
cercospora/0e7a40a9984a5a72d246.jpg,Cercospora,1,954,0e7a40a9984a5a72d2460220372e1e25e73a933fdb24a92620e2579076d29ca3
cercospora/0eecc72fdf74fc4d43d2.jpg,Cercospora,1,180,0eecc72fdf74fc4d43d2b8abd7c52f0bbea0718f52d9b9092d04848f512fc285
cercospora/10d69c8f86b49eca0d00.jpg,Cercospora,1,240,10d69c8f86b49eca0d00d192af51de1a8ed743a0ee91a64e059befd260a4c65a
cercospora/11269a856ad3eb05f4c7.jpg,Cercospora,1,22,11269a856ad3eb05f4c77abc1516724122a7d16ffbfae8ef440fa741c627be4c
cercospora/115555d1cd6d6fe68d73.jpg,Cercospora,1,916,115555d1cd6d6fe68d739ce681f988bf26c1a9166646ad1b855dc937fc57a2bb
cercospora/1163ad429031d93a31e5.jpg,Cercospora,1,188,1163ad429031d93a31e57f47f57518afac43aeb48b5f5d1cc3bdda1dae0456f7
cercospora/11a08bce73b1fd44d727.jpg,Cercospora,1,211,11a08bce73b1fd44d727a58e1283be63115c53711cd62ef9c91f3d378a63f8cb
cercospora/11e3f81d859b97368c4a.jpg,Cercospora,1,927,11e3f81d859b97368c4a4dc914bc9b66ca65e9ee457fc608f233f6c1ddca50c8
cercospora/123f01da4cb7a122939e.jpg,Cercospora,1,94,123f01da4cb7a122939e3bbe4da551cfba23fae82e0d131a22e97b5ceeb5b878
cercospora/135e037607fd5b15e8f3.jpg,Cercospora,1,1095,135e037607fd5b15e8f390c1b5ba575a73ae514f56918893887348e68e549250
cercospora/16d1794645688f469622.jpg,Cercospora,1,224,16d1794645688f469622b82868770bf31a13e2e20caf6ef15dcc8f2823e518a8
cercospora/190fbd5b17a08e38dcec.jpg,Cercospora,1,177,190fbd5b17a08e38dcec3beac33cb42698470de7af8d0f4a9fc84015a3189875
cercospora/192eea619580acd7f51e.jpg,Cercospora,1,23,192eea619580acd7f51ef81e33d833230b79c4726ef963a0044b24197ab8f2fa
cercospora/19999459254070a9d285.jpg,Cercospora,1,267,19999459254070a9d28553ba8c79c43ab4d2d39364d4c0f717ef5f6fcff32cf2
cercospora/1cf981ed918dc9916895.jpg,Cercospora,1,181,1cf981ed918dc9916895930ead4200cda17b52516388b593df3614bd7594704f
cercospora/1e8fa03c2a651b570bf8.jpg,Cercospora,1,244,1e8fa03c2a651b570bf8e71b01068f6d30eb2b645d4afa8780662d038cb1181b
cercospora/1ef2f9f73449af10784a.jpg,Cercospora,1,980,1ef2f9f73449af10784a976aa5dfba7752db12ec6a9b429704210105b6498b38
cercospora/1ef95030f482049b2218.jpg,Cercospora,1,9,1ef95030f482049b2218b994b45c857e557592748a09bd730f835cf7612d4a83
cercospora/1f1bbfa63d2b5c1697d0.jpg,Cercospora,1,262,1f1bbfa63d2b5c1697d00e01c9f791faacbbd1e60a5e82874c7eb6c2ec7dc039
cercospora/210cefe5bb56aaf895dc.jpg,Cercospora,1,197,210cefe5bb56aaf895dce61072efcbcb1e3d844b42850973bf20b517302f42e7
cercospora/2163d53787bb94b473ab.jpg,Cercospora,1,217,2163d53787bb94b473abd9f8e8fdef077d1a879fb4f4fafc3c79b328b3f17e91
cercospora/218d2fd843d3775bb0fc.jpg,Cercospora,1,104,218d2fd843d3775bb0fcae9b3b72afd59a65d6acf6cfa2ee049e02195639cb3d
cercospora/218ebb7f33c2a173212c.jpg,Cercospora,1,1093,218ebb7f33c2a173212cb1eef6d18b8c4b9977120a37f94bf45462375a329566
cercospora/219fde3d91d3ef67d220.jpg,Cercospora,1,1013,219fde3d91d3ef67d220c09b320c3436bb6e6e6a30735ff44639e26a66a1306d
cercospora/2340c7b353d193a0c53d.jpg,Cercospora,1,229,2340c7b353d193a0c53d1fea7b9150074608ec9faa0fdd9030db56cf6098b038
cercospora/23b4524249866df3eae3.jpg,Cercospora,1,1080,23b4524249866df3eae3df655d9aece1a7440ec65a6f0ba3ab41cc1758df2bf9
cercospora/23cb5151de409cccbf4f.jpg,Cercospora,1,215,23cb5151de409cccbf4f87f94c62c79b3db9060b876a180d768a1929333acbd5
cercospora/26467bdea485a205577e.jpg,Cercospora,1,1055,26467bdea485a205577e2fe2e35bb0a51fea86ed5dd2ddd2b3574f33279813dd
cercospora/29b0106f1b548efb4900.jpg,Cercospora,1,1078,29b0106f1b548efb4900c05abcb8d41a5a547f2ddce3e61f0604296f04030e00
cercospora/2b2f07936674faa3beee.jpg,Cercospora,1,1012,2b2f07936674faa3beee2e10e0ee3929e14dbac66f863c4e1692da08214c0889
cercospora/2d2af38fc43ed5c1fe19.jpg,Cercospora,1,1099,2d2af38fc43ed5c1fe193994c5412be8c965443d58a79df1d682c782504143a8
cercospora/2ea89ed045ef5d8a6da4.jpg,Cercospora,1,201,2ea89ed045ef5d8a6da40a71aade342ece906d08959115886cbc08d73c8e0c40
cercospora/2f464aa211a12baed474.jpg,Cercospora,1,272,2f464aa211a12baed474a88665d216200f99e942508a12333862543244c2aed9
cercospora/2f8612ccecbeb6ad25e2.jpg,Cercospora,1,264,2f8612ccecbeb6ad25e2449cc2a46f968e219731c8a9fd320fcedd6283efb039
cercospora/30432f8ffcc6e21087fd.jpg,Cercospora,1,91,30432f8ffcc6e21087fddf5196245ba2c47270738707437e5353abeef54d42cb
cercospora/306d2d4937eb1872873c.jpg,Cercospora,1,84,306d2d4937eb1872873c6404a622bbd19b73bb0be139bd1dc424411ee1cbd583
cercospora/323ceb79df4ced438dec.jpg,Cercospora,1,1038,323ceb79df4ced438decb38dec90ce24824763ee9d156f1449256b9367d3ac0b
cercospora/36a6a8690e297db0d90c.jpg,Cercospora,1,1098,36a6a8690e297db0d90c8c5cf6072340cfed5430e47789de3b7d7855ba3525e1
cercospora/3896b7f5fb488770f7fe.jpg,Cercospora,1,58,3896b7f5fb488770f7fe0dfc47f8f37f69c49392f1712b6712bbeadc3cddfbdc
cercospora/3961df10ac472fe781c7.jpg,Cercospora,1,996,3961df10ac472fe781c739bbda7499ef21eb20a02192983f63ef2f59fe31513d
cercospora/39aff82d3705d1564e84.jpg,Cercospora,1,979,39aff82d3705d1564e84643bacd879694d0352e98128efe40397a5db65c50eba
cercospora/3b2db0c71bf47dcaf5a1.jpg,Cercospora,1,957,3b2db0c71bf47dcaf5a1d5a3522a200ce70bf601a43e6d24571253771599c47e
cercospora/3b61181202639140028b.jpg,Cercospora,1,236,3b61181202639140028b16c13bc5039b6ec72aeab9b8899f279d319055222aaa
cercospora/3c9441f42c5a28834599.jpg,Cercospora,1,71,3c9441f42c5a288345998c3f700a23972152253ae08673a12735ada811348b08
cercospora/3d13927eec8193bb7a6a.jpg,Cercospora,1,113,3d13927eec8193bb7a6a738ce72e45628c06f91df1893706d33615152868e6c6
cercospora/3d36ad5a4faa5ff6cefa.jpg,Cercospora,1,949,3d36ad5a4faa5ff6cefa73502549acca9a9a681b82c64446e4c6930c836356b0
cercospora/3f489cb1225fe0803ace.jpg,Cercospora,1,1004,3f489cb1225fe0803ace25ba905b3a5f4bba02ac30ed6b7fc2b58cf5d0a7f9af
cercospora/403b10def676cb01103c.jpg,Cercospora,1,925,403b10def676cb01103c611f926c9a74774ba2a50e0369a1ec8b548ca2e2cee8
cercospora/415592109f5b2df35a38.jpg,Cercospora,1,1008,415592109f5b2df35a385b983f8526a4be7cff48dd8a2f40527449f450a67cc9
cercospora/42716c705a289f655eeb.jpg,Cercospora,1,138,42716c705a289f655eeb266bf082a3269eca8a8e7202c7870046b16ad87ebaee
cercospora/44b250bcffe11a29dd3f.jpg,Cercospora,1,26,44b250bcffe11a29dd3f93252dfdfad17d77794148074c58066a7c6c79fa50f3
cercospora/4574471937e030d0c11a.jpg,Cercospora,1,202,4574471937e030d0c11a17b2408f17b0b1ae8d651bc4f15ccd4a085474795c98
cercospora/46f244ae61463594134c.jpg,Cercospora,1,259,46f244ae61463594134c64ced879462bcec6e53a89a564e62eb8d29995a5fe80
cercospora/480eaf43052332ee765f.jpg,Cercospora,1,952,480eaf43052332ee765fb6d76b4847ac407cdc0b1f74dc1c3ce188966e889e87
cercospora/482f7e40ebad0dd8539f.jpg,Cercospora,1,1043,482f7e40ebad0dd8539fda625fdf6993da19b984af0c089041ec44b9c1117020
cercospora/4a3e394f53810f57439b.jpg,Cercospora,1,933,4a3e394f53810f57439b8df3c2b7e4edf8f3222c2f3de9de3952ed88a3212e3a
cercospora/4adcdf03311c8d84e90e.jpg,Cercospora,1,1003,4adcdf03311c8d84e90e165110442732d9318b43458c7d8cf159668c55b3bd51
cercospora/4d11e297d8c4c1ed92d0.jpg,Cercospora,1,1084,4d11e297d8c4c1ed92d0ea5976a4a622bb080675a475c66154fb59e5ff77c313
cercospora/4dbb43aa8676b24bf5af.jpg,Cercospora,1,97,4dbb43aa8676b24bf5af9fd1a8dc13d93eba050f76964c1c767bb7ae9be86efc
cercospora/4fc08962d571195d4443.jpg,Cercospora,1,106,4fc08962d571195d4443d6929e38315d96ec33143779151ab7ae043303966b46
cercospora/50ce1994678dad976525.jpg,Cercospora,1,20,50ce1994678dad9765258ac1427d775e10f9582ec34ce35699d11e89cabcd23c
cercospora/51cb0d1d954fd845c47b.jpg,Cercospora,1,941,51cb0d1d954fd845c47b6a7a35f8acee72b967ec3fae576688dd3a3089354ace
cercospora/5432f6c025e0b7cb7043.jpg,Cercospora,1,1031,5432f6c025e0b7cb7043b6c25a4eec0b038abf179ebba36d8c5dd2d4e7f3476f
cercospora/54eb703036373e35fe83.jpg,Cercospora,1,235,54eb703036373e35fe83698aaf2a6ee650e4a6ecfdf706a77c4c1ef3e1b13572
cercospora/555e4f17549ee6597a4e.jpg,Cercospora,1,36,555e4f17549ee6597a4e2563b2b89f1694805a8d7a1468e67c7659343ac54bc7
cercospora/561a700e6e0d37d6c245.jpg,Cercospora,1,230,561a700e6e0d37d6c245dff425e8413eac2f55caf6f439a5c675d453cac57663
cercospora/5660defc45bd3ab53373.jpg,Cercospora,1,943,5660defc45bd3ab533733119517c740ffd0aba2adb2af470075fe246d1859100
cercospora/5756d98c1e91ea48f581.jpg,Cercospora,1,77,5756d98c1e91ea48f581842751ba850d7280df8ebca9943fcfdd23db3a8a8c7e
cercospora/57fbd1a765091cb858f8.jpg,Cercospora,1,266,57fbd1a765091cb858f82309bc1bbd4b1447a98d2f6112a7da71ba4c4517b5f2
cercospora/5960e5178e16f50608c5.jpg,Cercospora,1,257,5960e5178e16f50608c55b4acfaffbb1d3a373e739bcbc0f8d8d5d5da7ccf8e9
cercospora/5a6949818e041f5c255b.jpg,Cercospora,1,1024,5a6949818e041f5c255b6af9162877acf71ca8bc9369d397bac67b0f3418f828
cercospora/5d94493a41c1605b8882.jpg,Cercospora,1,232,5d94493a41c1605b888201e1962363d89c182810cdd3931b313e109b218181ef
cercospora/5dfc2f001616f27fe805.jpg,Cercospora,1,95,5dfc2f001616f27fe805e5515bfed0ae4723f0adf468e49b1b8c4396cc6a0e4a
cercospora/5e2184ea1e7deb2e2e60.jpg,Cercospora,1,96,5e2184ea1e7deb2e2e60dc2d375758ed3677f36bfd2ab637ca1d1176f874f19c
cercospora/5e2c35b7810b50a2f3be.jpg,Cercospora,1,178,5e2c35b7810b50a2f3be74e77cf74d5ff29e3beb0a88c179bf5dc575adaa2869
cercospora/6084f8159f2a32bdbf42.jpg,Cercospora,1,150,6084f8159f2a32bdbf425a1b4d845dc43b8c43dd7bd9552b4e7434021ea587c1
cercospora/630b7e31530e0f23cae0.jpg,Cercospora,1,1050,630b7e31530e0f23cae09dcde7202cde5877d2a5b70695aea9795761908a9233
cercospora/6385d54245535c147577.jpg,Cercospora,1,43,6385d54245535c14757784294e8ec7ad883a1468bd5aa28c963662189f8d2224
cercospora/645c59805d7fb6d628f8.jpg,Cercospora,1,233,645c59805d7fb6d628f8d0d470f0dbf61f3ae5367b9cf2a29e1e612bef318786
cercospora/650092a74f12bd46a331.jpg,Cercospora,1,1062,650092a74f12bd46a331e8c3857a6e3b3d43575f7f75f5e49c5f2d81fd1d0d17
cercospora/65138bee946350219f7d.jpg,Cercospora,1,202,65138bee946350219f7d96f52420e63cd0fcd338a419d92ff5c0de82853cc559
cercospora/65832fe7f6d9435dc25e.jpg,Cercospora,1,1066,65832fe7f6d9435dc25ed641f81d1f2e8f28088608382c64166795af73718866
cercospora/65c05048fcafa9259ab8.jpg,Cercospora,1,46,65c05048fcafa9259ab8e1db5dae2835d3d6fd92ebc4fc31dcce5af6444a8121
cercospora/65e9bdc63d1a9ec2ee60.jpg,Cercospora,1,200,65e9bdc63d1a9ec2ee602f679fc0d4155ca3fb427f8603f70cb2be9ceba5bb6b
cercospora/6684d5703143b6e56fb5.jpg,Cercospora,1,149,6684d5703143b6e56fb5463505b5f25bfb5f1312466439b158e081e595ad5f44
cercospora/6703dcddc96a4d8876e8.jpg,Cercospora,1,48,6703dcddc96a4d8876e8d8f2d284faa332b8cd4a9c6b822a61e4b3506b6186bc
cercospora/6866439d7f3e97efd769.jpg,Cercospora,1,939,6866439d7f3e97efd769be3ff432cb8257d47402160e1b0a0774f007bd046531
cercospora/68987f3042afb170566a.jpg,Cercospora,1,1048,68987f3042afb170566a669f95aa6fab1bd3f3c6d8d8ad6558c482b75806dc6d
cercospora/696e56e01a4671442dc6.jpg,Cercospora,1,56,696e56e01a4671442dc64b66426b02043539b57ab7142d65a2f1d0c387fa64d8
cercospora/6a9fdbe906ce83a54841.jpg,Cercospora,1,169,6a9fdbe906ce83a54841847cbda58ab1a03bfaef0b5c01c4e81dec7794ab4499
cercospora/6c42fc2ccd272367c000.jpg,Cercospora,1,82,6c42fc2ccd272367c0008c16c9993a0eb2d23cc9c6c7316733439cb29adb6702
cercospora/6e621810a0fca3d24267.jpg,Cercospora,1,1103,6e621810a0fca3d242674ab9cb2af82d2346850559fde5109e53030f72c80c1d
cercospora/6ed4ab788cfc9223ed67.jpg,Cercospora,1,193,6ed4ab788cfc9223ed675b1e9525ae0299c93f8c71656463d3dd9b853cba8271
cercospora/708f699d081c3ff9e438.jpg,Cercospora,1,911,708f699d081c3ff9e43894e3f0c4ae0f19ef139ba4d38e953aa67ede1e6df6d1
cercospora/71575e564c1cc94274f8.jpg,Cercospora,1,57,71575e564c1cc94274f8606aa361c68159388fe6e4134d03f8ef1c355208be65
cercospora/719ad948b3c1b2667478.jpg,Cercospora,1,995,719ad948b3c1b2667478365d5dfefafa3555538f9921fc7a32b66f9b55a4160b
cercospora/722a4cbf9b6d7551fb57.jpg,Cercospora,1,27,722a4cbf9b6d7551fb5726c4e2e8d789f313f7f2a7b2f936d04a1770b255eea3
cercospora/732a6f4ba2c5b63beaa8.jpg,Cercospora,1,1110,732a6f4ba2c5b63beaa83cf87d97e7499e8100260d7b09ea9426a50ee437661a
cercospora/734b9d5909cf4fb3d149.jpg,Cercospora,1,166,734b9d5909cf4fb3d149099d51997c6f280b553cd2e253d55503659e10ec169d
cercospora/7406f67cfc78895b6905.jpg,Cercospora,1,1051,7406f67cfc78895b6905d0a4cb46b35f8eae47aae880945e4bfbd7656b57fd56
cercospora/7412f518f290a63da3fb.jpg,Cercospora,1,189,7412f518f290a63da3fbb3cbe5ffb58e7c85a00b2471ba1c1a308eeee57b0e0b
cercospora/7423d30ab19684c749ca.jpg,Cercospora,1,79,7423d30ab19684c749ca313bb55dc66a6ec4d130af0c634ea4016d86ab0592a1
cercospora/742fc1fc747d7887a266.jpg,Cercospora,1,1056,742fc1fc747d7887a2665661bacbf68acb778366552153bd3761c9d20bdfc151
cercospora/75849496b47c95ccfb0f.jpg,Cercospora,1,1060,75849496b47c95ccfb0f0e4a5a07a2e589537529b7450dbbb77eb097cd7a63b3
cercospora/7a7a23c17c5c0f664b77.jpg,Cercospora,1,38,7a7a23c17c5c0f664b775b919df50f4302c7c27c5e7a7171204cb399d98ccc0a
cercospora/7a8a42143d7cf63af697.jpg,Cercospora,1,1100,7a8a42143d7cf63af6977696272cce9dcf7e0db7a543ce1b30e0e7161b959efc
cercospora/7ab02be334733617ca10.jpg,Cercospora,1,153,7ab02be334733617ca10cb2c57cb8f3b9843224a4847d64bedbac115acf0ca7b
cercospora/7b08c26de21a61dd2e36.jpg,Cercospora,1,1053,7b08c26de21a61dd2e367c44e956220d8e8f87f81fdfca66cb2233ba8cd9c1a2
cercospora/7bc7ddf955d0edd3b119.jpg,Cercospora,1,143,7bc7ddf955d0edd3b119b35f8d8cab8a3d8d3e5a9d8767db9d1d5c763bcd3581
cercospora/7c96f8018a0bd619871a.jpg,Cercospora,1,62,7c96f8018a0bd619871af78282938e5eb349600970c7c573c2d1699b24361a0e
cercospora/7d6884e68980cfd0f21d.jpg,Cercospora,1,1072,7d6884e68980cfd0f21d6ca169480b5d8f6abbf0c67a1759c5902a0b491e3214
cercospora/7d6aa0ed30e80d853629.jpg,Cercospora,1,21,7d6aa0ed30e80d85362956183711fa1d7aba20122cadf160823a859450b3d8a0
cercospora/7de6036592912065263b.jpg,Cercospora,1,149,7de6036592912065263b26129dc55ed0f940412c5e5607530d7b94ca50b15131
cercospora/7dea729cdc7348194941.jpg,Cercospora,1,109,7dea729cdc73481949419bbea31f3f3e1a93576563102be4db17eddaecac0c0c
cercospora/7e280c9b21b67c485271.jpg,Cercospora,1,81,7e280c9b21b67c4852713bb621b889252f7442cc8d325c91a52f655790298498
cercospora/7e70dbb962cc3f0b00d4.jpg,Cercospora,1,105,7e70dbb962cc3f0b00d4e9a050f4db9a1a45b67b01e4789f2a504843a35d500f
cercospora/7fc75b972b90b9258554.jpg,Cercospora,1,252,7fc75b972b90b92585540ca93118c748ab4f66648c90b9c9d35917bc9cfc88f1
cercospora/81835181273b6681afbe.jpg,Cercospora,1,998,81835181273b6681afbeaca5b87e7e288032b74ea79a03b740e72d75f8d863c4
cercospora/81a7f4cae50a4222ddde.jpg,Cercospora,1,1119,81a7f4cae50a4222ddded4f0ba5404f0c7d801653495f6c6fcf1507675322a38
cercospora/82cbc9d9e54f885e662e.jpg,Cercospora,1,1069,82cbc9d9e54f885e662e797d22c1b3bb9f9f010a860665f74eb100de53982208
cercospora/8354c5249abb3af8391c.jpg,Cercospora,1,148,8354c5249abb3af8391c361ad9eb27c114ac63c1ca2f16123a362006216ceead
cercospora/8371b00e6a652217a32c.jpg,Cercospora,1,100,8371b00e6a652217a32c519890551b1c866124954f53d184819415bd3b1bcc24
cercospora/83798603136bde6a50ba.jpg,Cercospora,1,1088,83798603136bde6a50baaff404ae0a21c279e21b5d5b022f1e1079cc0cd09235
cercospora/83db9e48dbd97f738e30.jpg,Cercospora,1,24,83db9e48dbd97f738e3069af9a0dd12bcaa2f4f5968ea25d197852a5d4b168c8
cercospora/85af038d4fa9ec0ed7d1.jpg,Cercospora,1,1052,85af038d4fa9ec0ed7d1d287af2a5cb90496caf38a614c331134bd59aa3bf4e8
cercospora/86fbe6ef23e20e6a5d17.jpg,Cercospora,1,33,86fbe6ef23e20e6a5d1724a1bbbe02e780c1f69d768ae846a2bc366146e762d1
cercospora/875af7617ba1d2907a6a.jpg,Cercospora,1,113,875af7617ba1d2907a6a3fd2dab072b7d497720327df12bd49aa2074c7e1cef5
cercospora/8979f92487c11122d656.jpg,Cercospora,1,151,8979f92487c11122d656509431dd7e01a544c4edd4161bec9ce20390bbd0d01a
cercospora/8aaeb645e9300bdd656b.jpg,Cercospora,1,977,8aaeb645e9300bdd656bc2c812e9056542993b93967fcda449a73ab29178a3e5
cercospora/8b22ca6ff8d0d243f16b.jpg,Cercospora,1,989,8b22ca6ff8d0d243f16b5818d7b1255bdf05f60b4c11f466afb2c45b3b00db93
cercospora/8d4a505f1c6c5fd92270.jpg,Cercospora,1,61,8d4a505f1c6c5fd9227098c46c867c37bd4d343535c6c8656b13b4d57cebb62f
cercospora/8f36239191afabaf5467.jpg,Cercospora,1,121,8f36239191afabaf5467d404245ed373e5596a8966b8d405d67a547c20ee274e
cercospora/90df6fce6b0fb2097f4e.jpg,Cercospora,1,204,90df6fce6b0fb2097f4e095cf65d4a09f5b5064d9f7e66e29eaa2dd10d7f8ba8
cercospora/90e4111e4b26afcc40ea.jpg,Cercospora,1,1006,90e4111e4b26afcc40ea131dd13ca70df38f31cce75414ada8944cb30886e7c7
cercospora/90ed947440a047f8694a.jpg,Cercospora,1,1047,90ed947440a047f8694a9cd5d07c544844db1ea78c3690af280ded02292ac688
cercospora/91ca3e93bede0c74c69b.jpg,Cercospora,1,191,91ca3e93bede0c74c69b6b1fa5d9c943814e3b75d8f78151b142730cc9f442d2
cercospora/9249c416e7d630348136.jpg,Cercospora,1,1029,9249c416e7d630348136c9df573665be82883bd39c6e27922ef61a67efe46cd6
cercospora/94773904a3c797d28782.jpg,Cercospora,1,173,94773904a3c797d28782aabba71926cc3dc29dc2e31c9e33138736b913f1a58e
cercospora/959890b500cbb142e549.jpg,Cercospora,1,1020,959890b500cbb142e5494c7eec9b12a11a7d56f5c1651853ffce16a0340689a0
cercospora/95e181969bccc0a46837.jpg,Cercospora,1,125,95e181969bccc0a4683791296d44033e0db5dd0d9e14e4364094aaaf5a2d1eca
cercospora/9773c3b59b3c355f581e.jpg,Cercospora,1,993,9773c3b59b3c355f581e5d99c58260d207484211511ca616bcbb3006a984fe65
cercospora/992c81819e98f5f751f3.jpg,Cercospora,1,210,992c81819e98f5f751f305fdd0cc56298f1c6c686444d2010f1c199bc1b9e02a
cercospora/995dfeb721b336664711.jpg,Cercospora,1,944,995dfeb721b33666471194859eb20ebbdc052a8293073bcc0480c43f92319d99
cercospora/999633d0f15456f213dd.jpg,Cercospora,1,965,999633d0f15456f213dd5207a059c325b88cc19bfa1d47151161d0fa84e845be
cercospora/99a883deade71bd2c797.jpg,Cercospora,1,214,99a883deade71bd2c797c2e248da83aff4a3c7a4aa30475e0896d095f62ac759
cercospora/99d9775a14221b39bb43.jpg,Cercospora,1,39,99d9775a14221b39bb4363fa6ed5d2e877aec6a3faac8f555ba36c27e621f3e9
cercospora/9a3b3216113605e90a7a.jpg,Cercospora,1,1109,9a3b3216113605e90a7a30eab3820c7e302f646d6db3ee82427cede379175c46
cercospora/9ab0ad8f3243108562e7.jpg,Cercospora,1,175,9ab0ad8f3243108562e7700ed4e2ab50baadd9a246dc299e854e354e6a1237a1
cercospora/9c4d4e3ab409ee6e762c.jpg,Cercospora,1,926,9c4d4e3ab409ee6e762c6436b5f87c279bb2c4c7812af5b5c9f46d4af8f05ffe
cercospora/9c856fbc4d2a6d67e152.jpg,Cercospora,1,140,9c856fbc4d2a6d67e152ca36f0170175b4c13608fcbc9dc1c3f7578705feb1ab
cercospora/9d5c3aee361c05410727.jpg,Cercospora,1,1045,9d5c3aee361c05410727f9fd9e20562b3e726f34e60ed7e0a3d2d72b01516133
cercospora/9f830c1db9824e483cba.jpg,Cercospora,1,1037,9f830c1db9824e483cba05c401a23baae402a6f041bf67d6a2e75c3573fbe52b
cercospora/9f939329c830265d6af6.jpg,Cercospora,1,206,9f939329c830265d6af6c5d65f52f16b8b985466c8f57844be5e069a45a625f0
cercospora/a06159e5c791ee9bfa20.jpg,Cercospora,1,164,a06159e5c791ee9bfa2077852cb478f7f629aab1798e883059604fcd417708ff
cercospora/a2302f9974faba6b602d.jpg,Cercospora,1,1094,a2302f9974faba6b602d3f10ad34cba1beb06f7b0b277c77ed6a077de005c357
cercospora/a4302bce50d5fc4c10b3.jpg,Cercospora,1,985,a4302bce50d5fc4c10b36671a540e26bcd17264d1470ca33bd29409d35ddf221
cercospora/a5f732229e2b9a2e86d3.jpg,Cercospora,1,994,a5f732229e2b9a2e86d398352fd2a59d3c87b177f54cc36d718867540b79405b
cercospora/a77ca191e597bd83ec0b.jpg,Cercospora,1,142,a77ca191e597bd83ec0bba5a9b085599bb37d75e23fe77b49cacf4c418a7a8d0
cercospora/a78282af02815cb9f355.jpg,Cercospora,1,58,a78282af02815cb9f355d288f7dc2b0b48b07ee57131cee244a9bfca30cd8467
cercospora/a9338e71561cc17a5ebd.jpg,Cercospora,1,155,a9338e71561cc17a5ebd3028f49c233535c38b42284e30bb5c27b5635f56ec7c
cercospora/ab1379a3733946c282bc.jpg,Cercospora,1,1086,ab1379a3733946c282bc876e69234795c0641613a7878cddabafb08dd53356fc
cercospora/ab7bacedfe74b91093a2.jpg,Cercospora,1,1023,ab7bacedfe74b91093a2c90d9faf3e85d8ce30a23f4f231bbbd95f9d3780a505
cercospora/ac7d452c484d86ac9efd.jpg,Cercospora,1,122,ac7d452c484d86ac9efd2ac130017492689deeb5925be19d1f9ca3862261a876
cercospora/ac9ab1315d6b3ee686b3.jpg,Cercospora,1,234,ac9ab1315d6b3ee686b333977ac6239a53ddb5f5e4a501e790a74c57449746b9
cercospora/ad9874afdc7a0c08b83b.jpg,Cercospora,1,1030,ad9874afdc7a0c08b83bc56eab4a7bdd28a7582fcde4c0ca8e3da48703309375
cercospora/adb1c670ae30318ae9cf.jpg,Cercospora,1,203,adb1c670ae30318ae9cf0c1eb31dbfe11aeb136e088218fa8abd741f0219d666
cercospora/af271e90ac375a811ded.jpg,Cercospora,1,37,af271e90ac375a811dedbcdb7d8e5fb310092b4cd5ca077144a3bde36ca7fbaa
cercospora/b161cfe14a0cfded9db8.jpg,Cercospora,1,160,b161cfe14a0cfded9db80f1f5ccd17afa7513ca30cdf929049935b87504ce2a8
cercospora/b1893e4bbddafd9bbfec.jpg,Cercospora,1,25,b1893e4bbddafd9bbfec9d6594831a3e8e8453fac7749d91be8702c220f72262
cercospora/b1fd45f6e7ad440a544f.jpg,Cercospora,1,1077,b1fd45f6e7ad440a544f0d7b691517ca9851e13a0b85a8e907afc89ff1af07b8
cercospora/b2662d67a91a1392b990.jpg,Cercospora,1,35,b2662d67a91a1392b990ea1fcf61767570a7ec34a74dafbe4622983678c98ba9
cercospora/b39780cd00767bd2328e.jpg,Cercospora,1,956,b39780cd00767bd2328e242a8847398cbd4da245870297a17a9ed53ee868648a
cercospora/b4518574fd4dc80ddd39.jpg,Cercospora,1,1041,b4518574fd4dc80ddd394356841f6240e4cf993169b7a1257ac15cc2aee66304
cercospora/b4d1068d4c3ca1500c29.jpg,Cercospora,1,157,b4d1068d4c3ca1500c29c4b55d53a2323b3f5bcb000ff5c1431668c75b1b055e
cercospora/b4f35d494265138304c4.jpg,Cercospora,1,144,b4f35d494265138304c4d68bf33f5f6519878ac0bc8e5edeac23978765ae6037
cercospora/b51c7f628e3e61ef758e.jpg,Cercospora,1,1101,b51c7f628e3e61ef758e74a037d3dcf0f800969d0e4046b08b58aad5b183dc68
cercospora/b5590d7329f321374bf5.jpg,Cercospora,1,1108,b5590d7329f321374bf56c9e1ad19a58e369c0657076ee99eb4e5c148117e029
cercospora/b7939fbf17d23c5f6b40.jpg,Cercospora,1,124,b7939fbf17d23c5f6b40a5f744d03888b10bf27aad3f66e65b0205ff2f2bc65b
cercospora/b7b94e8b2229181160d4.jpg,Cercospora,1,1096,b7b94e8b2229181160d4f930ed2761134ba930f4c708cc3ff9dc86704a60b1c0
cercospora/b7ec9ccb409897f37737.jpg,Cercospora,1,1002,b7ec9ccb409897f377378f134df1996c92090137110e15aad7f461ba56447acf
cercospora/b8f84e2d478fd5694529.jpg,Cercospora,1,32,b8f84e2d478fd56945296a32e9c7521dd7154525ead20abd63db156f59552a68
cercospora/b8fea55f77dc4c144211.jpg,Cercospora,1,87,b8fea55f77dc4c144211f3ccbd4b67233a95516cf42a22d15200bda4f48119c4
cercospora/b8ff0964a34ea09e0cd3.jpg,Cercospora,1,1116,b8ff0964a34ea09e0cd3b508acd87bd84dee419f7d856a91444d79f773d99f21
cercospora/ba58cd04a533f3de78f8.jpg,Cercospora,1,1011,ba58cd04a533f3de78f87eb1c231dfd636e308e36ab51a5b5f402ef0ff2da6dc
cercospora/ba7c7cc776990cc760c6.jpg,Cercospora,1,168,ba7c7cc776990cc760c65aa1d8dc6174b47e489dc89e00f6cfe6095d0dd67d1c
cercospora/bbdef0ba8bfb46c7399b.jpg,Cercospora,1,221,bbdef0ba8bfb46c7399b0642110a0137443a7610988f225d44b96e27a5627469
cercospora/bd10e9cdc7a5b2cec2d2.jpg,Cercospora,1,114,bd10e9cdc7a5b2cec2d28e55c75a6008bf7f7a706514ad04e862679f78e7eb51
cercospora/bd6584a129288fdf9f27.jpg,Cercospora,1,257,bd6584a129288fdf9f27c4ae45aff11709de8fc4927c6acf3c33b34220ad051e
cercospora/be61010acd535b3dff22.jpg,Cercospora,1,220,be61010acd535b3dff227010f9472028e4a833a02510066ff33a97890fd71643
cercospora/c4560d5198cca964fc72.jpg,Cercospora,1,34,c4560d5198cca964fc72f6125c9f6a82a6d97836bf117134b2f4b0d78bcbef8b
cercospora/c4b0a61f62abf509d1c3.jpg,Cercospora,1,1059,c4b0a61f62abf509d1c35aece2a6c4bed6cb7cdb5f5d6751468957ef338e191f
cercospora/c65316b6a524aac6d1d1.jpg,Cercospora,1,950,c65316b6a524aac6d1d1a5546f61631b5a9faa8e461130c8c89e61c38ee2d392
cercospora/c7d0b47beb208fe5b4d6.jpg,Cercospora,1,981,c7d0b47beb208fe5b4d60fe8c7ce1b13bd1af2c869ad02df1a6ca26c13373f31
cercospora/c7f2eb0f7379ca0062f5.jpg,Cercospora,1,19,c7f2eb0f7379ca0062f5105cdc9a4111a3d811a6ba74f2f2d67b0d57baa006bc
cercospora/c9ff71ef3c8e612735e0.jpg,Cercospora,1,1105,c9ff71ef3c8e612735e0bba922fb0f5775cb9b74e35ecee5d199849a6155588a
cercospora/ca221da08c84a3a7bcfa.jpg,Cercospora,1,156,ca221da08c84a3a7bcfa4faa5ead027f6e7d87f2315f077b3ede71292adc7e8a
cercospora/cb3511fb1bbed1af9b65.jpg,Cercospora,1,914,cb3511fb1bbed1af9b65974e65204c4e02735b58c385b26fcee769c807bd1aaf
cercospora/cca154e36a26884bc3bd.jpg,Cercospora,1,1044,cca154e36a26884bc3bd59b106c4e1b84996ffeb7ab5f7c6b209eb6d4b51937f
cercospora/cd176beed747905a2035.jpg,Cercospora,1,41,cd176beed747905a20356e64cc6bed4ca89c7372fb1009198e4c2573db0e36d2
cercospora/ce3ac9a05686083e6e5a.jpg,Cercospora,1,1064,ce3ac9a05686083e6e5affb16543418c497e2a4ccf8fb9f8b3fdbc1cd0dbbfb9
cercospora/cf39daf7ba6c7eb420ca.jpg,Cercospora,1,16,cf39daf7ba6c7eb420cac3e33f886ea789d237b37095d35b7f9bc72ee8f1f54f
cercospora/cf43e322b22bd422aa0b.jpg,Cercospora,1,1057,cf43e322b22bd422aa0b9fa2c6c84c2bbb2850f2b560f6c1f9489d83ae0ef128
cercospora/cf7d39c2002ee10574d1.jpg,Cercospora,1,969,cf7d39c2002ee10574d1fb532d273fb82b5ec0157b4a3373b9381ef32249c6a8
cercospora/cf9ee1d1267a33171291.jpg,Cercospora,1,117,cf9ee1d1267a33171291d05aef9384d3f724cdd218343bcec13b0303e8c58804
cercospora/d4b8b77a62a9adedd4b3.jpg,Cercospora,1,102,d4b8b77a62a9adedd4b3563f4b0e1927c63a3cba8ec63b21667e371107856972
cercospora/d575e2139d81a1a51b0c.jpg,Cercospora,1,922,d575e2139d81a1a51b0c71abdca46ba3f0a1e50253d3b563f258797eb14849f7
cercospora/d58596c5af392fad2691.jpg,Cercospora,1,253,d58596c5af392fad269174d5fcc5205343cf0ad67ad9cfef5f70de576f6d585f
cercospora/d5afccc973412d9cd6ae.jpg,Cercospora,1,80,d5afccc973412d9cd6ae828483ba09012e00a1ef400e37e80b7d416723b9d893
cercospora/d64322fe4f8c9a6e93ca.jpg,Cercospora,1,915,d64322fe4f8c9a6e93caf4437e47532844d1db9ae0bd61e5d981e68158e1b862
cercospora/d8b572a3079bfea8a1f0.jpg,Cercospora,1,1082,d8b572a3079bfea8a1f0238a3d339b5d1ed95b7308f46a170f57563355f1b164
cercospora/d8c11f32a82245d179b6.jpg,Cercospora,1,107,d8c11f32a82245d179b61d3881c6a915957e2a51e4b7ca3463c36585e8cfab0a
cercospora/d9c79bb528ea7e6e5124.jpg,Cercospora,1,170,d9c79bb528ea7e6e5124f87f3f1198522d0ef474624353ac5f981d6f10fdc3c5
cercospora/da4806e607c7f2641cc6.jpg,Cercospora,1,958,da4806e607c7f2641cc64b720b782d4c3ecadb9ab388837a9c2e45f239bb6971
cercospora/db83db9b163ac0e86c02.jpg,Cercospora,1,1007,db83db9b163ac0e86c02ec7cefe1e530528b5b1813fe995c51b6a7e7df7b5271
cercospora/dcb7f71b696f0fd26e30.jpg,Cercospora,1,973,dcb7f71b696f0fd26e30b392bff29601a8bfcf81952c69e88b7dd9fba21f1f1f
cercospora/dd08444ab0cd24e41873.jpg,Cercospora,1,247,dd08444ab0cd24e4187330cc83ed1e151af8858cd5b37e5bef5904e1a3247b14
cercospora/dd356a7765060557fae0.jpg,Cercospora,1,1036,dd356a7765060557fae0f5d8d833df13f6995a504590250219a43ae67b8726a0
cercospora/de17900876c47f9ff7b3.jpg,Cercospora,1,238,de17900876c47f9ff7b38e16c11545cc5afbd89d701f2d878d145d6f9ed934ac
cercospora/de99ce5af35d4250241d.jpg,Cercospora,1,40,de99ce5af35d4250241dd06a15b2e1dee30615f78fbd04de9c129277e8793a80
cercospora/e0bfd3698cba6172a2a0.jpg,Cercospora,1,47,e0bfd3698cba6172a2a02b86cd5e5b1a986c9f7d5979da9f485565b4245a04ce
cercospora/e0d7e8931fc9281d1a91.jpg,Cercospora,1,1067,e0d7e8931fc9281d1a91b3f7e43ebb7f4988784eb98a97f131a32866fb330612
cercospora/e26faf92dde6c2040419.jpg,Cercospora,1,86,e26faf92dde6c204041906c2a3f932a544daf6ac70fb3acf125d3ae61653c230
cercospora/e32ac9485dc8f076386c.jpg,Cercospora,1,1065,e32ac9485dc8f076386c2e5c58c497761103880c55a423ff2ec7c98485d5b415
cercospora/e3b010c6a398fe72b8c6.jpg,Cercospora,1,194,e3b010c6a398fe72b8c6ad7157b43a98c7a2a68f52211994efe82b654d32c9e9
cercospora/e471afb92a7dcd41f95d.jpg,Cercospora,1,934,e471afb92a7dcd41f95d3647440e38440cf11aaa986c45c72b84d31e886b1b51
cercospora/e49509cb03f20d3060e4.jpg,Cercospora,1,98,e49509cb03f20d3060e4c4c2f790d1b898e2a88eaf57894957f8ec152ca9c9ce
cercospora/e7e468798d4e3f8f0f7b.jpg,Cercospora,1,1046,e7e468798d4e3f8f0f7b32ea6102b9a73535ec230313aa1f12827664dce86139
cercospora/e8977b857dc84598b250.jpg,Cercospora,1,135,e8977b857dc84598b250e13e900b5811917ea125ed4b66c6785359ca6fc08072
cercospora/e8b6f3e04a59697a37f9.jpg,Cercospora,1,146,e8b6f3e04a59697a37f9c75b34be4f02b149544adc14ca99cd03c18b7de16961
cercospora/ead50299b43a55337556.jpg,Cercospora,1,145,ead50299b43a553375568b3b6fa5e0a1a60ea43aaa5cd8e68ae2b8dea25885f9
cercospora/ebfa73026973f4da708e.jpg,Cercospora,1,111,ebfa73026973f4da708e441e57716a76a6fbbb86e5911937653ea54932746942
cercospora/ec4a5bf206db13a49254.jpg,Cercospora,1,218,ec4a5bf206db13a4925423b93368833a32221e0c5854b8ccc38a3dd8863f95f8
cercospora/ecc27ae7dff368ca9b25.jpg,Cercospora,1,185,ecc27ae7dff368ca9b25fffb270450640ac40bfa994e3f0ec3d51cdf7f7908cc
cercospora/ecd4c74cccec86c2af71.jpg,Cercospora,1,991,ecd4c74cccec86c2af7132bcfeda25abfb04c24a1c1cd6d74ffc68015fa006dc
cercospora/ed13fbb53bd48516c689.jpg,Cercospora,1,101,ed13fbb53bd48516c68915c2cab445cb4ddb03fba247eab269f99a0836bba216
cercospora/ed1e9d4034659712e1f6.jpg,Cercospora,1,52,ed1e9d4034659712e1f6b14ec4d0815e50d010b77d7a634e866db7ec4d17b1ba
cercospora/ed7784cef4f71383a54b.jpg,Cercospora,1,175,ed7784cef4f71383a54b2d01797a5f689bcd6d2a5a598ae75cab6fc899523cdf
cercospora/eeb22553a60340d5f5a2.jpg,Cercospora,1,258,eeb22553a60340d5f5a24286b9db3825607f78bf8d377093c1e9ab5016f26d7d
cercospora/f0a67742840116cea4b5.jpg,Cercospora,1,64,f0a67742840116cea4b51863466b3eae429af8e48f3d0099ed9e5d34752a1c68
cercospora/f23223a91f037659e1af.jpg,Cercospora,1,199,f23223a91f037659e1af1d08cf0a0521d7f562e6eda89d29be8cef70e251c9c3
cercospora/f2b741c3358ce5c64385.jpg,Cercospora,1,7,f2b741c3358ce5c643853cdc49d7cbe1343147793e9a5df2572bb5680db185da
cercospora/f2ca72d53847c33373f4.jpg,Cercospora,1,945,f2ca72d53847c33373f4056684c74dfb177918bbc990b8778dde2c7017b0dce9
cercospora/f491083a64b799d9de97.jpg,Cercospora,1,133,f491083a64b799d9de9727d5002dae468e8cc64cba6f47beb20f91d4efe9d756
cercospora/f60e7bc81b0d6d8e861e.jpg,Cercospora,1,103,f60e7bc81b0d6d8e861e3de1eed5b524b627a9371c3680ef42b412265b299a49
cercospora/f73df4a54e0008d29c56.jpg,Cercospora,1,21,f73df4a54e0008d29c56f0607524cb8d715e67d741470f0d323488116ef82747
cercospora/f7c434b91b59e965dc72.jpg,Cercospora,1,1090,f7c434b91b59e965dc7297a5b374c2cb02d65c486c5546b00be4444c76c93fea
cercospora/f7c4b93068d497da1920.jpg,Cercospora,1,935,f7c4b93068d497da1920ee2c17360be758b00dba070fa2ee553343ea6556d81a
cercospora/f7ca3221e4cab200217e.jpg,Cercospora,1,174,f7ca3221e4cab200217e6918b4fe2ec17340f8b023ce92bb0ca8327985b2f158
cercospora/f7cd1277710ccdca52d6.jpg,Cercospora,1,1022,f7cd1277710ccdca52d6c50cf041ceea405262aba486555a339ff71de8216a3a
cercospora/f93e6a2a5f18b4be42c7.jpg,Cercospora,1,243,f93e6a2a5f18b4be42c743bb82990e08a2c32be376f87c9b6cbb2a55fc016adb
cercospora/fae900189476be073945.jpg,Cercospora,1,1019,fae900189476be073945d9c49d889a9cdf33e18787991de195915b4ca24e8496
cercospora/fb423ed354667c9fa5ca.jpg,Cercospora,1,1014,fb423ed354667c9fa5cad50c21747f597ba749e23c440a67a833aba2f866c294
cercospora/fbeaf775939c0027306b.jpg,Cercospora,1,132,fbeaf775939c0027306b7642458757b9dc4033a2f7855336e2ff7ee011ddea4d
cercospora/fc112024a08d5f978061.jpg,Cercospora,1,112,fc112024a08d5f9780617d953030d16e83a3f29d3bce808cc68ab0c73c80f443
cercospora/fc425f0b7af1c85f6950.jpg,Cercospora,1,248,fc425f0b7af1c85f695088695cd731f223dd5bae60389279648f7a5b3516f3f2
cercospora/fdb39e37e66837c0600d.jpg,Cercospora,1,162,fdb39e37e66837c0600d98d3ec0128f3e621e262cfa8c2430412ce84d16f5e46
cercospora/ff5d6e0f5f5c4f3d84f3.jpg,Cercospora,1,117,ff5d6e0f5f5c4f3d84f3eb7958e1633872697a04f56b40eb0d2ac552928878dd
healthy/0196376f610b2e53c83c.jpg,Healthy,0,343,0196376f610b2e53c83c762c3d4ad9ed67c8515137b76acaf008f7f428c00c3f
healthy/03645265ddc4a221288d.jpg,Healthy,0,304,03645265ddc4a221288defbc51500b7048f9d6df7155fd31009103c6f8966a4a
healthy/04285233e699aae33457.jpg,Healthy,0,471,04285233e699aae334577e88c8e77ef486eaf58d6db10c14287f5da100c9ab8c
healthy/05713119e1845d27fec7.jpg,Healthy,0,1206,05713119e1845d27fec70d533d2a01bb4b1ecd5863fce195f6d53c963c9681be
healthy/071da600303a65fcb15e.jpg,Healthy,0,1127,071da600303a65fcb15e5782d3f0cb2855cabd09b6ce337a268b8100bce33e4c
healthy/074f76dc77ed6c2ec37e.jpg,Healthy,0,285,074f76dc77ed6c2ec37e47d765d611c094a1efd59f1e27ab48bc27eb320c2f37
healthy/07bf6fb7a73b75788403.jpg,Healthy,0,1250,07bf6fb7a73b75788403e0fec99719394c2015e1233637230e9b49cd5c2ae78d
healthy/07da86c90c4812629ab3.jpg,Healthy,0,1223,07da86c90c4812629ab3b1be3e0f995ed96caf88868fde54acc8dc8f81c1581b
healthy/07ef289f2272176e1c6e.jpg,Healthy,0,1127,07ef289f2272176e1c6ea369e00303cfaaae38aaa54d36d8e5f12ae7b5791872
healthy/07fdb41ed19371ff41a6.jpg,Healthy,0,1149,07fdb41ed19371ff41a66eafb222871602073d4c9e8dbd6ef05510731af667f8
healthy/080d838ecd0df94907db.jpg,Healthy,0,508,080d838ecd0df94907db86f7f59bc07a34709202648d3038f8c89b0e39bf554d
healthy/084befea26bc8da808d5.jpg,Healthy,0,522,084befea26bc8da808d5a31acdc9caf657b3909fc70eaf0108b11d892c492c8f
healthy/0a4623592034601c6cf8.jpg,Healthy,0,1259,0a4623592034601c6cf877e4aeb49707784f93b6cc120960840687ee3a72ef50
healthy/0a7f272b47afb93a6c6c.jpg,Healthy,0,1189,0a7f272b47afb93a6c6c9b56b6334bc64c9479f54589b67c2744ce540e48341b
healthy/0ce2f207009b5f0fd288.jpg,Healthy,0,480,0ce2f207009b5f0fd28811ba36c63b6cd962bd43b8ddffe592f9dbd38b5cf60b
healthy/0e99d17e0e93d37a9fa1.jpg,Healthy,0,439,0e99d17e0e93d37a9fa1f346d87841056ff2dedc47ca01c597ce801e7dd7400f
healthy/0ec3497ed5992ac1938f.jpg,Healthy,0,1296,0ec3497ed5992ac1938fcca452a8293a797ee1991762924d9b07be7d8242ba5d
healthy/0f76725566b68264ee4b.jpg,Healthy,0,1271,0f76725566b68264ee4b94f1d1347422d732fd7b3691ef2315ee65a67c0fb925
healthy/10a2bc26f66b2e55154c.jpg,Healthy,0,1127,10a2bc26f66b2e55154c6f1bf5b3a243739053ad94a0d7f80d34ef7ce3e21d63
healthy/10b9b1e57f727b6f7559.jpg,Healthy,0,283,10b9b1e57f727b6f75590b10ae9b7557715e111fcf42a500237fb52a469c2636
healthy/1107438c2f39ad9f877c.jpg,Healthy,0,324,1107438c2f39ad9f877c4d552994aa3836a74431c5d066e2affe94073d6081fe
healthy/114bc8443eb5d3321ccc.jpg,Healthy,0,1127,114bc8443eb5d3321ccc9a779db974d1433391b517bee444263a0e6a9cdec777
healthy/115c54605f6bd8a37300.jpg,Healthy,0,1127,115c54605f6bd8a3730091f43601a44861c6125016d61b9e97db60ec85da0b62
healthy/126f58db79460a298edd.jpg,Healthy,0,1148,126f58db79460a298edd2bb5628521548c63def4fb3b9e0e9891a05e263a07e6
healthy/1497fae80281899754ba.jpg,Healthy,0,289,1497fae80281899754ba635d32e87f2a375e4ea96a3d4e796f0b1ac38107c101
healthy/1570191cc0ac5bf49ca4.jpg,Healthy,0,1157,1570191cc0ac5bf49ca47de3a14106c45f026455dfb696b7b3be882ac1d0e25a
healthy/159eea8f85a8d861eea9.jpg,Healthy,0,535,159eea8f85a8d861eea9e4c9a7f075f67fa8e5eba6f21fec47913d950eb5b0bd
healthy/16f31e713f5a8355e214.jpg,Healthy,0,1127,16f31e713f5a8355e2148922b86ec5c75bb18b794ae58952963b2c542f7113c9
healthy/178276d174a99bf7d8d4.jpg,Healthy,0,1127,178276d174a99bf7d8d49987c0d62a8f6e9078145dab1493da0d72afc7404d1e
healthy/17cb1c75bcac5f0bfc8b.jpg,Healthy,0,395,17cb1c75bcac5f0bfc8ba54b404ac923355f9ea7a9dfa639e876572f58db0070
healthy/17da3af595bd31b1f9d6.jpg,Healthy,0,1185,17da3af595bd31b1f9d60b3c5c0535202e330f3f5c1d97e986ecaed89a4e91df
healthy/1a80d0a2ee810cf6e882.jpg,Healthy,0,381,1a80d0a2ee810cf6e882778e695ad1fa4f53eb2610415108345b92761f6ecff0
healthy/1a8b1adc21609566e712.jpg,Healthy,0,1260,1a8b1adc21609566e7128c7b6ee44bc5056cedaac2836318eeb028cd8fe3dbd1
healthy/1b560ea4101a12391eb1.jpg,Healthy,0,387,1b560ea4101a12391eb1317577f40fd0a41d7752b899c42dc3b4d3a25cda146a
healthy/1d62540e7047664a2470.jpg,Healthy,0,1135,1d62540e7047664a2470e95441c6b739a7014656e5a3fda09fe30cb0b819f90f
healthy/1d6d8a635c45c13a0303.jpg,Healthy,0,310,1d6d8a635c45c13a03033c0c75c8c30b3a8c9cbd6676f0933a0341215c2e643c
healthy/1dfdde2e3677dd3186e8.jpg,Healthy,0,1172,1dfdde2e3677dd3186e886d8e0f9a3bcc3aeada98cbbe31aff392a8f5cab1472
healthy/1f01a78807e9a94c0894.jpg,Healthy,0,380,1f01a78807e9a94c089435cd5a49d54bd530b4e48afee33285167d712c198fae
healthy/1f713d52c9df67861fd1.jpg,Healthy,0,1143,1f713d52c9df67861fd161b294499c647084567b29b3e0e10e42895cdcbe3349
healthy/205956aa0443b02b5bbb.jpg,Healthy,0,1146,205956aa0443b02b5bbb48d215c26bd39cf322772044e5fe94e38d2ea151c342
healthy/2348daa915b547399ffc.jpg,Healthy,0,314,2348daa915b547399ffc7594545e4caa28ea045c5eadef6926e45954cdfc2a58
healthy/239a0aae3bcad2af14eb.jpg,Healthy,0,1129,239a0aae3bcad2af14eb8d47749c6b85fa87652617931c8371974a9e72378b51
healthy/23a590c950b1669b78c7.jpg,Healthy,0,1161,23a590c950b1669b78c739f8a42cbb706acf1b6d0a7cbaf012356080987fc16e
healthy/24232565fc87f3267fa1.jpg,Healthy,0,320,24232565fc87f3267fa1b096ff8c90008dfe3b46cdb1b52e8cd77afc5eb96026
healthy/245fefd0e1630e24d269.jpg,Healthy,0,524,245fefd0e1630e24d2699d93b0ce1365e3815cdeb534071cf6f873fd28e10bdc
healthy/25b771f203586d628647.jpg,Healthy,0,1127,25b771f203586d628647eaf8771b6eed6b72042792930bf81a89b8f1dff9e1c1
healthy/260b16dd45b09c92181a.jpg,Healthy,0,1127,260b16dd45b09c92181a449146c515761f169058f0d75d7b581d2b7e795b6252
healthy/260b35c5ca20ace2b960.jpg,Healthy,0,462,260b35c5ca20ace2b96072ff47d1b241a69d076510be901c8963b3965d6f2552
healthy/26517116fbe7f9db2b81.jpg,Healthy,0,453,26517116fbe7f9db2b81c25a8ded9aa869410ba5fc644629324d4f0b4b59452a
healthy/270b73317c6b3f59d641.jpg,Healthy,0,1185,270b73317c6b3f59d6415e3e598b5845e8449452289dea566e3be18d4dcbc5f3
healthy/273db4245705df404b32.jpg,Healthy,0,1305,273db4245705df404b32c68fbd04025bd2704aa08aadccf0086ac902aa533ef3
healthy/284200d55b742eb73939.jpg,Healthy,0,1302,284200d55b742eb739392510a9097f173ab042372519c7deefa5a352faa11e7a
healthy/285b96edf451efa6fcab.jpg,Healthy,0,1222,285b96edf451efa6fcab568936e47bea60b9c2967b690ac2f5a1cc86002b2ff3
healthy/296f6c72705959955656.jpg,Healthy,0,1157,296f6c72705959955656cead49edbc499fb9c737b7f57975363606d47f6c93b5
healthy/29bdba291313d14334c9.jpg,Healthy,0,354,29bdba291313d14334c92e0e0c7dd2bbee69669d92c4267648703ec44da022d4
healthy/2b1b93e5af2179e92ee0.jpg,Healthy,0,1127,2b1b93e5af2179e92ee0b7dc37d0b3af8b7a8d73b728cc4b6edcebd78784285e
healthy/2b2d399adfa3f9c20595.jpg,Healthy,0,368,2b2d399adfa3f9c205953bce584e56e247d56602893259240d25cd6645144814
healthy/2b3540d1b170e0dd11b8.jpg,Healthy,0,1127,2b3540d1b170e0dd11b804b8137c429360ec4a2d30c54e219f7489358074c3da
healthy/2b446cb2f83e4c1992e3.jpg,Healthy,0,1160,2b446cb2f83e4c1992e31dedab13a72068c3735c3faab872aead6103627da0ff
healthy/2b70e54eae3fa4caa34f.jpg,Healthy,0,1168,2b70e54eae3fa4caa34ff4b887494283e626eb64e86c6b10e046d1b056ed81b1
healthy/2bd8bd215f3c0c71b5ae.jpg,Healthy,0,1236,2bd8bd215f3c0c71b5ae7e0bf91d7e6a3202b9eae0723f31407f1b1e911e4a02
healthy/2c7e3ce79c678e6b187e.jpg,Healthy,0,1136,2c7e3ce79c678e6b187ed0cab8d2b8ce9e5197db5b6aa25520f41873d69eb812
healthy/2ca7dbe48ec6d948477b.jpg,Healthy,0,1264,2ca7dbe48ec6d948477bf737ec3596d85950d1c89152d9365de0cdca3e2985ac
healthy/2d7e490aef067a8f2db8.jpg,Healthy,0,533,2d7e490aef067a8f2db88335d2487e55fccf77d800cf8a343cc0db591ace4dce
healthy/2f4833d6a9a3d22cd8c3.jpg,Healthy,0,1211,2f4833d6a9a3d22cd8c3ffbdbc0f2940d3ce386c4398e8814dc49b5e904439a0
healthy/303551b96aa69bddb95e.jpg,Healthy,0,416,303551b96aa69bddb95e0a3c35ae38365219858d005f43e1b62266c4fe3482c6
healthy/308425c494c74fea4c69.jpg,Healthy,0,1226,308425c494c74fea4c6905d9e89f2ff2b305aa75081229b8781b909ca85069f3
healthy/3206d726251712c45f73.jpg,Healthy,0,284,3206d726251712c45f73495c0c1d02fa7ea41fbf49dbf9fd2c8e241aa1050cda
healthy/342f90b546d56cddcb03.jpg,Healthy,0,1180,342f90b546d56cddcb039fb31656e5dd8f15183552bf5bc8562c457092991fef
healthy/3493e0a49003e23a4f98.jpg,Healthy,0,1152,3493e0a49003e23a4f98704ca8822755c586b618f0d2fad95ffae95333c5e48b
healthy/354665427d440bd97b6b.jpg,Healthy,0,435,354665427d440bd97b6ba71c4986e45e10a15fd74fb75709201313b69697e0db
healthy/364865efc263df0b0684.jpg,Healthy,0,400,364865efc263df0b068434a2c38757b88e539ea831f2c5769c9055168b387475
healthy/3744be35541a9f2b4ae8.jpg,Healthy,0,382,3744be35541a9f2b4ae88fbf92929a9999e045b3ebe4a17476fed67ce1196c41
healthy/375f25f21a647f0d38cb.jpg,Healthy,0,1285,375f25f21a647f0d38cb3856c5a708aff086e968806734ab59b0f95b71b9e560
healthy/3762b7d3133f82e04ced.jpg,Healthy,0,534,3762b7d3133f82e04ced8295452fd703b41a0ef51c2dbb1829e963690151d02c
healthy/3808de66f351a97d55a0.jpg,Healthy,0,523,3808de66f351a97d55a040fd8ffdaf41127d5c1a05dce03ab75ea4238b3c59c4
healthy/38560b24b5b20063476a.jpg,Healthy,0,1183,38560b24b5b20063476a4b483e17d6adb85b11c897f3a5771c3711f0cb83a775
healthy/388ad9419d3feae5a290.jpg,Healthy,0,350,388ad9419d3feae5a290304689110d7ed35bebe189a5b6cbe4fb7decccb68a61
healthy/3a41cc2b6a29ab69759e.jpg,Healthy,0,1180,3a41cc2b6a29ab69759e70e96dc4a514e16301849847b226f502315a299fa375
healthy/3bc0a61cc2b6f536179c.jpg,Healthy,0,344,3bc0a61cc2b6f536179c97580784f5bf1830e66ba07025398f4dbb501478e217
healthy/3c68df6612f9f707ba97.jpg,Healthy,0,1231,3c68df6612f9f707ba97a943111e164d498e07a319e041ecf10d4bb18222350f
healthy/3cb7cae818768b758a9d.jpg,Healthy,0,1183,3cb7cae818768b758a9d2910b3a97bef72753417b7d1a0e72905948a9fd1a300
healthy/3d4a085b4f7e5d0bc885.jpg,Healthy,0,360,3d4a085b4f7e5d0bc885831db63adae83e2adf1e3599b5dcd3b1baef1cb4a893
healthy/3d9b878a81d2e71e8cf5.jpg,Healthy,0,438,3d9b878a81d2e71e8cf51dbee7cea11baa42e4876766f4aa0d2600abeb7179f7
healthy/404a1454f0932c1d6e14.jpg,Healthy,0,531,404a1454f0932c1d6e147c7fa87ea1147eda6f0d1e316514e94d084ea774e3fd
healthy/4052d6d92cdc43438b1b.jpg,Healthy,0,1164,4052d6d92cdc43438b1b640543faf042e36ad30aa9baee1eb8bf9db1d896df5e
healthy/408ec85e61c4e98eee9a.jpg,Healthy,0,370,408ec85e61c4e98eee9a44d172289578b74cffca36951455f71f12cfe4186e39
healthy/409472bb90444160fb9b.jpg,Healthy,0,441,409472bb90444160fb9b901a8ab07b08b3e655c2f0bab9d595b61feaf0c5569a
healthy/41a43e1ea9c5ed6be9f5.jpg,Healthy,0,313,41a43e1ea9c5ed6be9f57a3445d3a7fc876c87334486a57fad4d14f003a42064
healthy/42001613e843e5b9ea89.jpg,Healthy,0,1136,42001613e843e5b9ea898e0834599d66965250dc70b64686a2859a87d9da2059
healthy/428f94eec2b31ba9a589.jpg,Healthy,0,325,428f94eec2b31ba9a5899e82c1bb3224c2e0db8f0b31a4b567d4e9e8f9f153ec
healthy/43032a8144d5120c3f6b.jpg,Healthy,0,1204,43032a8144d5120c3f6b33d410a1ba8d5ce74106af50f15560952d67366d0110
healthy/431263342e22271bc8ed.jpg,Healthy,0,1269,431263342e22271bc8ed67d8d26b816238de81a1d8eb272ad750803e86d3d859
healthy/43325442564513a4b6d3.jpg,Healthy,0,1281,43325442564513a4b6d3862ab71f85ff81188947bd569c6d2cb84a02ab9c262c
healthy/434a4d0576565b996ee2.jpg,Healthy,0,1199,434a4d0576565b996ee288f3eeca8c4096431463371fc958f0ff581579525e3c
healthy/4385020ac99aa7b7ad4e.jpg,Healthy,0,1183,4385020ac99aa7b7ad4e70241325148a16eff5c339bb0d327f6e428ea8781ead
healthy/43d3b132cacbb033aca7.jpg,Healthy,0,1227,43d3b132cacbb033aca7de5b72ccc5a6f61d8c06043b058c5b81a09626994ded
healthy/45b842a8ed6825a176d2.jpg,Healthy,0,486,45b842a8ed6825a176d2517503d019d7229d6e14509f74cf5d7466b1e3438b87
healthy/46390b3572f28cc9e11f.jpg,Healthy,0,1127,46390b3572f28cc9e11fa515723690002c4be63a288a9251bfa0e57602418fec
healthy/47129847662026c1b8cc.jpg,Healthy,0,1149,47129847662026c1b8ccbb1dd0699ef90bb23734b45e25bf2611e1dd059712b2
healthy/47f97c3d7ab59b2ebc12.jpg,Healthy,0,1172,47f97c3d7ab59b2ebc128433d8f29a53264d88e0984ad2cd73074c260c9ed076
healthy/49a10728afe165702d91.jpg,Healthy,0,308,49a10728afe165702d916322e9ee60be0e4f9dd64c0c56024565570330762b78
healthy/4ac69877f8f23fdddde3.jpg,Healthy,0,543,4ac69877f8f23fdddde30e19a7111af74df67820c109ed1933fae2f243d352da
healthy/4ac8411afc9fc0a88aff.jpg,Healthy,0,1157,4ac8411afc9fc0a88affc07952f32278abf6da88e168c527ae641a6e514160bc
healthy/4b31a485b3d5c5d20d9b.jpg,Healthy,0,444,4b31a485b3d5c5d20d9be7c2c58f65c52d2723ef7485ede8f34a8b1b02d1ab07
healthy/4b561787d9888ee194ef.jpg,Healthy,0,1147,4b561787d9888ee194ef095fe8607970cb238d58ebeb6bc2768fcb9e5bcbd40f
healthy/4bb746fe7c66ceab9e19.jpg,Healthy,0,1237,4bb746fe7c66ceab9e19c8014a363068bd0fc1ae07b1bfa89d148e883ba9e0b3
healthy/4c05c9ebc04eb49fadbd.jpg,Healthy,0,1135,4c05c9ebc04eb49fadbd30bbda9b20c0390a602d5d3f5990e385c20a43a88125
healthy/4c4bcd9c04d09a469171.jpg,Healthy,0,1127,4c4bcd9c04d09a469171066586cdff64a76ace40d63dfcff98923cb0f29ec1cf
healthy/4c59fd37e64bdc0eba8e.jpg,Healthy,0,1255,4c59fd37e64bdc0eba8e089ce7c48b657a27767633a18c5b411df7f16b0b1f89
healthy/4ca52e8a56b9d660a7dd.jpg,Healthy,0,532,4ca52e8a56b9d660a7dd7095d7088526129d21e8b84623e6e76afcd52063fdcd
healthy/4eb8f866a9bc70ce8990.jpg,Healthy,0,1149,4eb8f866a9bc70ce899073a5484d81780ea632c31b948d2117733d2785f2389b
healthy/4f53c665bfd77fef9cf6.jpg,Healthy,0,1127,4f53c665bfd77fef9cf6f6d61f25af21b265c960ba53698b45c1e46eef0c6bbb
healthy/4f57bebdcde742e69930.jpg,Healthy,0,342,4f57bebdcde742e699305913f3cfc8e7a3b9fc018bd6243a98fa834134f43302
healthy/4f647565e232dbcebed2.jpg,Healthy,0,466,4f647565e232dbcebed2c5ca53ca06acbea0e34981bf9e37b30be84907ae66f2
healthy/508497215113e17e76c9.jpg,Healthy,0,1143,508497215113e17e76c96ced039c14ac1f8150bdfe45c9ae6cd95a26da926fe5
healthy/526897eb0fd7224a545f.jpg,Healthy,0,492,526897eb0fd7224a545f351d00e3f1f583a81b993ae171045db0eb53f3191539
healthy/52c702a0c3330842bc3b.jpg,Healthy,0,1225,52c702a0c3330842bc3bfda59d861c843c469c57003360a63d2e6611a1d048d5
healthy/52d8aff114a952d2ee42.jpg,Healthy,0,1172,52d8aff114a952d2ee42cce4bb859ee7d359624c1fc8e6628b0047e603c712ca
healthy/52e169efee0f6c20e6d6.jpg,Healthy,0,1258,52e169efee0f6c20e6d6a8029664ba5600ce2463c9af00f4d0ed98f4ae109f0f
healthy/53408c4b6ca6dc3c6194.jpg,Healthy,0,404,53408c4b6ca6dc3c619442339e94112dfc197ab46621d666e62e336be2ecd584
healthy/54b9e0d17fceada9b678.jpg,Healthy,0,1127,54b9e0d17fceada9b678cb0524149f293b7c7e847ae4ce3b45b267fe0735208f
healthy/54daf0b00dd793faf3d8.jpg,Healthy,0,1143,54daf0b00dd793faf3d80fe76e8cd7a589e1ca3e86f74a0d6055ff34455ca33f
healthy/55be2b403a59adbf7328.jpg,Healthy,0,1213,55be2b403a59adbf732858bbaca8b6511bbd3b14cb84ea7016acf4534da6d735
healthy/56607e2b553f9264319b.jpg,Healthy,0,1221,56607e2b553f9264319ba1639adcc266dea592dae4cd5e1d906fd3d0aaa6d82f
healthy/578e52eae64068386bb6.jpg,Healthy,0,432,578e52eae64068386bb6fd84e14b926c2f7719ac8916119c653878babfa78db9
healthy/581311074bc24c4ca488.jpg,Healthy,0,1153,581311074bc24c4ca48828e8b568f8eff5493d48ca7b670b7992eaf70c798612
healthy/58657e51ea1dd82a708b.jpg,Healthy,0,503,58657e51ea1dd82a708bada95a7fe115714689b8739e3d201bb818d717566e0e
healthy/58a332745f8c5dc6eaad.jpg,Healthy,0,1147,58a332745f8c5dc6eaad06d0286a843e6821ef673f9fd666c008df28c1f83334
healthy/591fa51d8fe3e501a9eb.jpg,Healthy,0,545,591fa51d8fe3e501a9ebc8b5f0445a720e4db272a6afbc973acbaf6326fbc381
healthy/5930c818f31de650cc93.jpg,Healthy,0,1177,5930c818f31de650cc938af4ae575baabd0f466c8e86bd792dc868e93a1e8170
healthy/59a7e46accdbd8c51b85.jpg,Healthy,0,1179,59a7e46accdbd8c51b8539115b5a9562c8efe785018d2ca853bbf2994661b1b4
healthy/59ed9a6f8b8cbc336b96.jpg,Healthy,0,1129,59ed9a6f8b8cbc336b96cc87ce311228a0c3f78d80f7e0748d8bdab55e6d070b
healthy/5a8479dac714821a38f6.jpg,Healthy,0,1207,5a8479dac714821a38f63d1520e05e0c49bebd9c707b821a4ce8108a21323192
healthy/5b025a33a89b23c140b8.jpg,Healthy,0,1202,5b025a33a89b23c140b82f60e2e530d08539316590a98f46ee3ad0a6640c173d
healthy/5ba80f66f9e65b70d0ed.jpg,Healthy,0,1153,5ba80f66f9e65b70d0ed0db720ef6e77f9a33e04385179868aac5093534a73c2
healthy/5cb235f10e1c1e49a211.jpg,Healthy,0,1186,5cb235f10e1c1e49a211f66804aa1397f5805707d45d3e261fc65431aa32421f
healthy/5cef718ee14b48eab81f.jpg,Healthy,0,433,5cef718ee14b48eab81f37abd4ad82730c387e7a27d8c9d8710bf1afe87c62d9
healthy/5d9155644431e4b57713.jpg,Healthy,0,1160,5d9155644431e4b57713abffb369006b0e1d4e6f8f720b79d9d31228e296d604
healthy/5f79b3243510dc28867f.jpg,Healthy,0,1141,5f79b3243510dc28867f9245dc8494e5d17bd79ae74385ddf2eb83d6decfeddc
healthy/60ac48769f4385141a61.jpg,Healthy,0,529,60ac48769f4385141a61b652ac90dacf963558595b01eab7d16fcb74c1e8014e
healthy/60ba78bae00131026475.jpg,Healthy,0,1185,60ba78bae00131026475fcd00a7617ede14772eda75340a14d32b9e9d0e42f86
healthy/60db136788d1bf01723a.jpg,Healthy,0,294,60db136788d1bf01723a73fc3f414710f736fac30aa35f73cdef57a2f4578efa
healthy/60f8d1752145ce97e58b.jpg,Healthy,0,476,60f8d1752145ce97e58b3a150fedd086d251c55e80279802f687ccfac38dda72
healthy/6137222008620c9bd92d.jpg,Healthy,0,389,6137222008620c9bd92d334202a1128ec729e99e11b5b0004824bcd53a236364
healthy/61fd632ba42a6e29e5ee.jpg,Healthy,0,1249,61fd632ba42a6e29e5eedfa68676ab8265991f04a3b5fe3643c25d3e394d9b63
healthy/6341d4c76e2a008961cf.jpg,Healthy,0,452,6341d4c76e2a008961cfc6e3cec6503b47fba299ca2f8f5b866602e9ee698780
healthy/63fbdf84c4ee567598c2.jpg,Healthy,0,1133,63fbdf84c4ee567598c205e6b7492fc4538e2408770c8bc355fdbf448184f09b
healthy/6430cb38cc3ae3ba636b.jpg,Healthy,0,1147,6430cb38cc3ae3ba636b69b8c0e31d58fb5bd85f887638a2db4f88ecf69bfce0
healthy/653c199d1c1462426af2.jpg,Healthy,0,1299,653c199d1c1462426af2e1d469bf579f2201d27a783715e43a97016cab9ac2b6
healthy/65c0940564f34025f2d6.jpg,Healthy,0,1228,65c0940564f34025f2d6ffb4cf666f661299b14116107c5fed35e6273f60492e
healthy/6683c2357a25ceed1c5c.jpg,Healthy,0,1267,6683c2357a25ceed1c5c3d6d1831252cfb2d1810541904eb069ec9d891152731
healthy/669388fbab7d323b3b95.jpg,Healthy,0,1273,669388fbab7d323b3b958a73eb608f5e42913ab5327d26a773113d1cf1a91bf0
healthy/6707bc43ec3c3d38942e.jpg,Healthy,0,509,6707bc43ec3c3d38942e5f674bc3aa709b2e43e70f995f7ddd488c2bcec60b28
healthy/684ea6a1c9af70fa1bf4.jpg,Healthy,0,338,684ea6a1c9af70fa1bf46ae27cf0e06a73be26b70028a5195fbfefcc54866106
healthy/6924aa0ccc9ea2456c3a.jpg,Healthy,0,1129,6924aa0ccc9ea2456c3aee282345eae73a15355cba7327eafb8c106d72abdc59
healthy/69c85588d096b7acc819.jpg,Healthy,0,1127,69c85588d096b7acc8192f1debb83cd82a76001708c59643cf6be644bfa7cfe7
healthy/6bc724ff3629800ec49e.jpg,Healthy,0,1150,6bc724ff3629800ec49e58c6e372e95435190c30b6ce809539c7bfb766d4dd9b
healthy/6c4b7a2f0e407bc5c4e8.jpg,Healthy,0,1233,6c4b7a2f0e407bc5c4e8b1a0f3b4f359ca79c784f50dc353c89e5054b8172407
healthy/6cdf485aeb108bb1f9ed.jpg,Healthy,0,1268,6cdf485aeb108bb1f9edb6549b1e03260b850698fd668525c5025e6ec649afc6
healthy/6cef59034994702e2487.jpg,Healthy,0,1172,6cef59034994702e248761b5f229195008b3a5dd9abf8833e420eaa65feb961e
healthy/6dcf8dcb86ab8eefc241.jpg,Healthy,0,443,6dcf8dcb86ab8eefc2410ec9b97506851a308374dd5730d78525bf32dece0422
healthy/6e0e019f446fac96564f.jpg,Healthy,0,322,6e0e019f446fac96564f86c5ff0c35d85f30e206815e384841054e744df6b0fb
healthy/6e59e5d53729b6daa166.jpg,Healthy,0,1150,6e59e5d53729b6daa1660c1cfa0e669292730e15cf58fdad7cbaa636a51c1605
healthy/6f4b5777f7a755c78127.jpg,Healthy,0,1161,6f4b5777f7a755c78127756f0a8a769fa6b47d2f2122cd5788fee9d3e3925a46
healthy/70947b816cba7fdc3282.jpg,Healthy,0,1148,70947b816cba7fdc328237da253a0485b9bf0bdf6b511dc7c426f3f314b7cf4c
healthy/709bd061d0c4684e604f.jpg,Healthy,0,1122,709bd061d0c4684e604f3826ab3a2d31d7fe44d551da8f34ec0c09e1a77901bd
healthy/70c17f14e86a490c0c76.jpg,Healthy,0,1128,70c17f14e86a490c0c7686c5c1e5dd3c6491cebfd71d144f7349c5a734469d1b
healthy/71858d855387ad57e3ef.jpg,Healthy,0,1177,71858d855387ad57e3ef707d41578c31afd56a7dfe9ca057da99276546532c62
healthy/727f731d016c94e85396.jpg,Healthy,0,1186,727f731d016c94e85396ce5b31f1ed3a4419681dfc0aab7a3314001ebb97aac3
healthy/7284bc7a397b3c1e340b.jpg,Healthy,0,1187,7284bc7a397b3c1e340b090b8d275daccabef42df3a18d0d9cc7c77a75616458
healthy/73dd2f4822f37da698a3.jpg,Healthy,0,301,73dd2f4822f37da698a30abc4f85541af4c8088f5c3aa5b79186d5ed2e30500d
healthy/74d52a0adb9977fe2cfb.jpg,Healthy,0,1164,74d52a0adb9977fe2cfb5bdac224535f9dcf60ccdf4d469e08d0ecaf46c991da
healthy/75b10dcc0f885891d938.jpg,Healthy,0,319,75b10dcc0f885891d938893ae92b7fa4b2b57352bcf814dbd69006e5b9e39dbd
healthy/765185217e59d1262bf2.jpg,Healthy,0,1125,765185217e59d1262bf288a2316d83c5d76a7d7e54c37bdd31f59e9590470ba3
healthy/766f7ba1f9fe9acf64a8.jpg,Healthy,0,1127,766f7ba1f9fe9acf64a8f95d473725147d99ca3517b22e7142da1293c86bf81c
healthy/7714cbe9eb8c1b6e617c.jpg,Healthy,0,417,7714cbe9eb8c1b6e617c15a0c21b32f9710627148a26813631e7d6180194961a
healthy/773de842dd4243c16420.jpg,Healthy,0,1179,773de842dd4243c16420b6e95bbb85f82ddb1a1899f96b1b95ea66b538e3e393
healthy/77a6917ed62b63ec33b5.jpg,Healthy,0,1253,77a6917ed62b63ec33b58ab9870aa3230b09cc26b785ee9bec5d7124a13831be
healthy/77bf6f1439fdfc0db9d2.jpg,Healthy,0,419,77bf6f1439fdfc0db9d2a4ff1752a7bf3c64b5ba666f84411673b758b5936e9b
healthy/780937789265fc2d70c7.jpg,Healthy,0,426,780937789265fc2d70c73c16c0dd41313c0f14a3c9097f12a16f8f677840bb23
healthy/790efe5adcfc3307f77e.jpg,Healthy,0,1144,790efe5adcfc3307f77e99793193746d77c02bc35cebf640a147e9ca14d8a9bf
healthy/796e184f0d65a094732c.jpg,Healthy,0,1200,796e184f0d65a094732c05d0889beebf921debc00fd728a7fc9907ebdf842b48
healthy/79e13ba7fca2195f2192.jpg,Healthy,0,491,79e13ba7fca2195f219258743a1d02e05c614ef5ed2615e38b7117fd31838ed7
healthy/7ad555dcea0d2bbcea2d.jpg,Healthy,0,372,7ad555dcea0d2bbcea2dbcf3ee4b55aa2f581e40c5f5d5884175c263fd105640
healthy/7ae857b9322761d22679.jpg,Healthy,0,336,7ae857b9322761d22679d01badeb803b57aeea359498ae557cf24f6e5a25f4d8
healthy/7af81fe5b8da7141b148.jpg,Healthy,0,468,7af81fe5b8da7141b148b33f241804f28933088ee2f33b42867022e593cadbf8
healthy/7b191ae619f8b298806c.jpg,Healthy,0,1133,7b191ae619f8b298806c7e2b7aaa879cb744a2bb4524ec7719c16541bad937f9
healthy/7b55e44663a127808a97.jpg,Healthy,0,1144,7b55e44663a127808a97d6cea813c8e57566e0a8799f3cf7dae369a25e6e31a2
healthy/7c97bbfb4c324a149846.jpg,Healthy,0,1180,7c97bbfb4c324a1498464a0a2aaa8241de787cfd5f9671c9994f0b2e74ac76ec
healthy/7d80775954ad99a6772d.jpg,Healthy,0,309,7d80775954ad99a6772df8c3f5a5354947eae90498288f78125d6dac1249da52
healthy/7dcda3a00bcd0030bb4c.jpg,Healthy,0,1136,7dcda3a00bcd0030bb4c57ef13f8aa0a04e1e168ce36be3f57dd577ce29ee36c
healthy/7dda727c27faf499221d.jpg,Healthy,0,1127,7dda727c27faf499221d6e68d0c41f5cc31faaa5c4d3da8fe21aaca39e8141be
healthy/7e8e847762233387dcb3.jpg,Healthy,0,530,7e8e847762233387dcb37faf9e6665deee6431bbe0c017ec75104af69c50312b
healthy/7ef5b9b31eb1803a3489.jpg,Healthy,0,1125,7ef5b9b31eb1803a34896a5076c8256f3205b3874840d89e8b2e848862962097
healthy/7f5214659e13d3f90556.jpg,Healthy,0,1151,7f5214659e13d3f9055604579575c500aedc0076546ed4bd4d7d034676472257
healthy/7fefdd279f3756ff3319.jpg,Healthy,0,1186,7fefdd279f3756ff33195f3d21b450003d1018841652251c8043d826eda4e32c
healthy/81976d00d552386b3360.jpg,Healthy,0,1122,81976d00d552386b3360de84381db07c752e51494b09ae9161d734efbc34a608
healthy/819adc743222abd71d41.jpg,Healthy,0,1127,819adc743222abd71d41c117cff48de513be5daf637dfba71384774be84c229a
healthy/8620b6a3d8e1ae863bcd.jpg,Healthy,0,496,8620b6a3d8e1ae863bcddaadc1ddb0050c439cea58498fa326caaa66c7a60335
healthy/86343b68ec44acde72db.jpg,Healthy,0,1161,86343b68ec44acde72dbf0db5bd2e37d816b12e133a3e8cff40db354b5b9efca
healthy/87568cfd968892882280.jpg,Healthy,0,288,87568cfd9688928822804ed13fb79fe51c7e3e2094490ff62837846c0c23abfc
healthy/885e543ca9855c22bacb.jpg,Healthy,0,1283,885e543ca9855c22bacbf3f2a1c59e26011b3a09cd073a633252d02df2f0ea44
healthy/887f6d9897ab937383e0.jpg,Healthy,0,1300,887f6d9897ab937383e0a856736eede31e97442b6196f1c2401bead6381c06ea
healthy/891a5a29af36e20dfe96.jpg,Healthy,0,1127,891a5a29af36e20dfe96035c3ad1d152151bd0df4b80341fe88abbf414ccbcf5
healthy/89a3db7ffb4ef16d6ca9.jpg,Healthy,0,1180,89a3db7ffb4ef16d6ca9776ce3a9a9e198d4fdbaad047b3137ff51edf7f52e78
healthy/8afa604e2f6932683f63.jpg,Healthy,0,352,8afa604e2f6932683f63472aabaa5f5e943d41089134fbfcefd149a5119e4f24
healthy/8b20c612893f51959fa4.jpg,Healthy,0,448,8b20c612893f51959fa491fa4fdcc77cd43f32083aae092c3afe63bc4b73593f
healthy/8b652585b80d5e19d060.jpg,Healthy,0,1133,8b652585b80d5e19d060e2e6778fb67be2a1427e500aebe012f645b4e4711583
healthy/8bcc8298cf46afb168cb.jpg,Healthy,0,410,8bcc8298cf46afb168cbb638470602bd3a89ed08b74745ff2178796b74100555
healthy/8bd2eea6860c9572c719.jpg,Healthy,0,392,8bd2eea6860c9572c71920d75c6aa0c0e4bf200729788cf56a63e84dec065ad5
healthy/8c4554044e26fb1a36f3.jpg,Healthy,0,1290,8c4554044e26fb1a36f3b731c582fba6a830185846fe779469f3ab7bc293051a
healthy/8c73e61a6ced341e04aa.jpg,Healthy,0,1127,8c73e61a6ced341e04aa8c973a23bd4ca9e89baeb8d8d2777b6a2baa847d7a82
healthy/8c7e2d2aa7649e90c3b8.jpg,Healthy,0,275,8c7e2d2aa7649e90c3b85e44df01631d8b1a7fec5a2f1b34da96031e7bed2cbd
healthy/8ca75b7b34a84fe668fb.jpg,Healthy,0,1127,8ca75b7b34a84fe668fb4641429bf52674a41890f8534690dd553f21426f0d06
healthy/8d0a3158899b4d158216.jpg,Healthy,0,1208,8d0a3158899b4d1582165793b7c8869bf1dc40de4d1be4ad716c060a75eee066
healthy/8d7e207edf52e87c6bcd.jpg,Healthy,0,403,8d7e207edf52e87c6bcddf7ad90c82b9f0346e1fe318c1b64e38152b4f774500
healthy/8d84df97637ba16b41a4.jpg,Healthy,0,1133,8d84df97637ba16b41a45e241ee8b7fb927d6fc9b6454dd9412bc66fb5a0fbdb
healthy/8da55a0bdbecf2342d85.jpg,Healthy,0,414,8da55a0bdbecf2342d8520bc3029909178e76fe152c8797ee96231cdebafe397
healthy/8db829eb64b3c02d5d7a.jpg,Healthy,0,334,8db829eb64b3c02d5d7ae77f26c34f3f055a7df23fae3f08b918e68c1dcb09a4
healthy/8dd03ccbdfb785ce158c.jpg,Healthy,0,1220,8dd03ccbdfb785ce158cb0a8acfef078f985c55e57268cdbe67fbf868978cacd
healthy/8f2aa7db4b62b96b7887.jpg,Healthy,0,1168,8f2aa7db4b62b96b7887fd6fb17a65709005e0c793a248c6f5e7af3c2e22aa59
healthy/8f75f42ddf53462cd845.jpg,Healthy,0,286,8f75f42ddf53462cd845fb443afead07edf4c2dbab301ae06101a58643e4a81d
healthy/913e4c1d0a0b1bcf57cd.jpg,Healthy,0,473,913e4c1d0a0b1bcf57cdab36d104e4535ad6d1bf878afc3c435dc5e22ad91c39
healthy/923988a795b759d8d8d2.jpg,Healthy,0,1257,923988a795b759d8d8d225d80cbe915f45131058072dd7384831877c66314f41
healthy/932206944fce5dc1bf91.jpg,Healthy,0,1209,932206944fce5dc1bf91384529cc1994a5ad04e79f178839426350fdf35cf16c
healthy/93b3823508c2999d6879.jpg,Healthy,0,374,93b3823508c2999d687953dc9658e7e073a69600f2a638d46904206cd5824f65
healthy/93d5056bd070e7c596f6.jpg,Healthy,0,1127,93d5056bd070e7c596f63d2f91d7fc2f0342d193c39336b89dff0af929fdfef5
healthy/943053b7f594ed394fee.jpg,Healthy,0,516,943053b7f594ed394feedc9970851042debbd07c0191901c6ec9adc4595577dd
healthy/9510c12bfefcdc55ef30.jpg,Healthy,0,356,9510c12bfefcdc55ef30bbc01e92ae6c088cdb4e9234f74d20d58eda8f65e7fd
healthy/95d5e00605b294161a1c.jpg,Healthy,0,1168,95d5e00605b294161a1c011a1e27ce5ec5dd2b131dc319ae74850dcc8fa85627
healthy/9629a0327b7ce0660420.jpg,Healthy,0,1295,9629a0327b7ce06604205335c91382c80e22d21a144360707d37c3235da4c4f5
healthy/9634e560574cce63339a.jpg,Healthy,0,512,9634e560574cce63339a91066a5610ed6e3719f443a9b7e0d6a843f04b4f22e6
healthy/9655dd70b25af8f1ba5f.jpg,Healthy,0,1187,9655dd70b25af8f1ba5f546651e9eba59ff4aafa915f45188d15691352709d04
healthy/96c64aec1d81da08c5c8.jpg,Healthy,0,306,96c64aec1d81da08c5c89389e60783b93d89d339e7067759d8117f6d57db79a9
healthy/9780ca3ea66e535c6ee1.jpg,Healthy,0,1216,9780ca3ea66e535c6ee136503b48e7edcb9ba70397b4b54deb2e112183d041e5
healthy/97924fde814268feda0c.jpg,Healthy,0,519,97924fde814268feda0c1d8e124ed6bcd4c828b97bf6f5db74d0ce78751952c7
healthy/9836cedbf41f24e61a6d.jpg,Healthy,0,1272,9836cedbf41f24e61a6d7a66c664c50dcd9c023fe5e877f995ee590380bec307
healthy/983ab6f123a3a14779a5.jpg,Healthy,0,1127,983ab6f123a3a14779a5f53229f8f8fa70b40060ac8192c746e7dfd4ce598eee
healthy/989a808d4ea205c969b7.jpg,Healthy,0,1160,989a808d4ea205c969b7b2933fd85587b05f6d98cda1731fa8924a98a88cee68
healthy/9a5c773fb572451ae341.jpg,Healthy,0,1127,9a5c773fb572451ae3415501b142fd0d09a1ef9f8562e0edd379a77128ef21e3
healthy/9a7de017604075fb015c.jpg,Healthy,0,317,9a7de017604075fb015c8e7f20b9de53611b93f8ad95c15dee806b3ad03ecb1f
healthy/9b48cd011d0fc9818e8a.jpg,Healthy,0,366,9b48cd011d0fc9818e8a8c55a9fb920444ce47b45cf24250758a2ab87dcc7c58
healthy/9ca56933ffc6d92a8137.jpg,Healthy,0,377,9ca56933ffc6d92a813796178a9fc44b76071f1fe85132339aac4d333afcc3d9
healthy/9d0524176bd0bd789459.jpg,Healthy,0,494,9d0524176bd0bd7894595f7d76a369601e990a0f08f9721e06581978b0fc013f
healthy/9e291c282cef596c5c14.jpg,Healthy,0,447,9e291c282cef596c5c149f4ae0ceac143e0a2bcb76d95d9b26304f59cb097b76
healthy/9ed2168351722e834a3f.jpg,Healthy,0,483,9ed2168351722e834a3fe056f9201ebfd5f502ffe19fcbbef0628d8a596f45fd
healthy/a042ecdf1d638d916e3c.jpg,Healthy,0,397,a042ecdf1d638d916e3c57ec67126284d6e26858075cc02771fcf375cc3170ff
healthy/a07174715bffda73e0b9.jpg,Healthy,0,1301,a07174715bffda73e0b9727bcddd9b79e31aadd93a32a18b6712e910d48ec5c6
healthy/a1d090e7938f03732a2c.jpg,Healthy,0,1132,a1d090e7938f03732a2c01c6888c9166d8dd688137d33304425e052b656d158d
healthy/a271cdc8c61a9bcc0bbf.jpg,Healthy,0,1241,a271cdc8c61a9bcc0bbf764d19116ff9e84c64e8fe66ebdb4e9cb10fe6cd0e93
healthy/a2bea91c574a0e380edc.jpg,Healthy,0,362,a2bea91c574a0e380edceedf14120a7cc10d4b853244dd529b558041b55fed47
healthy/a3a0ea43e7917ad4c84c.jpg,Healthy,0,1287,a3a0ea43e7917ad4c84c138766c5e99d5c7f72a8ccd5c0dd35c251819355b32b
healthy/a3b652b335ec79a2e1ef.jpg,Healthy,0,396,a3b652b335ec79a2e1efee0cffad597f0b1cd968173ffadaddc6e47fa5726d1a
healthy/a43c1bb8d8f629cd906e.jpg,Healthy,0,1190,a43c1bb8d8f629cd906e25a3b71d7682b77976c31784594340702c4bf304aeb5
healthy/a4acae520d98790fc69e.jpg,Healthy,0,1193,a4acae520d98790fc69eaa43f1ac4c81a478937ea7c4fc9fc330fc85a0d6b748
healthy/a4afd4d221361a9bdedf.jpg,Healthy,0,330,a4afd4d221361a9bdedf94e8361519bebb9236ea22dc0c542d0ad3a548fdaad2
healthy/a664cd2c8d8178496099.jpg,Healthy,0,1186,a664cd2c8d81784960993cab57acab039b8867b33e7594ba06f72a55a17169ba
healthy/a6839017788d194452b8.jpg,Healthy,0,335,a6839017788d194452b8bb0dbce73ef7e8a240894a3ba4e597b50d09ec204bae
healthy/a6adc77587016f0e4cd7.jpg,Healthy,0,1146,a6adc77587016f0e4cd78dcb9b963d2a6c7dfcd4c6831a7976d4cb916af25d8a
healthy/a7950d9ee298b926aadb.jpg,Healthy,0,1247,a7950d9ee298b926aadbeea97833b941480c01a13c9ac09cbc48f4e19cbad52c
healthy/a7e4c350c662aff45390.jpg,Healthy,0,354,a7e4c350c662aff453905db0542b4f98246912289f62b8de81dae1b40f2a38f3
healthy/a89cc896b574832999db.jpg,Healthy,0,398,a89cc896b574832999db71a52544216472cc450f032e7df2286d5425b92a9a1b
healthy/a8da2c5ee9ab6b3b4ef2.jpg,Healthy,0,1151,a8da2c5ee9ab6b3b4ef2182bd17327d5e7b5943d4e4f614a868b65a3f22a6958
healthy/a9897bb1163885fc8a8b.jpg,Healthy,0,1125,a9897bb1163885fc8a8be0d3db4d33db3fbfed967eb1f1f0d1da83f94b83bd5f
healthy/aa385c3a7f50e032f641.jpg,Healthy,0,1295,aa385c3a7f50e032f641257931c6f2b882b99241d24ac8c32d78d668112722ff
healthy/aa8490a82cb7d3fa1da5.jpg,Healthy,0,293,aa8490a82cb7d3fa1da54ed4fd05523fcec1ef7893be55493868e6eb6282b49f
healthy/aacad2b8bbe32c66af8d.jpg,Healthy,0,1141,aacad2b8bbe32c66af8d79cbd8ed730c27051b41b676692f86ade38ea12e8773
healthy/aad4a506580bfba00b4e.jpg,Healthy,0,1152,aad4a506580bfba00b4e004931e811179e421379bca274ab3885b51af5a27a92
healthy/aae1468378d926c69f72.jpg,Healthy,0,1152,aae1468378d926c69f723eced5c4baa3768c64871a9c8e1372c2c3d1abc9335c
healthy/abeeb6adbcc299a15db0.jpg,Healthy,0,1165,abeeb6adbcc299a15db076e5ec60b1f427d7ad5167c7af741ef38c2fd1bd6b74
healthy/acbb7f02a9015955ec40.jpg,Healthy,0,475,acbb7f02a9015955ec4091d3e1a0033d9d82c96516b7aea59713c429f1118f0a
healthy/ace38debca05dbda3ebf.jpg,Healthy,0,1184,ace38debca05dbda3ebf0700f51e998bdd80af492b277b38ba63c0eb2d909b58
healthy/ad846ce370746b4da596.jpg,Healthy,0,1165,ad846ce370746b4da5968e47ff4062a456f18e344eb62149ab48401e790f3072
healthy/af2b9e47e6f09d0cf7da.jpg,Healthy,0,1229,af2b9e47e6f09d0cf7daddd9e94a23835834a10f7231bfa29619e9925d56cd53
healthy/afa62bfa992265315c8c.jpg,Healthy,0,393,afa62bfa992265315c8c6e7b72e044c6205698edd1a64b54a7880ad6045a9b6d
healthy/afe1d02c8436f1be9726.jpg,Healthy,0,413,afe1d02c8436f1be9726059095527fd9626de024f9b2899f3d32039eab478bc6
healthy/b05f7843359e653db4e2.jpg,Healthy,0,1135,b05f7843359e653db4e273c0246d5bb16051acacfad45a56187c5ee8ec29d223
healthy/b0dfa1f231be6c8a96fb.jpg,Healthy,0,1175,b0dfa1f231be6c8a96fbe50ffb8c1fc8c3db31c8ab0395ef5f2c38353d53daa0
healthy/b19332ceb9bc3e4850d7.jpg,Healthy,0,1151,b19332ceb9bc3e4850d7c743cadbd2f3c1e521f67790a930b132af0881f31821
healthy/b1d3e7081c9233a7942d.jpg,Healthy,0,366,b1d3e7081c9233a7942d84e8cdc4e19008b9d177be3dc8217e9bf952763a8e94
healthy/b27ab06c4f1c17098dc0.jpg,Healthy,0,455,b27ab06c4f1c17098dc06ed4d8947519e3dbe282fe4482cb63c7c564e56e7e4c
healthy/b28b20b86098fa3e51cb.jpg,Healthy,0,1150,b28b20b86098fa3e51cb2a7c973f541716e641e9d2048041fdafb376ddba7076
healthy/b299c84b4ab507c7fadf.jpg,Healthy,0,1184,b299c84b4ab507c7fadf51b9d403c77d3cffc7be5b7a4e124679820034166289
healthy/b3d226c5a46f0263cb91.jpg,Healthy,0,1163,b3d226c5a46f0263cb91addc0991aafe17a9afee543a420db953093a276d323f
healthy/b4e248b8a9ed9d252be1.jpg,Healthy,0,521,b4e248b8a9ed9d252be1e2ac0d4cefc84853a642afa2970643bdc2094108a972
healthy/b4efc0083aa67a12ff72.jpg,Healthy,0,1141,b4efc0083aa67a12ff72acc65b9028369a1ffd7550e1d9d5d5c5257344c2ea08
healthy/b55d8ea970b57ea2e14d.jpg,Healthy,0,469,b55d8ea970b57ea2e14da696d9ff6861c47f37344bc1e41dcd41212291038f30
healthy/b576ecc3e71be1effc6d.jpg,Healthy,0,326,b576ecc3e71be1effc6d12698f77f1a64f53affa5a33fa15e2cdc44e0cdac2c9
healthy/b6852d14f171ab67412a.jpg,Healthy,0,379,b6852d14f171ab67412af0a4070bf6f340bf5106e8243cff0e40a613ba536e76
healthy/b7134c3a7260b04becd3.jpg,Healthy,0,1160,b7134c3a7260b04becd3fdeec4a7f509bc41e6a092db1c0cb60808b9a0d460be
healthy/b8f02ba2d191843e5230.jpg,Healthy,0,1132,b8f02ba2d191843e52308a8ef8d385511fccefa148e11b3e7ee08bf9c1a937c6
healthy/b9fb15f699231779db5b.jpg,Healthy,0,1127,b9fb15f699231779db5b4a01535c421d608c3da0a2a78c9cdea1f732af34c1f3
healthy/bb52f7241628b4911b9b.jpg,Healthy,0,1179,bb52f7241628b4911b9beb483a6d367b3c449a7a5bf5101bd818a0c873eb5d12
healthy/bca01d134d8bb4a91916.jpg,Healthy,0,402,bca01d134d8bb4a91916f5d282e0adb9e4db36655137aa63eb760194d5d2c0ce
healthy/bda97b66a7a7299d79df.jpg,Healthy,0,1148,bda97b66a7a7299d79df20450298c6b1bf4fa1295e58619794705b93c3763cc5
healthy/be4bb32613d998f47d25.jpg,Healthy,0,394,be4bb32613d998f47d2571d880284788b9b368a6715a266d35dca14bd85f8d16
healthy/be92e0bfb92bb6bb83e7.jpg,Healthy,0,1149,be92e0bfb92bb6bb83e7ebbb67f3c041e05bad53586539ddb17d6079b1fd0376
healthy/bee9d86ac50732fb44fc.jpg,Healthy,0,472,bee9d86ac50732fb44fcce75d4fac9531eb6e6d235353896c48376fa1b81b743
healthy/bef65f824e293414f196.jpg,Healthy,0,540,bef65f824e293414f1965780875090e63a2d7e8085d67e32fc30d2f4738500dc
healthy/befb574efe6e065d936f.jpg,Healthy,0,1282,befb574efe6e065d936f106834619852cda649dec74540369178407be976ee2c
healthy/bf35609b143ac6c50b44.jpg,Healthy,0,1183,bf35609b143ac6c50b448c6188e2743a6f3df5b119cd914547477d7d3ca225bc
healthy/bfaed8ed149af8845fb9.jpg,Healthy,0,1239,bfaed8ed149af8845fb957820d8736b658e64a9a73a5519b795f8d0ca2271894
healthy/c143993913e520fc1358.jpg,Healthy,0,1291,c143993913e520fc135895159b313e677ea678a4f1daeab08b2bbbbacbfbda71
healthy/c15d671cffa96df7b2b7.jpg,Healthy,0,1136,c15d671cffa96df7b2b7104c97031289670f8de00b560ddf43695b290eaebc56
healthy/c1bd909e5f337f6aaa3d.jpg,Healthy,0,1286,c1bd909e5f337f6aaa3dfb992011ed94e15fb35de6b6854727f05b36fff4b941
healthy/c28cb1d239ec21a54438.jpg,Healthy,0,1175,c28cb1d239ec21a5443865d6ed986c8bb6a6b8013aa95c30fd1bd3dafd4371e5
healthy/c2fdb9388107eeb32486.jpg,Healthy,0,1132,c2fdb9388107eeb32486afc5638248e72fa40cda0b9a95a73f25ae6d466fe0f8
healthy/c3728ce5066802b1e12a.jpg,Healthy,0,1127,c3728ce5066802b1e12ae48fbfffaac1b7ee54b8d1e9484e16670692a2469f1e
healthy/c3a78be26540e6bad2d9.jpg,Healthy,0,1127,c3a78be26540e6bad2d9295bb3a1991d4425d84ce821495cf31c97bf8adb3f4e
healthy/c3b9be2d7474428e629c.jpg,Healthy,0,1244,c3b9be2d7474428e629cdba77896436f0f02bbfda62e2f5603dee9a85171b94b
healthy/c4331c728be131961d36.jpg,Healthy,0,1242,c4331c728be131961d3690d32518d6fe21b8debd7bfaa56b0a8a143cf6b448be
healthy/c5125ac3786f6c979036.jpg,Healthy,0,303,c5125ac3786f6c979036114cdd1079078e4cbf74c41f72e9b60a2301df5b6bca
healthy/c53a4784423395b71157.jpg,Healthy,0,1187,c53a4784423395b7115756c4b0cd77df969652e9703097e97a43e07955b147f4
healthy/c56179f852e760859356.jpg,Healthy,0,1143,c56179f852e76085935604e5c62e6226ee14bec79284747409bc122139a1236f
healthy/c5eeade5cf64de893d29.jpg,Healthy,0,1127,c5eeade5cf64de893d291eb0d99491827cb9f4562daf7b00f56d006bb661abec
healthy/c5f89cff4fab6cc0982b.jpg,Healthy,0,1184,c5f89cff4fab6cc0982b2039737c089175f98a54ef24de95cafd0ff801c2e206
healthy/c6434c438b63eaf6305a.jpg,Healthy,0,1298,c6434c438b63eaf6305a603dd78e2b98d648bf1e9ff73d28f7c1699bf86e3d1d
healthy/c65f104f053589e0b412.jpg,Healthy,0,1165,c65f104f053589e0b4129e05a5c4e350d34122d7505a7f0fa7fbd46388559835
healthy/c661a8c02973b1f288a8.jpg,Healthy,0,442,c661a8c02973b1f288a8ba53e7c1c84c9a2c7d037b04b8a3fd2c33999e7a74da
healthy/c6bde5b6e7ff1bfcd048.jpg,Healthy,0,305,c6bde5b6e7ff1bfcd0480417e8a146fc1ce1b1adaee6f2b38899434c3748d506
healthy/c78c150d41b4d3aad4ca.jpg,Healthy,0,1141,c78c150d41b4d3aad4cacd94192a298a9738c5961163c2ade7edce789653032f
healthy/c7ac2f35684546955f9f.jpg,Healthy,0,1135,c7ac2f35684546955f9f223677bc621605bfe5cbf1ee1d2e7651c9a4f8588a90
healthy/c8e3dcdf6fa1e9ef8823.jpg,Healthy,0,359,c8e3dcdf6fa1e9ef8823571be5beb5e449f637bb8a03de8649d598822d58de1a
healthy/c9c1b66be37f8bb8ec35.jpg,Healthy,0,1148,c9c1b66be37f8bb8ec3526fdbf1ecb24337ee12d0cf4a768f2500e8fc79e7d44
healthy/ca393faf17c8de028923.jpg,Healthy,0,1185,ca393faf17c8de028923df919bb034c73b8a58247354a8b73603beda8fd9bc35
healthy/ca9ed199ed13f08cebe5.jpg,Healthy,0,1191,ca9ed199ed13f08cebe579e29e45254d8a34e8c59195ac5595e3cd17ae921b98
healthy/cba9f28a18a1225dd10e.jpg,Healthy,0,345,cba9f28a18a1225dd10e7b2a56d9cac6cfb3c04c22b70724e9157f0a9886b150
healthy/cc35bf7fc6091b482b58.jpg,Healthy,0,274,cc35bf7fc6091b482b58ce88854bb683f34b20bb1f2ec9bd1c7b292680ba9339
healthy/cc87865ed965bcfb8edd.jpg,Healthy,0,295,cc87865ed965bcfb8edd33f66e22bbdfb0817724c448f54c760e4ffb3b966a9b
healthy/cccbe830e8a54270a2b9.jpg,Healthy,0,291,cccbe830e8a54270a2b9ceef1267ef3ed1116de1ecf8b7a199c8511dab1dad2a
healthy/ce6a5f6125357096712c.jpg,Healthy,0,1122,ce6a5f6125357096712cb97b73eda50c63956769ca96d0524b98e61a78b084ed
healthy/cf4570f690a2b1ffb5c2.jpg,Healthy,0,1144,cf4570f690a2b1ffb5c2765754e32f183a244e13925545da903bda308553cde9
healthy/cfcf4b805c5dc72b2faf.jpg,Healthy,0,1201,cfcf4b805c5dc72b2faf228903428ed994e3d00004ba758f5d4a5a87180eaa03
healthy/cffabbd094ca411d9ec5.jpg,Healthy,0,536,cffabbd094ca411d9ec5295de26933ea602acabc2eacf3d292d7e7858e3fb004
healthy/d0621aae9a3accc36a24.jpg,Healthy,0,436,d0621aae9a3accc36a248a1de12be72f170b5b8d4bd975c5161962de6d9329b6
healthy/d1a477f4aa489e9a687b.jpg,Healthy,0,1144,d1a477f4aa489e9a687b592cc109ef640d3e31886f3b0dd05b7741e5a292faa5
healthy/d22df78f068b541e5bc2.jpg,Healthy,0,440,d22df78f068b541e5bc295129d2cc3c8398d19cb2154123efe6abaae64df4513
healthy/d2b00b67d4c38e527264.jpg,Healthy,0,1153,d2b00b67d4c38e527264566d7dc6fa703cd616d1d3544d718fd06b7de64d55fb
healthy/d2b2aeb0369d938526eb.jpg,Healthy,0,1187,d2b2aeb0369d938526ebfc8d1d0bd70e2543ced5930228cf55d3914715a9ca9e
healthy/d3026d7736993009c023.jpg,Healthy,0,1165,d3026d7736993009c02370c9c8af6e16980cbc6b33d6df481d4bc99781005eaf
healthy/d34ab2b7488ac9cf4075.jpg,Healthy,0,1184,d34ab2b7488ac9cf40755319c455ce599e255c37798074ddf707dcc1c86091a9
healthy/d38c571cd878ae5de3f6.jpg,Healthy,0,341,d38c571cd878ae5de3f66cdfda7f4811797b807f1fa3663e850ddbec41890c0e
healthy/d438211603ec6fecb4d7.jpg,Healthy,0,1177,d438211603ec6fecb4d7dafdcd109b3c160c0f7239ec48b8f9ce117cb2617e00
healthy/d55a7c9f26b4d1b03892.jpg,Healthy,0,287,d55a7c9f26b4d1b03892ee37993323020775183ce47560a62179bdea49b606e1
healthy/d6715473ee23dd338280.jpg,Healthy,0,517,d6715473ee23dd3382803d7c887e779e6bb046988872883b3aeec2dafd420289
healthy/d7bdff78816dfb35e905.jpg,Healthy,0,1159,d7bdff78816dfb35e9050a541071866e67b5800a092876f5609fd1cc9e12d434
healthy/d7ef8e9ddb29be3396bd.jpg,Healthy,0,493,d7ef8e9ddb29be3396bde2b18ffcb7be8f1a0d28b880157caa83566c6bebf659
healthy/d84b547c4fb36e86f757.jpg,Healthy,0,1168,d84b547c4fb36e86f7573c1f2774fa09c3a636863cb63508ef919fa76836a326
healthy/d850f6078e790ea9499b.jpg,Healthy,0,1188,d850f6078e790ea9499b8d6b5ad9ebf8e25236d70b84574593317b8fe2165625
healthy/d9e3c4cb8b423f2e9a36.jpg,Healthy,0,1232,d9e3c4cb8b423f2e9a36d56b6cadbcadc6fb27982a6a2a8167bf3dc28f082f8b
healthy/db5bf8cba80f3ed29188.jpg,Healthy,0,1150,db5bf8cba80f3ed29188f1adec075f4a442832fd71dc66f19520e0b18b3f62ad
healthy/db73af881a7c69281784.jpg,Healthy,0,422,db73af881a7c6928178436dc9e15da46fe5ca4f1c90e6aa2c8ab330b89ed6506
healthy/dbebdc36deee2b8e25b0.jpg,Healthy,0,1175,dbebdc36deee2b8e25b0f9d023943fa2184dcbd01b90966dcd2e3b3c87380e14
healthy/dc8268f24b60a3b28eb3.jpg,Healthy,0,478,dc8268f24b60a3b28eb3ff79b7531fb6b7cbcc008d5b6c335885e61f355b62b3
healthy/dd0dcce809bae14d1a72.jpg,Healthy,0,1159,dd0dcce809bae14d1a72f801345cbe57827ccfa71590e595dca54aac8d526af0
healthy/ddbf7916a1181428d6ad.jpg,Healthy,0,1122,ddbf7916a1181428d6adc24f3537690298f443e17bd6420dec58724625d5ad3c
healthy/ddca60a564d05270ac14.jpg,Healthy,0,424,ddca60a564d05270ac14ee1dfceae6a94753c14a5f2949f142042985d2d6df34
healthy/de43c3fd7084c080d3b4.jpg,Healthy,0,1146,de43c3fd7084c080d3b41bcad07980fc8fa8b7d263096c6616fb9bbb923a5372
healthy/de92ed12349baf076fc4.jpg,Healthy,0,1177,de92ed12349baf076fc421760ff712aec879e958934035d78782e6ea01735a01
healthy/ded3c0ba8666156d0444.jpg,Healthy,0,1197,ded3c0ba8666156d0444c227eaf12dbedb558f64c78024f190ef11f5bce4f110
healthy/deef68aace4d2bc2683d.jpg,Healthy,0,340,deef68aace4d2bc2683da66d747179119feade2fbce3779d4ecd906940d2f60a
healthy/df0695b3cb105623a313.jpg,Healthy,0,495,df0695b3cb105623a313fe26049d6cae5d320cac5c2360fb4fe8ddc817db3cd1
healthy/dfa0daaf970e7a30cd95.jpg,Healthy,0,487,dfa0daaf970e7a30cd95f7ba53677eee87d5ecf87864f92bf59e096236861ee3
healthy/dfec647682054f5149f5.jpg,Healthy,0,434,dfec647682054f5149f5a785659191145cb6b9eca907fc24b1e1faf2dfc8b579
healthy/e046ec84142f1f73d274.jpg,Healthy,0,450,e046ec84142f1f73d274b4af1ec1b68611f73932ea52e10828bf19cd35825b88
healthy/e0bd7866d3e788260cfd.jpg,Healthy,0,479,e0bd7866d3e788260cfd67b871096a1340129841c7e920b8bfbd19f60ae8b8d4
healthy/e0fb400d8fe6634a6f60.jpg,Healthy,0,1152,e0fb400d8fe6634a6f602238b532b336c25c1b636db78b8c948d43816021c614
healthy/e2003679869e2d8fd6e6.jpg,Healthy,0,1164,e2003679869e2d8fd6e6c13b02bbc5aba1986c52204acab2b29dd5dd636d8bfe
healthy/e2dc0bc55859b7153286.jpg,Healthy,0,1159,e2dc0bc55859b71532862ff9d4af4ed04121dceeb879c6e21b0bb3225780cc69
healthy/e37a2df1b5d510b8f013.jpg,Healthy,0,1294,e37a2df1b5d510b8f0131bec5df49a7e33ea75c87cc67b6264a57ac73d45c0c8
healthy/e48e984822165137acf0.jpg,Healthy,0,1147,e48e984822165137acf0b91724ad0b14eb1305d7268d0d147f76cffc8c08bc73
healthy/e4f20ec8d198e9082a0e.jpg,Healthy,0,346,e4f20ec8d198e9082a0e6693bc1c23018754d56fd31231d8297ad3638b4fdf80
healthy/e68b15472c02351eec48.jpg,Healthy,0,499,e68b15472c02351eec485c172ed8d7faf7a8a9104422a74d96fe587a0d61a4ce
healthy/e6a93c67cbdf229af0e1.jpg,Healthy,0,328,e6a93c67cbdf229af0e1f456cb8d7ba90238f9d209dfaa7544ed7dc7692b1490
healthy/e6c85f1964f3f3d8c664.jpg,Healthy,0,1161,e6c85f1964f3f3d8c664a011d23fd1622ccc902f72bd42de4bf0a79eba79729d
healthy/eaf21040b9b1b925510a.jpg,Healthy,0,378,eaf21040b9b1b925510abc4c4e4c4bfbce170763a3bd3c247e94326ac9e7b8ee
healthy/eb2877c8e3ef430d4ab4.jpg,Healthy,0,1153,eb2877c8e3ef430d4ab46ce7fa6016e987f1d55e1f0fd10bf1af2ff8ad219884
healthy/eb419f0b757a5b777992.jpg,Healthy,0,1163,eb419f0b757a5b777992ce4f15411d91b35eb051125387f78d9b20e090c3fdba
healthy/ec6335142fd0b4326507.jpg,Healthy,0,1127,ec6335142fd0b4326507af4fcabb9a296c5cf1078e8bada78310fc03db3f1ad8
healthy/ecd070280872242786fd.jpg,Healthy,0,1157,ecd070280872242786fd4b58d564df1b2efe1dfad0f6f7dbd47e75bb35e9df7f
healthy/ecfe25cba6ad3e979724.jpg,Healthy,0,1146,ecfe25cba6ad3e9797244ff5480730c34f0895b1d94628657075dba873018a04
healthy/ed44775e6d4f1980df7e.jpg,Healthy,0,427,ed44775e6d4f1980df7e2034f3322f6a593cff1b64091b870b373ec8c8b1c118
healthy/ee3666f991a0590026a3.jpg,Healthy,0,1159,ee3666f991a0590026a32e52011cea661ec095e31091245ecca681c00889f740
healthy/efb23ba2c254fe4324bd.jpg,Healthy,0,1175,efb23ba2c254fe4324bda4760ba133a326c94d3a146765997ee1b62029fc67af
healthy/f0634d0f078485dd7236.jpg,Healthy,0,1164,f0634d0f078485dd7236cfc92687e98abad0f77ab516efb4690522e468814089
healthy/f14b320ec64687a11872.jpg,Healthy,0,1276,f14b320ec64687a118728e742d785bfacd731e8fb09e7954d5c920211e406522
healthy/f2523a23dccb69e925a8.jpg,Healthy,0,1179,f2523a23dccb69e925a852ee902c00080816353a49947815ca709c1b898fa1d0
healthy/f2d426bfd1e9c48f00ce.jpg,Healthy,0,1151,f2d426bfd1e9c48f00ce68cbf9098aa93065574a135704a87ebf7798a9b8f49e
healthy/f335c92d03d479cf0bf8.jpg,Healthy,0,1240,f335c92d03d479cf0bf85ac5dea3b146063862dc56b41698ff041d79dfcc3245
healthy/f339d665ab9231cf762c.jpg,Healthy,0,1196,f339d665ab9231cf762c355d766126dfb080733905c7d0ed29095eff0092528f
healthy/f3cf0efc280a132527a5.jpg,Healthy,0,1163,f3cf0efc280a132527a5087f7944cc49a61faf1de1acf19ca48d6a409bea222b
healthy/f4e08517dcdf41f84fc0.jpg,Healthy,0,464,f4e08517dcdf41f84fc0a3a0676f2086ed535904089f83923a0af0eacffcec0f
healthy/f62ca9b1cc056347245a.jpg,Healthy,0,299,f62ca9b1cc056347245aed057ecab601c004ded670d5d1824c5d82867ee25fec
healthy/f76fc18c5ab2367e56c2.jpg,Healthy,0,279,f76fc18c5ab2367e56c2ee793e2161839db17ed0cad08e3a1a5142b9b7335fa7
healthy/f7effe68a729972622c4.jpg,Healthy,0,351,f7effe68a729972622c407893071e47abf318babd2ffed3a25e3ab23dc07cae6
healthy/f853de5f2b6479a7a909.jpg,Healthy,0,528,f853de5f2b6479a7a909987406c72adc759c8e8e52fc75a47ab85c572f0b56e8
healthy/f89a52ab6c5e78b47f9e.jpg,Healthy,0,1210,f89a52ab6c5e78b47f9e31b3b100ce0627b5da66b0fa2f36f5de4f14eb1d6734
healthy/f92c33da4bb8a2330469.jpg,Healthy,0,520,f92c33da4bb8a233046980205ac5ca933d0da46a03715ac24ab3dc1cc2631d4c
healthy/f99f4a713def6061304b.jpg,Healthy,0,1275,f99f4a713def6061304be97601ef92ca9a57cbd4628150af5b88fbfe17b7dff0
healthy/faace3fd9531a2897ac4.jpg,Healthy,0,1214,faace3fd9531a2897ac4709152a2a71a373d5efa3855954e2f3312461a1b950d
healthy/fb1d023d35ef06c6c120.jpg,Healthy,0,525,fb1d023d35ef06c6c1200b5ee07dd64976ed4129ad6c0f589b99f2a02499a348
healthy/fb933b5f1300a797427a.jpg,Healthy,0,1258,fb933b5f1300a797427aa87d8339c12f62f82c1105d40533e1493e48176b67b1
healthy/fbcdbd73fd5ee1c7260f.jpg,Healthy,0,1163,fbcdbd73fd5ee1c7260f6ac3f7fe17c34f5527215ca4db161879a3a297e3ae19
healthy/fc75225a80d797501f73.jpg,Healthy,0,420,fc75225a80d797501f73f32c0646f91234234a7b4f19719616ce6d49acc0cf31
healthy/fe0aaa6f4fd30e8d597b.jpg,Healthy,0,280,fe0aaa6f4fd30e8d597b41742c6c47997e9248af2f47b3ad59077d4f2cdead2f
leaf_rust/01e238a9e36eedecc3e9.jpg,Leaf Rust,2,1353,01e238a9e36eedecc3e9ab633ed8fdf327748ee58b8c06b2d0ee847ff3872dff
leaf_rust/0215c1e314b4e24d0b94.jpg,Leaf Rust,2,548,0215c1e314b4e24d0b941a28c6a7de58a08e0cee9bfe534723499e9ab12d0f7f
leaf_rust/024d75112b7a29a233e4.jpg,Leaf Rust,2,1363,024d75112b7a29a233e429e31efd98e8a6aedd33f21199653948f7be63e314d9
leaf_rust/02c66269df5cf39b5f74.jpg,Leaf Rust,2,722,02c66269df5cf39b5f7497eff01e9aea05b51245e2b9aef6a63a6a78fa315759
leaf_rust/0335476e9a35b4fb62af.jpg,Leaf Rust,2,739,0335476e9a35b4fb62af5e65badd3a498dc09c02b8b6ae4958c9e59b57db5822
leaf_rust/033f6224e252a39a49fd.jpg,Leaf Rust,2,1544,033f6224e252a39a49fd2d0aac850fb23df89ade1972548638cdfea6e8f99a0a
leaf_rust/039ebb9b1f995189b400.jpg,Leaf Rust,2,1455,039ebb9b1f995189b400de00ac754616370a0af54e26a83d63a36c71a333e169
leaf_rust/03bc7284a23a361039cb.jpg,Leaf Rust,2,797,03bc7284a23a361039cb417af6f21243669d4716bcd336b163c148d56752e8f7
leaf_rust/03cc76b320532400a3ea.jpg,Leaf Rust,2,1313,03cc76b320532400a3ea546cb32c10d9d858a3b18fe84a77498440dc3422c848
leaf_rust/042e3a6bc27a1a58fa67.jpg,Leaf Rust,2,1450,042e3a6bc27a1a58fa67bf3f05ddce66ea5edfb78b82a6dcf10e8936e2c12dc9
leaf_rust/04c68dc3bc88077e875a.jpg,Leaf Rust,2,1510,04c68dc3bc88077e875a1eef4a6501b85679ffcb2c6250e6e118f4087b03bd91
leaf_rust/05756d1e0e778eb57703.jpg,Leaf Rust,2,818,05756d1e0e778eb57703d5d96c2f0e20f6a46d0e6eb0376d520a0820fbd9e451
leaf_rust/0590b78814bdf94fbc95.jpg,Leaf Rust,2,1549,0590b78814bdf94fbc958ea0564b20728b12656517c0774e5bb7396c820dbcb0
leaf_rust/07631e18f14bd646acf6.jpg,Leaf Rust,2,1668,07631e18f14bd646acf6ad763a88afa8dc3c543a22b4b05fc8e3aafd28761b8c
leaf_rust/07d3a9b2404793b0c56a.jpg,Leaf Rust,2,1670,07d3a9b2404793b0c56adfb7d32849a262e26078196ca3ae98ba15b5ec4a2883
leaf_rust/07ecc6dcffde5f14f249.jpg,Leaf Rust,2,1648,07ecc6dcffde5f14f2493e0568534646c3a5b6fea59a2b01bb6389cf88061e4c
leaf_rust/0911348f8754215b0ff6.jpg,Leaf Rust,2,672,0911348f8754215b0ff65829d82a65d7e0e76765c437f2e40962ef28a75fdfaf
leaf_rust/0949e4fdd408c8b0f8c2.jpg,Leaf Rust,2,1357,0949e4fdd408c8b0f8c2c193fe715b663d35e9b800b3d53f6d9a9d59caa4b215
leaf_rust/09f59b9de135cd66302e.jpg,Leaf Rust,2,1555,09f59b9de135cd66302e6e48562654e2891aedf2b8cf266a9cd3dc90a387f6ed
leaf_rust/0acd0396d6d72448c7db.jpg,Leaf Rust,2,648,0acd0396d6d72448c7dbea93e9757888febda6817031c2a9f463f2c30db69c70
leaf_rust/0b8f39c88a9284616c8c.jpg,Leaf Rust,2,1339,0b8f39c88a9284616c8ccc43142282007fcb05d7d3680ab8401f428d0048c3b6
leaf_rust/0c6cfe548178a932f774.jpg,Leaf Rust,2,1536,0c6cfe548178a932f774fe3ed4c4915d78bc343e77c61bf4c3276a39806ee2db
leaf_rust/0c867b1980c9c63770ef.jpg,Leaf Rust,2,1595,0c867b1980c9c63770ef47047a123e473c1ad06ec62ea0d5b4b35708000cccc9
leaf_rust/0d70b1ed376fd36e3b2f.jpg,Leaf Rust,2,1339,0d70b1ed376fd36e3b2fd354288c4e305cec04fb50098715fb6f197c2928c4d9
leaf_rust/0e0a2c25ee37ad4a1f6f.jpg,Leaf Rust,2,1439,0e0a2c25ee37ad4a1f6f6c6622b19ccf0b88604ea8c85976351c8256a5dffd23
leaf_rust/0e35e31bb57aa5ea8045.jpg,Leaf Rust,2,1452,0e35e31bb57aa5ea80459bdb7697ec42129170736c4bfc936f05d5e0dc56639f
leaf_rust/0e931844c3e74f1c3caa.jpg,Leaf Rust,2,685,0e931844c3e74f1c3caa43aa001c9f4b4dc164f599cd13f4927f7d78f269b078
leaf_rust/0ea3e952c2a4b00961da.jpg,Leaf Rust,2,1612,0ea3e952c2a4b00961dacb1095c4c888f78a9fc66d8db97d2a4c667a8f633cc1
leaf_rust/0f7ad86bab9610c6f7f9.jpg,Leaf Rust,2,738,0f7ad86bab9610c6f7f94bcacbc6d04e43eb738e4835032c4e6e9e02bf3f8dc3
leaf_rust/100ff2f0e146cbbe0879.jpg,Leaf Rust,2,1353,100ff2f0e146cbbe0879c279368d99e6dca7ed8c4f4c24e1575547c5447457ab
leaf_rust/1041510e147449f98078.jpg,Leaf Rust,2,1400,1041510e147449f980787ccd56c9d0ab1ea86ebf8358467c07f751e6981286e6
leaf_rust/108315fdff82b6d6ec9d.jpg,Leaf Rust,2,1662,108315fdff82b6d6ec9dc7edf60057b1a22ac6c6b5ee224088a3bea824ee764e
leaf_rust/10937b86cdfa3b86134f.jpg,Leaf Rust,2,1315,10937b86cdfa3b86134f251792f161a34570821d8cdcd35dc901355233e605f9
leaf_rust/1193e98c66b6d0651e72.jpg,Leaf Rust,2,1323,1193e98c66b6d0651e72dac20cb85488280821b11e59e23e04257e1954f01eb1
leaf_rust/119c1577274e0081d4af.jpg,Leaf Rust,2,1321,119c1577274e0081d4afb47580a57e993b482fc1577df2a7bd8420a1d3dc2c8a
leaf_rust/158486739141cca2ee6c.jpg,Leaf Rust,2,1330,158486739141cca2ee6cbdd775064dde6c961fe25cef018a559a9449538abb78
leaf_rust/15ba2e752150bb40d470.jpg,Leaf Rust,2,1666,15ba2e752150bb40d4702b85006b1d923990d21410b3d11887dc140146de3d0e
leaf_rust/16aecc4d3a9b6338ab99.jpg,Leaf Rust,2,569,16aecc4d3a9b6338ab99eff96370df56f89676ed4e22c2ae000a26caa5523a2c
leaf_rust/16dfa12a897b61357880.jpg,Leaf Rust,2,1327,16dfa12a897b61357880d2b9251a79cdc684c5b9fe22d890c2fdeafbdfde925c
leaf_rust/178b4205840d30affa18.jpg,Leaf Rust,2,1412,178b4205840d30affa186de5d386a752a121dd09390f03189f70f739e41c26b7
leaf_rust/19da4435803bbe012778.jpg,Leaf Rust,2,713,19da4435803bbe012778908ead467f30d3517203f3fe04c3b07da88dde5962b5
leaf_rust/1a16ba618d18dac83f08.jpg,Leaf Rust,2,1350,1a16ba618d18dac83f08ca60bc5a719f37092b73403d9d75f7f499f127bbe2d8
leaf_rust/1a4d81e7d347dbbbed82.jpg,Leaf Rust,2,744,1a4d81e7d347dbbbed82cb8c090c5e2b255b595cb3552b56be7364dc22823d6f
leaf_rust/1b9218f3fb1e2ebb42fd.jpg,Leaf Rust,2,758,1b9218f3fb1e2ebb42fd86db3115d0754e02e946df7d5459de65d40308e0ba85
leaf_rust/1ba1d27ad1c804f147b3.jpg,Leaf Rust,2,629,1ba1d27ad1c804f147b34712983e0dd7de2ae7d6f1adcbf803e6c411756d3ae5
leaf_rust/1c0d229b59ce305379c6.jpg,Leaf Rust,2,641,1c0d229b59ce305379c6f4f4e01db35dd8d0cd3d4660eff918d25e7fb148319c
leaf_rust/1e9b0c443368f9ab605e.jpg,Leaf Rust,2,1321,1e9b0c443368f9ab605e05cccf05d92eded7e58a1826c0560f7a63da77d95c73
leaf_rust/1f8be175da6d1337d1c1.jpg,Leaf Rust,2,1376,1f8be175da6d1337d1c16c3569548a411b0a18c5250199ff0854fbd12db9f256
leaf_rust/20596e93314d6f55a266.jpg,Leaf Rust,2,1355,20596e93314d6f55a26605f5e2cd1ba0a316e95af9291db42141f4f4d71a1f86
leaf_rust/20c05608fae2975bb43b.jpg,Leaf Rust,2,1405,20c05608fae2975bb43b13acf435dfe4638a52cef78d7aa2f9337e2e8df341f9
leaf_rust/21b5e1fd657c669df108.jpg,Leaf Rust,2,1498,21b5e1fd657c669df10837a852c6d6081b59b5f1edf0cd5b29499555adb4ef8f
leaf_rust/21bf7ff4f8b925a68d12.jpg,Leaf Rust,2,795,21bf7ff4f8b925a68d121f378d21664e4eee016a5b423f512231c47040b81a6a
leaf_rust/2241df495de46f5ccd67.jpg,Leaf Rust,2,1467,2241df495de46f5ccd67a4b47de54077a3757c40532517e103eebec477d2c80b
leaf_rust/22560f7079a6d4994ce2.jpg,Leaf Rust,2,1454,22560f7079a6d4994ce2a043bda58c78c44fbc1f9f1bf06eff9e1d4c4de3bf5c
leaf_rust/225e7a57075c5636fa2d.jpg,Leaf Rust,2,760,225e7a57075c5636fa2d500e2948e4b8daebb481688fca25097a47b7e4676e9e
leaf_rust/2360295b5427c2aebe11.jpg,Leaf Rust,2,1306,2360295b5427c2aebe11c2d43a4eb314cb73a646db6dc5c1b9258af757399b6a
leaf_rust/23d8e6d97792e35ba036.jpg,Leaf Rust,2,761,23d8e6d97792e35ba0362ea168973597bbf571959d149b61fab52bf0b55b9e6a
leaf_rust/2414d46e1761e8ffc726.jpg,Leaf Rust,2,1473,2414d46e1761e8ffc726ee39b6c9114c9802874091a97353f02570768da771fb
leaf_rust/2557cd2a9456d0fc1da5.jpg,Leaf Rust,2,1335,2557cd2a9456d0fc1da583cb0b49e71a4340f812f4527b77c83ec50be5adf146
leaf_rust/255e8760cf108a770b3b.jpg,Leaf Rust,2,822,255e8760cf108a770b3b13bbfccd8262c15ec0ba4203a498f1c81084996b0583
leaf_rust/2589b2d9863ed85e7efd.jpg,Leaf Rust,2,1339,2589b2d9863ed85e7efdcc8536d1b9df40d6b340d936a3e69f42a31cd1cb3b19
leaf_rust/260926e457ccd8714a51.jpg,Leaf Rust,2,1330,260926e457ccd8714a5128d7fb1cfa096ccc5feb5c8090c20f9f99298aabbfef
leaf_rust/26a1d085e13763928f2d.jpg,Leaf Rust,2,1333,26a1d085e13763928f2d76d81a9438547f96d086b934095c3c01c49fccb4cc81
leaf_rust/277ce5011b483c66638c.jpg,Leaf Rust,2,805,277ce5011b483c66638c667c5ee9b504dc94ce6904442e1658db483ca3605602
leaf_rust/27a263db859b3666f067.jpg,Leaf Rust,2,1639,27a263db859b3666f067c54047aeda4b98ec32780f63ef2f5e05d5bb1ba393c7
leaf_rust/29432fd3016f47026e5e.jpg,Leaf Rust,2,668,29432fd3016f47026e5e04834390799a6b24bd957bd95d837295907746667341
leaf_rust/2a78bbd19913bb0d3d87.jpg,Leaf Rust,2,644,2a78bbd19913bb0d3d8728f34f3696025569c10a1bb71a75e7fd2bd331cd6ee2
leaf_rust/2b1a50dc8d97c1821653.jpg,Leaf Rust,2,587,2b1a50dc8d97c18216533d41e0eb785d25e3e7d7c6350a855d47c677c82f03bd
leaf_rust/2b5c33bdbae9b300e267.jpg,Leaf Rust,2,1331,2b5c33bdbae9b300e267e42c0be689491442edc968bd7e00bebdb37c352cb94d
leaf_rust/2bd478ea6440c472730f.jpg,Leaf Rust,2,1371,2bd478ea6440c472730f6e8aba1193ded4d1a1dc55f3b595bb8c2a64d832515c
leaf_rust/2c01f9da0ff4332ca872.jpg,Leaf Rust,2,659,2c01f9da0ff4332ca87295576bc0546afe517b04b23eacde04b7d398dc44c917
leaf_rust/2c170c8abfb5dc65a077.jpg,Leaf Rust,2,698,2c170c8abfb5dc65a077dee96c1e7ab083f4fa22a3b5ae62e1207cedbb09e34a
leaf_rust/2cf9eff7871e051ad6cb.jpg,Leaf Rust,2,635,2cf9eff7871e051ad6cbe41016c8d273482fcc9f9f7b030b517f2972ae484b83
leaf_rust/2de711cd1b050cad61ab.jpg,Leaf Rust,2,1350,2de711cd1b050cad61ab1a6119d92474860d730a89fba5cb7f92e2aba7a0a03c
leaf_rust/2e12acc564946b3e6d1f.jpg,Leaf Rust,2,1477,2e12acc564946b3e6d1f8e0587bbce10b03c3f8a60a1425d2f47183c66b98709
leaf_rust/2ea0e14b8f7d1651ba09.jpg,Leaf Rust,2,1556,2ea0e14b8f7d1651ba090652d7a288c594bc2b25f56531f8a2bc5b974c917f7c
leaf_rust/2eb6ddd0fe7b195d6bf7.jpg,Leaf Rust,2,1306,2eb6ddd0fe7b195d6bf7d861277c7223dd7427eb95782c6e0540c899cc11aa8e
leaf_rust/2efd4d015c79290b6479.jpg,Leaf Rust,2,1342,2efd4d015c79290b6479c6073adf1bf1ddd8c7e0eb7a882cdb771bcb907f292c
leaf_rust/2f869d0da36d66e9d074.jpg,Leaf Rust,2,1461,2f869d0da36d66e9d07401dd57199427fe1372231ce47b5183df3fd2fcfaf71d
leaf_rust/3084210249bf39479810.jpg,Leaf Rust,2,591,3084210249bf39479810372dc8ec9d4cc4a7ccdf7f969e29559f4950e38c889d
leaf_rust/308bfae48b1fdf4d0a90.jpg,Leaf Rust,2,1318,308bfae48b1fdf4d0a90eb73929d3ab8b10240eae23249cbcc265bee1fe16b09
leaf_rust/310bba0d697eb99b9168.jpg,Leaf Rust,2,1394,310bba0d697eb99b916853703ea3e80411eefbbc3b92754cb7268b0aa12df5a5
leaf_rust/3154e804c8250bdc9f35.jpg,Leaf Rust,2,595,3154e804c8250bdc9f3585f61790f55179e84a39d3777ae1a476992530af6930
leaf_rust/318647ea63e594b87ab1.jpg,Leaf Rust,2,1352,318647ea63e594b87ab14a60e791c78969869a56b6047ff8be351d16fe171d2e
leaf_rust/31959bd8458612e43e4f.jpg,Leaf Rust,2,806,31959bd8458612e43e4ff236714605586400159f37e7fbdc4928f4859d068d2f
leaf_rust/31bbe869adf79d987193.jpg,Leaf Rust,2,1598,31bbe869adf79d987193c84dc5e084b7d85128ab09e1469a597235bf7eb69801
leaf_rust/31bd063624de209fb1b7.jpg,Leaf Rust,2,1569,31bd063624de209fb1b76fbd6758b14d5d7c091a02e6e69b0f4672da712e7fac
leaf_rust/328351fcae6d009dc449.jpg,Leaf Rust,2,727,328351fcae6d009dc4492135c64681658e61f75de390b9db4953901d1d327ddb
leaf_rust/32c519d233f95dd5e9af.jpg,Leaf Rust,2,1357,32c519d233f95dd5e9af3af0954b07458e7289752cc497e0582aa94675e301db
leaf_rust/330cbcb9ec02ba0d967f.jpg,Leaf Rust,2,1541,330cbcb9ec02ba0d967f3fb7354b7d42fbf20f81073d9e7c80308d4885ec4f34
leaf_rust/33559e435c64a733f555.jpg,Leaf Rust,2,793,33559e435c64a733f555804ea185b87f88c48cb73eae405e741fb6655835d5e5
leaf_rust/335c5d8ff56c7fab0aea.jpg,Leaf Rust,2,1652,335c5d8ff56c7fab0aeaa0a198ca7ecd7fc66d04d418f2e2d69d8a7da24ce0de
leaf_rust/3368f244979674884d6f.jpg,Leaf Rust,2,1331,3368f244979674884d6f2562b3910cd5552ff096b1300efef6f77b8bcce44a46
leaf_rust/33bb8e460a5accf53b1b.jpg,Leaf Rust,2,1312,33bb8e460a5accf53b1b04706ca860c34d4abc490717a8f9dd3a8009be33ca1e
leaf_rust/3419c09c467e81de8092.jpg,Leaf Rust,2,1357,3419c09c467e81de80923555ea3b3124bbd8dedefe504d60ca3d4eca1a563372
leaf_rust/355c8ea8ad51db53ae08.jpg,Leaf Rust,2,1499,355c8ea8ad51db53ae0810e6b13151e1e525cd0e59e451efd64587542f39ad2f
leaf_rust/35af9d2e1f251533c286.jpg,Leaf Rust,2,625,35af9d2e1f251533c2862acd971c2142cba01d00fae0141aae14977690a317bd
leaf_rust/374d87189de0db94af97.jpg,Leaf Rust,2,1529,374d87189de0db94af97790eb9e079f16706bd1702b74a4e79a44182d3454aed
leaf_rust/378ef809918bd83c2eb6.jpg,Leaf Rust,2,1350,378ef809918bd83c2eb65b34c25577d13c0587d965cdae74b899db8084e65843
leaf_rust/3818c39070fece9157ee.jpg,Leaf Rust,2,1332,3818c39070fece9157eea68da9e3e832486a5a28b625dd157ab9af15981f8012
leaf_rust/3861fc38eee328809503.jpg,Leaf Rust,2,1561,3861fc38eee328809503d9fd26fe31631e587fd6bc39efe0d5ef82a2ecf9a3f2
leaf_rust/387b22df8d5ca3378e9a.jpg,Leaf Rust,2,1594,387b22df8d5ca3378e9ad4505b5f2846b10d2e2f7dc88646d07e78abba46deaf
leaf_rust/38ca677422a981ff36ad.jpg,Leaf Rust,2,1470,38ca677422a981ff36add85ae476078ee8e006101ebe4c4284bfd8487d0b1c0c
leaf_rust/38e8bd0bf568ecf77721.jpg,Leaf Rust,2,790,38e8bd0bf568ecf77721924016f792fe7e69471d7745c4008d21db62df130e91
leaf_rust/3910bbf7841ef6eedaca.jpg,Leaf Rust,2,1523,3910bbf7841ef6eedacaf6c7da7561f5caa697226cb78cc123aa513d6323fc32
leaf_rust/394de92d338533299e0e.jpg,Leaf Rust,2,693,394de92d338533299e0e0fe6fa1d18feb36a260d85e9a966eb569c820cf0a1bf
leaf_rust/39f124e839d04c772f81.jpg,Leaf Rust,2,1620,39f124e839d04c772f81f2c84f9b2dede882c840029d2d9d08483e9aa170ce4d
leaf_rust/3b531df9004f97cc6ea0.jpg,Leaf Rust,2,1426,3b531df9004f97cc6ea0d595dba9ee5855574410f22572bcd4ea8d3077285a05
leaf_rust/3bc509caca3e7b1d8f28.jpg,Leaf Rust,2,1400,3bc509caca3e7b1d8f28fa07ffc4b424cfbed534c8a7357e54ff403118f18fc2
leaf_rust/3c4a7244fe13b32975ca.jpg,Leaf Rust,2,831,3c4a7244fe13b32975cae144a3297623db76819f443a45bded4837401e5f0eda
leaf_rust/3ccce223a1223beb0293.jpg,Leaf Rust,2,1353,3ccce223a1223beb029369eebf9f22ea606ef6639ad7eee44d8c8803789fe733
leaf_rust/3d882f2d46b972f8bf29.jpg,Leaf Rust,2,1490,3d882f2d46b972f8bf29e1b5f75ba3992e3bd8ac61a43d9487f934e337faa6ef
leaf_rust/3df26c261b271ecaae90.jpg,Leaf Rust,2,1554,3df26c261b271ecaae90e07feac73be2abb5647b95899d418f55916bafaacb49
leaf_rust/3faebfa3c7c38536d5db.jpg,Leaf Rust,2,1625,3faebfa3c7c38536d5db3231c3111df0eccdd6bf6c3341612d376c3eff7e26fd
leaf_rust/4096e914d52d5b688e0b.jpg,Leaf Rust,2,1649,4096e914d52d5b688e0bacf6d7ac34b7badc377243ebd3dc5c8fdb38370fe671
leaf_rust/40c3e5c4f107f9badb1d.jpg,Leaf Rust,2,762,40c3e5c4f107f9badb1db71a02443a6c384c1a9f2e9b03a5609fd00b7e3d404f
leaf_rust/40fc9ac4052b184ec26f.jpg,Leaf Rust,2,1337,40fc9ac4052b184ec26fb3840ecb22191e51bd3524664d393e2b848cb1454ae9
leaf_rust/411c4430a72182cded4a.jpg,Leaf Rust,2,800,411c4430a72182cded4a9f9ba2a8135352ba58ed5f9332f7818390e27bbb0f10
leaf_rust/41554d9e99b37f03f99c.jpg,Leaf Rust,2,1356,41554d9e99b37f03f99c0bb190e8c15b167c8b5ac30643e80e1fcf4b19b23604
leaf_rust/41f507f0391a7d99ae7a.jpg,Leaf Rust,2,1419,41f507f0391a7d99ae7ae9137beb993f79083173bfc462d597f8d279516e77fb
leaf_rust/43f7a8b572669af4ef2f.jpg,Leaf Rust,2,1335,43f7a8b572669af4ef2f87ad0b6837707400d949bb46cd372742b416588c3f26
leaf_rust/44918689abd04317c082.jpg,Leaf Rust,2,607,44918689abd04317c082310ceb303ccf016b6ede8cc763e6848de77ff1560e4e
leaf_rust/469652b9623b5c51cdf8.jpg,Leaf Rust,2,1332,469652b9623b5c51cdf8f1df7e2b7e22bf911a0704c94980ae11955d105f1c81
leaf_rust/46a66a440f5118e3f286.jpg,Leaf Rust,2,647,46a66a440f5118e3f2864df5e5fc9e18501c77b3bef4098b7865841b3d6b6d23
leaf_rust/46f4f035f43866c65ec2.jpg,Leaf Rust,2,602,46f4f035f43866c65ec2b25bdeb5e38bd88547bd6881ca9c0d496819e4931ee8
leaf_rust/46fe4d484da98a07994f.jpg,Leaf Rust,2,743,46fe4d484da98a07994f2feef2a1f5a3d2b44ae677424059de055d73ae3637f5
leaf_rust/478855e9d2192d691525.jpg,Leaf Rust,2,1415,478855e9d2192d691525fb70fc4288d2e7ec41235a6d45656d5959874edabbe7
leaf_rust/47b7e099d5cf54c25f5b.jpg,Leaf Rust,2,1528,47b7e099d5cf54c25f5baf3f54f0638902fa2141062dc0c6faae45fdd4c16c7c
leaf_rust/4a28799b8bae6ecd4b9f.jpg,Leaf Rust,2,567,4a28799b8bae6ecd4b9f98386dda662cb0be92f971ac4f77ba045efc77c034a8
leaf_rust/4a4120ec7fbe11b620a9.jpg,Leaf Rust,2,658,4a4120ec7fbe11b620a94a226848ddbacd9d768dbcc4f4ead13618bc84db9110
leaf_rust/4ad636fccc5f41d6426b.jpg,Leaf Rust,2,1608,4ad636fccc5f41d6426b47ea8b5e404ad656cc643611a94140d9e4003f2eb208
leaf_rust/4b99bd383965e017f321.jpg,Leaf Rust,2,1329,4b99bd383965e017f3217d2f3eb4ceed6d72260daac837de6dedcb087c1ea6b1
leaf_rust/4c5f252e7e7e980b2dd4.jpg,Leaf Rust,2,677,4c5f252e7e7e980b2dd4256b3bdcc43c9d5b7219a1baaac1a5ff4f18257dde73
leaf_rust/4d98b5527f0860d0380e.jpg,Leaf Rust,2,756,4d98b5527f0860d0380ee060c045ee5c0fbcfd831c28396a2215935d22d0a2e8
leaf_rust/4e4fa64cd333ba738b02.jpg,Leaf Rust,2,1335,4e4fa64cd333ba738b02acecb201550655df1ea92fb61a101e6b4eb6a23da825
leaf_rust/4efd402d3ed5c52fc5d7.jpg,Leaf Rust,2,608,4efd402d3ed5c52fc5d7d8dffe7cbc1eb2ddc06c2cd3e87bcee9dbf38775745b
leaf_rust/4f02e6b9b1a24d273d3c.jpg,Leaf Rust,2,1313,4f02e6b9b1a24d273d3c564d455ed73d17dbdc4b60b701fd1736153393a066fd
leaf_rust/4f85815af168d14ecf9e.jpg,Leaf Rust,2,1572,4f85815af168d14ecf9e0f72823d96ebba11086928e85c7903d72ca2f851aa80
leaf_rust/507a1495157f04a27796.jpg,Leaf Rust,2,1377,507a1495157f04a277965018a9bdf826e870b7b225af2d7a09c915a3549e8e94
leaf_rust/50bac738613a36973cc4.jpg,Leaf Rust,2,728,50bac738613a36973cc43bacd106cf701ea61a62d039a4c4863c9b1b0c289391
leaf_rust/50bbab9297493399a90d.jpg,Leaf Rust,2,1503,50bbab9297493399a90d067fabd2434b637a8e7acdb98fb730d945114da8f2ec
leaf_rust/51033da569e3827588a8.jpg,Leaf Rust,2,1483,51033da569e3827588a8d7cd82f9e9a3eed47cb74c658f69d2547e18236e64f7
leaf_rust/5157cccdfd5b184192a8.jpg,Leaf Rust,2,1328,5157cccdfd5b184192a88f889b3d5fa0fdc2ad5c18e01292a46ba8baf3996bde
leaf_rust/516ba55a5837b273e9d3.jpg,Leaf Rust,2,766,516ba55a5837b273e9d363cb8b2add69f60c04c4757cd6b3aff12dd9ebe07fbf
leaf_rust/51adb088f482b6b8d36d.jpg,Leaf Rust,2,582,51adb088f482b6b8d36da5ba73e2e806b20b1e5753b25c39bdef132721282a4a
leaf_rust/52d5348d1b55d4fe9b42.jpg,Leaf Rust,2,1644,52d5348d1b55d4fe9b422d2432545e111094a2ffe995afb789e33cc69be669fa
leaf_rust/532e9e1122c19e640dc5.jpg,Leaf Rust,2,1619,532e9e1122c19e640dc5bc752becd60d67a5d495c8659abe2ca5251a005b5441
leaf_rust/53fb7acf80ce3558f61c.jpg,Leaf Rust,2,1607,53fb7acf80ce3558f61cf49b1e9861cd8fd959b0e9b85fa9bf81cc15669da1ce
leaf_rust/54a750b10097789e6de0.jpg,Leaf Rust,2,1332,54a750b10097789e6de0dd29eeca0858f64f86a3b126e4e0bb72c02dbc72ed69
leaf_rust/54b60626585301508524.jpg,Leaf Rust,2,1677,54b60626585301508524cb2c2ab2c9605b2743973c78ac5ee94fd1ebf1b73f49
leaf_rust/550906edfa213432e645.jpg,Leaf Rust,2,1327,550906edfa213432e645b9934190bd51222f5c826500f12017ca59ef577d2fd3
leaf_rust/5578aa7066623b8e8a51.jpg,Leaf Rust,2,1493,5578aa7066623b8e8a51c3498788470a52732ecf97d2d05d1f20c2d2fc57968b
leaf_rust/55d8f68c5b2c5bfcae7a.jpg,Leaf Rust,2,1379,55d8f68c5b2c5bfcae7aa659e3ecfb23c3d50f7373c18cbaf12b295856e9e574
leaf_rust/569e304e7623aa2eec8e.jpg,Leaf Rust,2,690,569e304e7623aa2eec8e162642983110fd9d624a3fe4c11bbe8be574c6802051
leaf_rust/579d51c8c01322c1b2f2.jpg,Leaf Rust,2,1356,579d51c8c01322c1b2f2d3695af0b8b009155674ce7209f195bc1f33afd06f48
leaf_rust/57bb82ddee588d3223b3.jpg,Leaf Rust,2,1484,57bb82ddee588d3223b33b98280afed6a896ea36618c34af0996b66d020accac
leaf_rust/58000dcae2d2e33bb57e.jpg,Leaf Rust,2,1646,58000dcae2d2e33bb57eb07008fb6aa49ee679d6d2e83d12a2b0bf3763afb32b
leaf_rust/581da18829ddf80575ec.jpg,Leaf Rust,2,674,581da18829ddf80575ec7d02cb8a9105ce9a4b66d487c7707f4c26b56b3f0f62
leaf_rust/59f3b1d627517f3653d1.jpg,Leaf Rust,2,572,59f3b1d627517f3653d1ab59e18d248ed21b7ffa3d386e09ec1efae2576c2770
leaf_rust/5b637ed6996148eacec5.jpg,Leaf Rust,2,700,5b637ed6996148eacec54d9e5e247f56c77771aa8ca3290f15505569a11949f3
leaf_rust/5be082ec4466f4622b3d.jpg,Leaf Rust,2,803,5be082ec4466f4622b3df3c6eb584459f2d305cc72bf2d387e7dc70628409514
leaf_rust/5bf1dfaddbc1097c4386.jpg,Leaf Rust,2,1579,5bf1dfaddbc1097c438627d4d8ff248dd9acaf021f59d99070181e989c10207c
leaf_rust/5bf9486ead931ff4e6e3.jpg,Leaf Rust,2,1440,5bf9486ead931ff4e6e33a0f48b5748a472c27501fe6490f6fa17b121faed79b
leaf_rust/5c5166d62202c38a42b6.jpg,Leaf Rust,2,580,5c5166d62202c38a42b6b3ebbb879c4678accabf91e713bd656a7967c92b7b77
leaf_rust/5c7b9e4cad00a019f70c.jpg,Leaf Rust,2,817,5c7b9e4cad00a019f70c2de3c412907f4aa692a63bf868a12fac84b64abbfed9
leaf_rust/5cf7ada82e216d90c382.jpg,Leaf Rust,2,709,5cf7ada82e216d90c382a545ad617f5793a35946091275389cdfbd4e4e789e91
leaf_rust/5d52aef343ed84adacfa.jpg,Leaf Rust,2,1316,5d52aef343ed84adacfabf9c8a61779482a2a82b6f7c22684907a76f76e2a9f4
leaf_rust/5d863cf355ab7e8cdcda.jpg,Leaf Rust,2,597,5d863cf355ab7e8cdcdab42de411cb2da019a0f2866669b89f650d77d5b42ce2
leaf_rust/5e3184698c2f92cccd7d.jpg,Leaf Rust,2,686,5e3184698c2f92cccd7d3bde5e195286eb8509625f8ae2e05f4290807c71d3de
leaf_rust/5fc3f62b2437ae3dcc33.jpg,Leaf Rust,2,1489,5fc3f62b2437ae3dcc33553a383dc5839022f0a707a2914e4bec0cd1602fce8b
leaf_rust/613ae48bcb883dea9a1d.jpg,Leaf Rust,2,551,613ae48bcb883dea9a1d7922a2984e32b955e11a17f23124dc4bceb3fc73aa9a
leaf_rust/62abbc9ca460ffd3c7fa.jpg,Leaf Rust,2,1391,62abbc9ca460ffd3c7fa6ed17494750f46bff85adad4dc5923c4a7a024bfc207
leaf_rust/637ca670d6dfa36841d3.jpg,Leaf Rust,2,577,637ca670d6dfa36841d37f0c40186b7a8c6ae76eaf335e8ceb8286cb3651f28b
leaf_rust/638d80fa7fd57fb6899e.jpg,Leaf Rust,2,1610,638d80fa7fd57fb6899ebfa0fe9a92b1d926b2d7120222b0863809777b644dff
leaf_rust/639ed46ce47e2f275add.jpg,Leaf Rust,2,1330,639ed46ce47e2f275addd614bb9be0ac8bce4112313f72479af5f38726f254dc
leaf_rust/63b010cdf95477ae884b.jpg,Leaf Rust,2,1332,63b010cdf95477ae884bb3201653629750fa45a565b5b66d54b491a8360be886
leaf_rust/645503764c7c4b86294c.jpg,Leaf Rust,2,565,645503764c7c4b86294c66815526fe3bd00bea9fb08b6b0ad3c6c7812c15e54c
leaf_rust/65c20996c8b86cac3128.jpg,Leaf Rust,2,1486,65c20996c8b86cac3128cbda8f6a115f4b5e44dcc549a7e101ed5a058216baa1
leaf_rust/66fbbad7ceff72f86c34.jpg,Leaf Rust,2,1659,66fbbad7ceff72f86c34415a756468cc351f0541f42d9ae21459ba8eb919492c
leaf_rust/67a100dc3fe1e3a8e6fb.jpg,Leaf Rust,2,1435,67a100dc3fe1e3a8e6fbbdf257f0f935f05f0792b57c18a9a97a40d75966741e
leaf_rust/67ff1ce5cf6153924c78.jpg,Leaf Rust,2,628,67ff1ce5cf6153924c78d0f2c2949491a79b83881d02c1517830571852754c2a
leaf_rust/68851ab6892943336147.jpg,Leaf Rust,2,1438,68851ab6892943336147b631b9b589296cbafe59f0719f3c350bf18b4eeac659
leaf_rust/68e7e19a28b45d78b98b.jpg,Leaf Rust,2,1342,68e7e19a28b45d78b98bcf5ab9d3532948d7e6357adbbc495ab7114abfe24ba1
leaf_rust/6a6e74527e93da17259c.jpg,Leaf Rust,2,1320,6a6e74527e93da17259c8a81af4699e09a7201f1045c1ae5b35253dc14ece7a8
leaf_rust/6a9297f3104b56d6d8d6.jpg,Leaf Rust,2,786,6a9297f3104b56d6d8d6d6eb0de558b47b9ce696cb9927a4a56541ced9bb3b10
leaf_rust/6b84da3282f7121c9f28.jpg,Leaf Rust,2,742,6b84da3282f7121c9f28b65e91afd74b1c20838e0813e569987d9f9bdf3a3c1d
leaf_rust/6bbfa4b8970f7df953a6.jpg,Leaf Rust,2,1415,6bbfa4b8970f7df953a67e093e65a996cd2b6332b7db93bc7ece79633b2b1d17
leaf_rust/6cf3a0dede53b6c5a093.jpg,Leaf Rust,2,1313,6cf3a0dede53b6c5a0937d53fba0023a73f3fd2da779f7f193a42efd10c13a05
leaf_rust/6dd1a80aad75dedc522d.jpg,Leaf Rust,2,747,6dd1a80aad75dedc522d220ca8571a790381f91224cef7c67bd770f7a2370a94
leaf_rust/6ed7bb334ded43634299.jpg,Leaf Rust,2,1428,6ed7bb334ded4363429913004e105c64635069279ab159e0be885b54a152a65b
leaf_rust/6f498624e614aab24647.jpg,Leaf Rust,2,1317,6f498624e614aab2464722a5da8f401e492b9cad1e58b8493f65b6b0fcbc24e0
leaf_rust/6f5f4744c131004e7837.jpg,Leaf Rust,2,769,6f5f4744c131004e78378f1c9c9112194331f9ec08a6f0f1bdc0adda7b22150c
leaf_rust/6f7c17f61b1c8f858035.jpg,Leaf Rust,2,1458,6f7c17f61b1c8f85803553c85b549f41f00c1686eada2196a29b60eb93ed45c0
leaf_rust/6f915e62e2f97eabe3f7.jpg,Leaf Rust,2,640,6f915e62e2f97eabe3f769ab460717e1c29a30f11cba2e8606431fb6b5d17b1c
leaf_rust/6faf8a25dca30bb15cb5.jpg,Leaf Rust,2,1432,6faf8a25dca30bb15cb50b67292d3bab807f61dc3347e72450c616c21df06061
leaf_rust/70646ec9ab3902a5e8ed.jpg,Leaf Rust,2,1340,70646ec9ab3902a5e8ed56d67febfb5c0b2a8e07f41d7a9716699b54f86f63bb
leaf_rust/70a99e9bd68486e3ca93.jpg,Leaf Rust,2,1496,70a99e9bd68486e3ca936270bec39f01230cc5a803cc1f4c74daa0ce06dccc1d
leaf_rust/70cfdab2a3ea2cc0b0cd.jpg,Leaf Rust,2,1315,70cfdab2a3ea2cc0b0cda35add881a4905f0a20bfa6ffd5c19dada7156377516
leaf_rust/711fd25d48ac8b46f670.jpg,Leaf Rust,2,780,711fd25d48ac8b46f6709ca59e57d5e837756b0c5d91ff5e64f5ac103382b9b3
leaf_rust/71a74976eedd5d73581a.jpg,Leaf Rust,2,1645,71a74976eedd5d73581aeb558fdf930f9ae91a3cacdbf76c6273e831f69ce736
leaf_rust/71a8cac1280e97557acf.jpg,Leaf Rust,2,657,71a8cac1280e97557acf18116783598cb1c3a2a127cb44436e6c10a173d6854e
leaf_rust/71b9311176ab3be3c5aa.jpg,Leaf Rust,2,1347,71b9311176ab3be3c5aaf589f466f231a45a3efd23df399fa453706047b5345e
leaf_rust/723224ea463c05a977a9.jpg,Leaf Rust,2,1445,723224ea463c05a977a926545666c3eaf1ca861d1ca6d1d83ceb619b226004a9
leaf_rust/72978ab75a72bf2ecd6e.jpg,Leaf Rust,2,1320,72978ab75a72bf2ecd6e898914ab675237a1421e546cc558147233aa027e0098
leaf_rust/72e028461beef48b085d.jpg,Leaf Rust,2,794,72e028461beef48b085df05b196df9444b4182ae1bec481713d6419329be0492
leaf_rust/73159132c251fb9fbda7.jpg,Leaf Rust,2,1327,73159132c251fb9fbda7f31bd8c6a850816cf3f7194326305920224eed2e534d
leaf_rust/7351283c9aa380357db8.jpg,Leaf Rust,2,575,7351283c9aa380357db8bef3a215d50962e6b360caa1e8cea132d674beb69a7c
leaf_rust/7358996c586cdbb86d0e.jpg,Leaf Rust,2,1317,7358996c586cdbb86d0ed915248cd1fc4a0137042e15e36bf7bcfab540df32d6
leaf_rust/74ead03268a78a32614c.jpg,Leaf Rust,2,1479,74ead03268a78a32614c28a334c148cf97d312ca2b4d14b0afb6a65a67fecc19
leaf_rust/759183b8142a34c45bc0.jpg,Leaf Rust,2,1604,759183b8142a34c45bc02a6fceea909b79ff2a783a8e9d2b84ee579d8a23ceff
leaf_rust/767150ca21f7066da78f.jpg,Leaf Rust,2,1539,767150ca21f7066da78fb117c9091ce0c1e3423463e29c7b9d50f41698cbbf8e
leaf_rust/7818daff9b11ac34ba2e.jpg,Leaf Rust,2,1622,7818daff9b11ac34ba2ef3baf63df17817fd765c7ce385d3855c92c12ccb0904
leaf_rust/78be8fdccb0b9c1f8654.jpg,Leaf Rust,2,1306,78be8fdccb0b9c1f8654709fdbb9b58b87a07bf6fb4091b1ea1cde455eb4e190
leaf_rust/793114e32353486252ad.jpg,Leaf Rust,2,1480,793114e32353486252ada90d6a22a276fd534fab0b6d3c95ff35e413538e619e
leaf_rust/7997e8317984d36e075d.jpg,Leaf Rust,2,1320,7997e8317984d36e075d8f688a68b81b7d6e9199fbea7f659b97ad7c86946748
leaf_rust/79f33716424f7b090f16.jpg,Leaf Rust,2,1588,79f33716424f7b090f162ddace4c4512a056b2018fb629b8e5ef8bd3dc73907f
leaf_rust/7a09f6288042ff61cd33.jpg,Leaf Rust,2,1324,7a09f6288042ff61cd3326bef8f7b1e7a5a5aa2ed64677c4876a0f839601951a
leaf_rust/7a509c4428000bc9563b.jpg,Leaf Rust,2,1386,7a509c4428000bc9563bed48885816d8dece5e6c41767520ca7f0500872e8d8c
leaf_rust/7ad2b8b8871096257cd4.jpg,Leaf Rust,2,665,7ad2b8b8871096257cd44ea3b78297760eb07205362ced7dac46dabc1d26239a
leaf_rust/7b3b25d9635a41530a9f.jpg,Leaf Rust,2,1665,7b3b25d9635a41530a9fe3a108f91828e34f6f67aa92d3c65c6490a657f6d8aa
leaf_rust/7b4bb429c49f500b98ce.jpg,Leaf Rust,2,1348,7b4bb429c49f500b98ce0d0b7a21e68e00acedffcd56277c97eac70afe9d79e2
leaf_rust/7b7cc7821020e4222938.jpg,Leaf Rust,2,1519,7b7cc7821020e4222938104aec8b53acaec044ad41a891adad362b4cff07a792
leaf_rust/7bce9bedec219257ee1b.jpg,Leaf Rust,2,697,7bce9bedec219257ee1bedde9788b5c6677176346a0ca89e49109784bd6f260b
leaf_rust/7bd51d156d89f25fec33.jpg,Leaf Rust,2,810,7bd51d156d89f25fec33b0eaab30a3d6208e93416a5bbbd20ea66d2e5cb28dca
leaf_rust/7c2745a863270052cf34.jpg,Leaf Rust,2,1545,7c2745a863270052cf342cbf28c103a5e90c84bf15ef5414f91dad1fb9017260
leaf_rust/7dd876147167a5fb0167.jpg,Leaf Rust,2,1531,7dd876147167a5fb0167dda38864efc0995794cf56f77129206c9f597543f886
leaf_rust/7e08f63e6e2d68a4a552.jpg,Leaf Rust,2,1328,7e08f63e6e2d68a4a552608f99bcaad0379f6c1e96e72be737577a7d76bc8001
leaf_rust/7e16b8eaef8cc7e76580.jpg,Leaf Rust,2,636,7e16b8eaef8cc7e76580016ecc32db70b837900591e80fabca7476b4ce31ccab
leaf_rust/7e63c5036a25e6966eb7.jpg,Leaf Rust,2,1313,7e63c5036a25e6966eb7e32343bd51348f560dc4e4101700994bd60ef031fc09
leaf_rust/7ee8f3e5f30758429b16.jpg,Leaf Rust,2,1327,7ee8f3e5f30758429b16621dc9d4185d5be1b7c383c157809ad25041db34023f
leaf_rust/7ef331973b5166afe4cd.jpg,Leaf Rust,2,552,7ef331973b5166afe4cd0217d070357d9d2e070aa7e43f0d62fdf2a1dc201c1b
leaf_rust/7efc809dada89cbe8873.jpg,Leaf Rust,2,1565,7efc809dada89cbe887337616f2e49a149b8a29b7aebcff7d3576dbf048a78b7
leaf_rust/7f1966881812e9e2b6f0.jpg,Leaf Rust,2,1600,7f1966881812e9e2b6f0f6dd98d767758c27a6dbd8b3fb76c6e9f2af23744f95
leaf_rust/7f3f9589d1ec0e2816a0.jpg,Leaf Rust,2,1593,7f3f9589d1ec0e2816a02b3235365d99187cf71d71b6b127ea028ba961d5339b
leaf_rust/80b901920be2713e6db3.jpg,Leaf Rust,2,553,80b901920be2713e6db3ad4f835efedcfcef90a54fffe11e4a036bbc5b503db9
leaf_rust/817bd00c14e9fa928102.jpg,Leaf Rust,2,1337,817bd00c14e9fa92810270340841b8723ad9231efe7fb11ad10b4500387edd75
leaf_rust/819cfcb23180c17f4616.jpg,Leaf Rust,2,1333,819cfcb23180c17f46164b02fc322d895c22c80c889a864bd6200729ea77d29f
leaf_rust/8394784dc6daf3b01a72.jpg,Leaf Rust,2,1684,8394784dc6daf3b01a725fb80502c70068c41dd5babdfea37f7adf4b72895036
leaf_rust/83982076d474e4ec5fdf.jpg,Leaf Rust,2,559,83982076d474e4ec5fdf5e4ba0c3f57b8ce24250aca7e1959bf3987220e4c599
leaf_rust/84d95b1e809819f921cc.jpg,Leaf Rust,2,1315,84d95b1e809819f921cc65340ff1c702dbb6f1148184e7680253d3dca1e487b0
leaf_rust/856b285217b51d00e4b4.jpg,Leaf Rust,2,1326,856b285217b51d00e4b4132b69d2b67bca96b0c0a2487eea925c3f6ceaa3baa5
leaf_rust/857386d096b5e5cd2fc6.jpg,Leaf Rust,2,1451,857386d096b5e5cd2fc6db1e068b19fa46037308421e70c1a4e49a2e34224304
leaf_rust/85ebc631ff6b5c7d7095.jpg,Leaf Rust,2,1353,85ebc631ff6b5c7d7095d6c64d6abbab7cc2d90b4e877cc74831f90cde93b09d
leaf_rust/86265df4ea434a89b827.jpg,Leaf Rust,2,1356,86265df4ea434a89b82773658a3e85e6c4a0a1c93f547a02ad6642f2922c4b99
leaf_rust/863d24ad561e05635dfa.jpg,Leaf Rust,2,1505,863d24ad561e05635dfaf5b743dfe44bbc31a1116eea8c46075628883163bf1a
leaf_rust/86efac729d872da81f56.jpg,Leaf Rust,2,601,86efac729d872da81f564d8eb6db981d5a2a1488e6f845428086b21a522d1c2a
leaf_rust/8795a9949e79051a68ab.jpg,Leaf Rust,2,679,8795a9949e79051a68ab4113782a8f5edce00957ef802d65a56e9f0772ca2e80
leaf_rust/87e7741dbaf65420c6fb.jpg,Leaf Rust,2,707,87e7741dbaf65420c6fb702d1d772024e4001248d4807e5b4da9c5a3d054a989
leaf_rust/898dc339b8b70eb43148.jpg,Leaf Rust,2,708,898dc339b8b70eb4314870bda387d6d4bc6ec6c767b71fc952f1957ed9de640b
leaf_rust/89c03419a5c5ff897239.jpg,Leaf Rust,2,1413,89c03419a5c5ff8972391a882c2a5dff1f85354111c075468b7485d7163c47d9
leaf_rust/8a185bfa38f4632d8eab.jpg,Leaf Rust,2,1623,8a185bfa38f4632d8eabe60bbc1a341ef8d4fb7f6876c037a2918bb61f267c48
leaf_rust/8a2faacebd654be7f186.jpg,Leaf Rust,2,671,8a2faacebd654be7f18606884b67acd51ea4fb6948057b6f0a6e2af3c094136e
leaf_rust/8a982a6459aec576ac9c.jpg,Leaf Rust,2,1316,8a982a6459aec576ac9cdb6c01e83a6b4e1013e1acedb02c2e10b63b74c20407
leaf_rust/8b4f66925d795075569b.jpg,Leaf Rust,2,667,8b4f66925d795075569b017a640e02ed5dfdaa32c5e1fab780c48ef8739634a8
leaf_rust/8c27da30b069c938d02f.jpg,Leaf Rust,2,1534,8c27da30b069c938d02ff709190e03b0ac3b27e5cb524e4ab72165b658cb0ad8
leaf_rust/8c363f64cb7280eb9e9b.jpg,Leaf Rust,2,1584,8c363f64cb7280eb9e9babd8e04af3262fe8045a91108b4e16e3c535fdbaa6b6
leaf_rust/8d88f43a5869642c811b.jpg,Leaf Rust,2,1433,8d88f43a5869642c811b33d040745d3b6c970fcab0694d6d99ed9335152b335e
leaf_rust/8df9ee4949af7b10de68.jpg,Leaf Rust,2,801,8df9ee4949af7b10de681b92134b30f5795355264a8543f562788b51e54167bc
leaf_rust/8e7835c7ba04ad74a54d.jpg,Leaf Rust,2,632,8e7835c7ba04ad74a54d01ce2fa737b33ca862db87f81ea06348d4de332f4a44
leaf_rust/8e8d2f3d1e5c0571f751.jpg,Leaf Rust,2,631,8e8d2f3d1e5c0571f751d3942fd79fe4840007ed9e1f8c4cb45cbf9cbbc58e54
leaf_rust/8e9992673fddaea97e4c.jpg,Leaf Rust,2,1350,8e9992673fddaea97e4cd29329a665a38f9fc5d2e63ba80767e35b68acdfb14d
leaf_rust/8e9ffbde8c48b2f17648.jpg,Leaf Rust,2,1553,8e9ffbde8c48b2f17648cc9e9958b37a5327add620b230ac940bcb17775ff44c
leaf_rust/8ec404e55414c2e02567.jpg,Leaf Rust,2,1462,8ec404e55414c2e025670a846e77a525afb88b2e9c5b5348ead9bc148493c7eb
leaf_rust/8fb6b6b54f1c5a93f7ca.jpg,Leaf Rust,2,1526,8fb6b6b54f1c5a93f7ca523f79dca4586cb28c7c7e0ede70ee3cb91d396bd099
leaf_rust/8feceef0386b242cd74b.jpg,Leaf Rust,2,712,8feceef0386b242cd74bee4247a0bc502ae00bcf428ad12d422b70de61570301
leaf_rust/90a985a5fd2e1b862605.jpg,Leaf Rust,2,1516,90a985a5fd2e1b862605a771d7aec00d4fc21fedad31260a7499acbdedc0489b
leaf_rust/90f1fcd666c11ea4d890.jpg,Leaf Rust,2,1587,90f1fcd666c11ea4d890d9d1469c508110dd8cca5c0ddaf30c945adf42b0c250
leaf_rust/91018f66b5e4abeee909.jpg,Leaf Rust,2,1357,91018f66b5e4abeee9091c05a17008bbf18bcf1e104824e4e54f7e3d21492652
leaf_rust/91e0f1ce801a393dde24.jpg,Leaf Rust,2,1355,91e0f1ce801a393dde244362f7faa90dbd7dfb7828fc338a07cdad25c897a03a
leaf_rust/9220ede359b7ca96a1e7.jpg,Leaf Rust,2,1395,9220ede359b7ca96a1e7bb20cd369b9ce1ca370b9c01625c22d9af6b146d5d26
leaf_rust/92bdb251d3ff7eee816f.jpg,Leaf Rust,2,767,92bdb251d3ff7eee816fe6e68754660cf10a3b86aed56ed8282125709878e030
leaf_rust/92ec6beb3ddf6ee05679.jpg,Leaf Rust,2,1318,92ec6beb3ddf6ee05679dc7fce4a0a3a2b845ea2d154edfd7f6aca4bbced437c
leaf_rust/9309c4c0323c42f2f3e7.jpg,Leaf Rust,2,1632,9309c4c0323c42f2f3e72eb1c7cc8a136ea09ad99896e35224718d1a557a6471
leaf_rust/94055d5b9a0210cd6e9c.jpg,Leaf Rust,2,653,94055d5b9a0210cd6e9c7e168fce4ef6695669b584806e39c998654fb9eb55d5
leaf_rust/9487faf7e44b5e38618e.jpg,Leaf Rust,2,1457,9487faf7e44b5e38618e21a58cb2fb45764e648a62afbb740fc5217fd75a257d
leaf_rust/95a97ae1298dce909450.jpg,Leaf Rust,2,1379,95a97ae1298dce9094506222d1df0198fea0926956c9381556eae695541ae3a5
leaf_rust/96c62968e83b1cfaa176.jpg,Leaf Rust,2,1511,96c62968e83b1cfaa176afe30677c9050a69a05de58a9a54564ed55be55d1e8f
leaf_rust/977fcb3bcf18819ac998.jpg,Leaf Rust,2,1392,977fcb3bcf18819ac9986b9c386645d126d431de2cad4763b3bc673fafd72cf4
leaf_rust/97da95ca6c0f194287c5.jpg,Leaf Rust,2,1582,97da95ca6c0f194287c5aa0e6a5b268e592990d142b0b981fffcb6c215057ec0
leaf_rust/9859a90de630ed5a88ef.jpg,Leaf Rust,2,1316,9859a90de630ed5a88ef5aa769677ffddcedd431184e8332838f40dd2bd84e08
leaf_rust/985e6ca09a8aaac152f5.jpg,Leaf Rust,2,772,985e6ca09a8aaac152f571ed26c9fd549955e97bfa040ea48400f3b5a1cbc1b9
leaf_rust/99840d51f00d3b6a69d5.jpg,Leaf Rust,2,1337,99840d51f00d3b6a69d5cc571dfddadf22e0c508d64ed0de934efe87557e6703
leaf_rust/99c9905888a57c9ee845.jpg,Leaf Rust,2,1352,99c9905888a57c9ee84548cd9a6576de68819e6ce11a35a389f5879370502d8b
leaf_rust/9b9bffa203cd32bbd0e0.jpg,Leaf Rust,2,1340,9b9bffa203cd32bbd0e092d6a217ed54c92f652663e4a26531e464fc2ef5999a
leaf_rust/9bca3f5a4d45f2901580.jpg,Leaf Rust,2,1390,9bca3f5a4d45f2901580324c3b60f0b9e84fcd6bfa8315e0788a65ec3079ec9f
leaf_rust/9e4e881e9f5581237fa4.jpg,Leaf Rust,2,1388,9e4e881e9f5581237fa43b64bbaa7dea2a7fa6ca438c399ed8b1ad13254a4280
leaf_rust/9e7e2d8eec2280573e61.jpg,Leaf Rust,2,1571,9e7e2d8eec2280573e61248426d5ac221d49fb5579fe4b766b76683a5dd03473
leaf_rust/9ee4a4940fe95ac8f559.jpg,Leaf Rust,2,1368,9ee4a4940fe95ac8f559b96678ba091239180e61d291a9af457a9ff741034732
leaf_rust/9f1790fc32169d1c730e.jpg,Leaf Rust,2,1318,9f1790fc32169d1c730e65a9a00cde2c30566561497bbdceed4ff77247881370
leaf_rust/9fa7e56cc93a7eca815d.jpg,Leaf Rust,2,732,9fa7e56cc93a7eca815dd150f89dc38c30aea59cbde9d11311468f3c60cd011c
leaf_rust/a0645b7562c8eeb7786b.jpg,Leaf Rust,2,1360,a0645b7562c8eeb7786b5d37de543a142c8f9c79f915a9ce1a4e318f1e11025c
leaf_rust/a08ffce9af4793191af1.jpg,Leaf Rust,2,1339,a08ffce9af4793191af1c56ef4c4c4f182cdc5e766659e1b981e6ce27aaebd3f
leaf_rust/a0c86644e6709a4b69a8.jpg,Leaf Rust,2,763,a0c86644e6709a4b69a86de3acb8d6e4ab8c2e13d0345337a7f0fd7158ffdaac
leaf_rust/a23a7ba3d797929b678d.jpg,Leaf Rust,2,791,a23a7ba3d797929b678db68c807dd64dd60d06d68dad9d85caf09b57dd2414c3
leaf_rust/a344afdd5c162dd70ecb.jpg,Leaf Rust,2,770,a344afdd5c162dd70ecb5fc8273c1297f74a791d62a717751dfd452ef01a432d
leaf_rust/a35084896edf7435a09d.jpg,Leaf Rust,2,1671,a35084896edf7435a09da4b473a294fd18ec609074bbd9f73168cf6e18ad1d39
leaf_rust/a355d4dbed4d2fd4a634.jpg,Leaf Rust,2,1352,a355d4dbed4d2fd4a63482dc9f67433757376536df1114d9a883fa4133351915
leaf_rust/a36e0f7d29da191a8631.jpg,Leaf Rust,2,1330,a36e0f7d29da191a8631e1db61102d19241e4b62d5b6fc8821263d5fb7d88e2d
leaf_rust/a40783e7c6911a5e7030.jpg,Leaf Rust,2,1517,a40783e7c6911a5e70303d1eac3796622bb3847ca48a5fd65d12a1a05f6c8387
leaf_rust/a463a60a04b41a1129ae.jpg,Leaf Rust,2,1515,a463a60a04b41a1129aea224a2f98db1e0821cf41d09e9704206439a0466ab87
leaf_rust/a4a7da8224361b5ea237.jpg,Leaf Rust,2,1513,a4a7da8224361b5ea2379cebd85a79eb476b6a4b42164c6e261ddb22c1e7fd5d
leaf_rust/a50ac5ae7b37e6dac372.jpg,Leaf Rust,2,604,a50ac5ae7b37e6dac37242f6a5d162c9a0c74010db756263c6ff6bb1f8d541af
leaf_rust/a536588403873dc6dd64.jpg,Leaf Rust,2,1312,a536588403873dc6dd647dcbe2437877162b4c306f114e2ad103d0358e2b3509
leaf_rust/a561db909757397a23e6.jpg,Leaf Rust,2,1372,a561db909757397a23e6157a75e3622af2d34489cbd979cf220ded29e544b275
leaf_rust/a5649bae178b61499f92.jpg,Leaf Rust,2,1673,a5649bae178b61499f92ee694a284421dbf7253594d6d44959e8e698e8b179b5
leaf_rust/a5af976f5e8c3599079b.jpg,Leaf Rust,2,1315,a5af976f5e8c3599079bbbfd4936d0da033a3bba86bfeb8ae85791c1c698e1a6
leaf_rust/a686fd091d3d89e0cc1b.jpg,Leaf Rust,2,1476,a686fd091d3d89e0cc1b561e51089f20605334285b9631cb2be220f81c5ab9dc
leaf_rust/a72969fc428df6d29eb3.jpg,Leaf Rust,2,1326,a72969fc428df6d29eb3f618c0b9d78c8c801e51de911e09a14d091a75113741
leaf_rust/a7f9c2da9152e04f520c.jpg,Leaf Rust,2,598,a7f9c2da9152e04f520c5abb26859ed6d136d1bf1e36498152246ddbe40cc3a0
leaf_rust/a80632f171afb13e1f29.jpg,Leaf Rust,2,1318,a80632f171afb13e1f2912a7db2adbf2ea4120a5d480dda25cc307afcdd60ce1
leaf_rust/a8a5234a127cdbc0990c.jpg,Leaf Rust,2,612,a8a5234a127cdbc0990cd3b4da7fb5a36bbd281ad7449903477f17ff4c6d936a
leaf_rust/a8fa36753e23dc13b95a.jpg,Leaf Rust,2,1348,a8fa36753e23dc13b95a3bbc25ea9394129f4dc00e0428248ff5be5f8374ec8e
leaf_rust/aa0303c1d8679e31646b.jpg,Leaf Rust,2,602,aa0303c1d8679e31646b7e1dfb82c57726df12fcc36f30c2eea92a535d47d10d
leaf_rust/ac79c12d00cc43f83d03.jpg,Leaf Rust,2,1321,ac79c12d00cc43f83d03229bff52f4fd4448632bb793d43c64231e75611e0379
leaf_rust/ad0edbc72a52460be4a7.jpg,Leaf Rust,2,1326,ad0edbc72a52460be4a7309f82e58315403b009526e851243e02f4c1bafeb033
leaf_rust/ad1e01a28f0380771e10.jpg,Leaf Rust,2,568,ad1e01a28f0380771e1063c7e3b11fc1aba3069f94bd3e8933ce2d3f998e0a3b
leaf_rust/ad78cd1907056466dd4c.jpg,Leaf Rust,2,1393,ad78cd1907056466dd4c04fb37517336c99e991abff33db19d30a80fca4ad9b4
leaf_rust/ad90cd6153e25ea15844.jpg,Leaf Rust,2,1668,ad90cd6153e25ea158440845a7324c854f6839a13f7253f0dd0341e557b201e4
leaf_rust/adc3951a6f06cd148639.jpg,Leaf Rust,2,1380,adc3951a6f06cd1486390d76634ebc5cf346a8de030a14453ef16895982dfb82
leaf_rust/aecf7b3001c54d8eb885.jpg,Leaf Rust,2,1389,aecf7b3001c54d8eb88551c8b61269b279965a6923b3233eab27e3d67bd6ce11
leaf_rust/aef5456b0adcfe2988b3.jpg,Leaf Rust,2,1347,aef5456b0adcfe2988b31bcb33e6efea04e3cbc07acfcd9da5d8aba96bc328be
leaf_rust/b126b8f0b96ba8fba11a.jpg,Leaf Rust,2,1494,b126b8f0b96ba8fba11a7f24a1fd1556c1d0d7c60078ff39c54c7c9fc78c54eb
leaf_rust/b1273dc96ab1d3604f22.jpg,Leaf Rust,2,1337,b1273dc96ab1d3604f224f722b8425bb29e3f9ca1110f655926bb7384b40c049
leaf_rust/b1702e2ca59a3d03e430.jpg,Leaf Rust,2,771,b1702e2ca59a3d03e4302a3269867a1162b78ebd70cb23d987c54898ee064db4
leaf_rust/b2308b7f5df44695d986.jpg,Leaf Rust,2,645,b2308b7f5df44695d9864fb072e25feba3658812250138e21f3bd55960b264c1
leaf_rust/b23dbb2d76c60d3946d2.jpg,Leaf Rust,2,669,b23dbb2d76c60d3946d224dd6b7191ea0f8f7afbab9b63a670adf0f9376c3ea5
leaf_rust/b2bc6e095dbbf3c03cbe.jpg,Leaf Rust,2,1550,b2bc6e095dbbf3c03cbe8de228df4e8516d1b618f68682b5b52af97156f926be
leaf_rust/b392d05ab7432ce9e447.jpg,Leaf Rust,2,1403,b392d05ab7432ce9e44715fa71cfad9b3ae0729e6e3815d3e42c4d34e2f0a5d9
leaf_rust/b4602e09dca0ceec52cf.jpg,Leaf Rust,2,1367,b4602e09dca0ceec52cf5f23d1f86b2e13ef94dc2dd71afe37393f7099d3cef2
leaf_rust/b4714a21cc4ca93bdf7b.jpg,Leaf Rust,2,601,b4714a21cc4ca93bdf7b807e1e3138fe2b290b63a4cd30e2da0783f3f3455ccb
leaf_rust/b5c0dab69e98b891f8d2.jpg,Leaf Rust,2,1342,b5c0dab69e98b891f8d25e03369a78b19728be6c893312d73841ca7f3b89a4ba
leaf_rust/b622c249b377c529a601.jpg,Leaf Rust,2,799,b622c249b377c529a6010026727c175b1d90d82cbbb62bcf0bef2cca46f8c9a6
leaf_rust/b671cc7578f354012b9e.jpg,Leaf Rust,2,613,b671cc7578f354012b9e3a0e6aad82408991357382636b6cd3a2e609777961d3
leaf_rust/b6ae6a65f5bf2c08bbcd.jpg,Leaf Rust,2,557,b6ae6a65f5bf2c08bbcdd582f163c40fc9a14346817c7400ab58233f4dcbfdb7
leaf_rust/b6e37ff505a9924c23cb.jpg,Leaf Rust,2,1406,b6e37ff505a9924c23cb12eea8cbac85d54a42fbdc9d9d4022ccee4213c3c479
leaf_rust/b7a3cec7b845116ed0b4.jpg,Leaf Rust,2,656,b7a3cec7b845116ed0b40501ee1752e6d8fbafb6171bfa59527b1047d346e5ce
leaf_rust/b7bef315114c9d18eea5.jpg,Leaf Rust,2,670,b7bef315114c9d18eea5838260b8476bebe764a553c5618826701bd52d8a2921
leaf_rust/b8a1a8e058af8bd8ec59.jpg,Leaf Rust,2,1355,b8a1a8e058af8bd8ec59103a552f1e3fe2712e01679b4804c17920d3d161020f
leaf_rust/b97923bedb92dbe00400.jpg,Leaf Rust,2,678,b97923bedb92dbe0040027473268914a269f1ece3fe7f7ae5c666bf0c6a6e1bf
leaf_rust/bb152462b98b1f6745a1.jpg,Leaf Rust,2,1316,bb152462b98b1f6745a1cfef6608aaef31ea3f195a9691296bc550afd03570de
leaf_rust/bb1924e0db2c334d149e.jpg,Leaf Rust,2,688,bb1924e0db2c334d149ec7a34791ecd064c31be96fb8b273a6c911998f89461c
leaf_rust/bb9340817559856020a2.jpg,Leaf Rust,2,1404,bb9340817559856020a23eff03a64a5c871ca563121b0c257407a042ce9bbd6e
leaf_rust/bb942f0f417558e33e88.jpg,Leaf Rust,2,585,bb942f0f417558e33e884d48343f39d30679d7e4635f28da388aad5dc112445a
leaf_rust/bc405e2c75a7c8e6efbe.jpg,Leaf Rust,2,1525,bc405e2c75a7c8e6efbe3d89412d239523097d2f4f9e4fd639b1d026c7261d9d
leaf_rust/bd11eeaa1fd325051f05.jpg,Leaf Rust,2,1491,bd11eeaa1fd325051f0528c357738377b768aba3c63cb1aa147a58f702e51776
leaf_rust/be95e3489abcb2dc7fe1.jpg,Leaf Rust,2,757,be95e3489abcb2dc7fe1c00b49b51fc7ad3cede727d22f7306b06bedff216a65
leaf_rust/bea7eff6f4f16df0211d.jpg,Leaf Rust,2,1355,bea7eff6f4f16df0211d5de4e7ce7bc2bc425ed9dc0fc87a695d654505e96f89
leaf_rust/beb756937e9f5c83796e.jpg,Leaf Rust,2,1333,beb756937e9f5c83796e85ded8801770847327990a2a1a292b2b3c133586bd6a
leaf_rust/beccf8e3296aaf86a5cb.jpg,Leaf Rust,2,1348,beccf8e3296aaf86a5cb6e72df4fae9dee7500bb20efb241b6240a89af1029c3
leaf_rust/bf9a2f9142820a493924.jpg,Leaf Rust,2,827,bf9a2f9142820a49392484f94388ceded06985ae8435bc16a3a8fb7fd106ab59
leaf_rust/bfa68d23e650b9ac7a8e.jpg,Leaf Rust,2,1323,bfa68d23e650b9ac7a8e764fe0db8d2a964268449eaf8c88c60fc730bb348884
leaf_rust/bfe5a14663d1c9b7bfa8.jpg,Leaf Rust,2,554,bfe5a14663d1c9b7bfa879e8e8254485814894c086559a2cabdfcea37003e710
leaf_rust/bff90bfbf0a94a9580ab.jpg,Leaf Rust,2,1366,bff90bfbf0a94a9580abd0c797c885973e0645d1557dc958b8c0ac57c5421bd8
leaf_rust/c002e9e50b0eae66b6c9.jpg,Leaf Rust,2,1614,c002e9e50b0eae66b6c9ebce3b734750278d915b4d202bd75e45e43773cf7c37
leaf_rust/c1d9bc1f08b6a20066c5.jpg,Leaf Rust,2,578,c1d9bc1f08b6a20066c5be86737f750b79f32da9929315efcf0175f665521fa4
leaf_rust/c2057b67735868211361.jpg,Leaf Rust,2,579,c2057b677358682113612e0c834bdf844df80d6ee6f5dc24a3ae7fe5d882089a
leaf_rust/c23936241407d39d4c47.jpg,Leaf Rust,2,643,c23936241407d39d4c471532dc26407bae10de0be66665f683ef6fb0757c133b
leaf_rust/c2d504b6eb776fd463c7.jpg,Leaf Rust,2,816,c2d504b6eb776fd463c7ee3fe8c4d49ad465b43d375a445d69347ffb60127d71
leaf_rust/c31bf9155b0bc3036a6a.jpg,Leaf Rust,2,1478,c31bf9155b0bc3036a6ac4eb2ca2d19541d0fa93280375f092664286e86eca44
leaf_rust/c3bf6ab3cb1e72d92c6e.jpg,Leaf Rust,2,829,c3bf6ab3cb1e72d92c6eacb92da09e415dabdd20dfcde222b3b562f22178d26f
leaf_rust/c3db9e89bda356f37fc7.jpg,Leaf Rust,2,812,c3db9e89bda356f37fc7704c64e9aab13dc9aaf92d8cc1cf0079babd4df37815
leaf_rust/c4142a9c5dc39608fb7c.jpg,Leaf Rust,2,1369,c4142a9c5dc39608fb7c2ae099240917eeffdafbec27f16d54ae33d5df0663b8
leaf_rust/c4a600a915b4bed4bfa6.jpg,Leaf Rust,2,802,c4a600a915b4bed4bfa691b743d6b356cd864546ad112dfb44ad3adb6c2e12de
leaf_rust/c4cf74ad65cb342c18d4.jpg,Leaf Rust,2,1317,c4cf74ad65cb342c18d43b62fb1bbc8140894db9765bea0b94a8caa50a477715
leaf_rust/c550b6ab941339af3d11.jpg,Leaf Rust,2,1320,c550b6ab941339af3d1141b255390a72167215989855d8d5e0316849546a5e9d
leaf_rust/c5c5c00beeb31510b351.jpg,Leaf Rust,2,1321,c5c5c00beeb31510b351ed3573ad5786a717e947979a3977fc4a34e5062754ad
leaf_rust/c5eff1d5fad25635914d.jpg,Leaf Rust,2,1436,c5eff1d5fad25635914d5809a36c15069a0d9786fe9d0183de50b031aea844eb
leaf_rust/c63a12e18f9ec148857a.jpg,Leaf Rust,2,1663,c63a12e18f9ec148857a3e2b8a7036905de1e09bead7333a2c2bb2c367b471de
leaf_rust/c65744e4239458ce0047.jpg,Leaf Rust,2,1417,c65744e4239458ce0047229654f435a5b002d12442928fc6dde1cbddd6c06c57
leaf_rust/c6e8e0ff58f1ed53a1f5.jpg,Leaf Rust,2,1329,c6e8e0ff58f1ed53a1f59906eb7795e2528c29180de5a46f9c116abd97555f45
leaf_rust/c72b50549397ef4e2eef.jpg,Leaf Rust,2,1656,c72b50549397ef4e2eef83ebaf8c8c041913d13c856c5a54e04c8183b0de158a
leaf_rust/c884d5e16d2f97af70cd.jpg,Leaf Rust,2,1312,c884d5e16d2f97af70cd0f7f1223c803dbc00e43cf1dfe57c74316a756b877af
leaf_rust/c89483e457151a8c7ac7.jpg,Leaf Rust,2,1382,c89483e457151a8c7ac7b7bd258a1d2b61305fe1c6ed5397d2e0dc303349b343
leaf_rust/c8ecfdc89676ce780d95.jpg,Leaf Rust,2,1340,c8ecfdc89676ce780d9512a6d211790eda6c82c9f3346238d89f1ce3e1a52186
leaf_rust/cb0157a63a6b36a1bb7b.jpg,Leaf Rust,2,1356,cb0157a63a6b36a1bb7b40ac0ef627a0a667a57f763baf7d2cbcd9894ee1c806
leaf_rust/cbae958b7dfeb70384c9.jpg,Leaf Rust,2,1323,cbae958b7dfeb70384c9eea27ae78f8ef0b3f9c4a67b12d2cbe3ea73defc333d
leaf_rust/cceacab5d616fbd5c905.jpg,Leaf Rust,2,1311,cceacab5d616fbd5c905b008fb2dd6786a565680d55793045df3407a92cf59e0
leaf_rust/ccfedd05934b800bce5f.jpg,Leaf Rust,2,1348,ccfedd05934b800bce5f3864c50cdbfc9c3b91cb4d8841ba5d63b20088faf746
leaf_rust/ce265765377c23f380e9.jpg,Leaf Rust,2,1398,ce265765377c23f380e9aad0da0c51e7887b5fd9421ab604edb7be38c73937e5
leaf_rust/ce7dc4de47a7fbd91f9e.jpg,Leaf Rust,2,1335,ce7dc4de47a7fbd91f9e0ff9a6019b0c39d4373d608aea33249250479198c999
leaf_rust/cec26b32ebba2a3af085.jpg,Leaf Rust,2,1323,cec26b32ebba2a3af08534c4f58396428112407992e7c73b0fb24fc6117d27c6
leaf_rust/cfa488fc2a80e4867524.jpg,Leaf Rust,2,583,cfa488fc2a80e4867524a7ad1d24958ca8a09f4aea987899ff40fc46a0bf3bfb
leaf_rust/d0510e785310699bc9ba.jpg,Leaf Rust,2,618,d0510e785310699bc9ba05f8431ed08a06cbcd44d1e5b25992fe38ec29f1c8fd
leaf_rust/d068665d58731e4a11c4.jpg,Leaf Rust,2,609,d068665d58731e4a11c4dfa18363f5bd23d5682b743935a8bd642bffb4febb30
leaf_rust/d11c4baa745051cdc7e7.jpg,Leaf Rust,2,573,d11c4baa745051cdc7e74c51228b86e5ad22b65dcc998c13099a063cc5585522
leaf_rust/d16a5407a2faa8cd1664.jpg,Leaf Rust,2,684,d16a5407a2faa8cd16641351e696a3cafddaf88cba6bb6dedc07423400ca139d
leaf_rust/d259bebe5d23f036db42.jpg,Leaf Rust,2,1328,d259bebe5d23f036db4282e6209897d305a876001da1cffdcdc9a3100d99f0ec
leaf_rust/d2733ed62110c2c99c04.jpg,Leaf Rust,2,1603,d2733ed62110c2c99c04bbdfaf90bfb92fc77148af9f1bac55e393d866d33bca
leaf_rust/d2854e85ae7e1eec45a6.jpg,Leaf Rust,2,1331,d2854e85ae7e1eec45a67db022423e949cfbd7652fbfa3603f891498add148db
leaf_rust/d290a98da0161c671fd8.jpg,Leaf Rust,2,655,d290a98da0161c671fd8b4f921fc85df2c23bef00f5825597a68643b86d475d0
leaf_rust/d5255d4c2bc1abada539.jpg,Leaf Rust,2,1342,d5255d4c2bc1abada539f36bd83795723117ff20d772f5faefbe81c6106d42b1
leaf_rust/d5f67f5756a7c3a382e7.jpg,Leaf Rust,2,620,d5f67f5756a7c3a382e7d311493f81e77263306ee70c8aeea7f1b02e596ee74f
leaf_rust/d63e6feebf66685692aa.jpg,Leaf Rust,2,1506,d63e6feebf66685692aa7af8289d360db473051f0742822c3012799f807982c2
leaf_rust/d6db6ec4ca1a003f5996.jpg,Leaf Rust,2,701,d6db6ec4ca1a003f5996a40ba6aca31519b7a0a8ebc947ec268d75cc8676d063
leaf_rust/d759afd37c7bf4524bd7.jpg,Leaf Rust,2,1409,d759afd37c7bf4524bd7f94271a602ffb16cff1f17f56ece02ddf63297a2f6fb
leaf_rust/d7eed400d9b87d8eaff5.jpg,Leaf Rust,2,594,d7eed400d9b87d8eaff5742da3be323b9ef5e58bf33730c279149c7854f31ddc
leaf_rust/d90988bc1c9b3315c6d5.jpg,Leaf Rust,2,1527,d90988bc1c9b3315c6d58d68b34d34ce0dde749c29b06687b5e510536fc78d56
leaf_rust/d93a189d4a4c2a11d803.jpg,Leaf Rust,2,1500,d93a189d4a4c2a11d803114492354fb6fb70dc491af1dc2aa69862ca06d08b5b
leaf_rust/d98881de29d3151cbe6e.jpg,Leaf Rust,2,1329,d98881de29d3151cbe6e153a5d52ab5e855687c085c99b376260ea756283311a
leaf_rust/db09400dcb9bd14a176b.jpg,Leaf Rust,2,1427,db09400dcb9bd14a176bfd972ee76a2f9700e2239b3b3ae4db9c8ea13bf585f9
leaf_rust/db508a5401679bb953fd.jpg,Leaf Rust,2,825,db508a5401679bb953fda7b1a527e8d8589e700d1053d741c24f5e4255c81d7b
leaf_rust/db5c2af1cb680e470329.jpg,Leaf Rust,2,715,db5c2af1cb680e470329bfa786037b2f1ee4761235d765ee07ced2af0fe69a67
leaf_rust/db909f9131b9be3b86ec.jpg,Leaf Rust,2,1384,db909f9131b9be3b86ec36c4b149c0f3a51003e6705ef4716ab8147cd2fc268f
leaf_rust/dc1b6f01f91f2f9ae762.jpg,Leaf Rust,2,721,dc1b6f01f91f2f9ae762a47b4fe0e32e38be526e64765b55abcd2dacc5432df6
leaf_rust/dcd2d290e150d52b7891.jpg,Leaf Rust,2,1324,dcd2d290e150d52b789144c9b3243de9633009c01366743b05acf0e86dfc40b8
leaf_rust/ddbd6c91627806b014ff.jpg,Leaf Rust,2,1664,ddbd6c91627806b014ff11b2dd7a5c7193864e3bb043591578751113bb1d26b4
leaf_rust/dde52a148a358e5366a3.jpg,Leaf Rust,2,1674,dde52a148a358e5366a3ca68e167eaa1c853d9fd69e0e7b42d3a7681f200469a
leaf_rust/deb4a5cd3dabb4934276.jpg,Leaf Rust,2,1660,deb4a5cd3dabb4934276d9a83a56267b7c23bf1adfd648d948cf69cd55312546
leaf_rust/def8c0381d49ff4b01a7.jpg,Leaf Rust,2,778,def8c0381d49ff4b01a7970cc0dae3210c1db86027160bf71f5a38333c52803e
leaf_rust/defb2e9fae5f503abc8a.jpg,Leaf Rust,2,1333,defb2e9fae5f503abc8af01dffb60d388bb9bd383dca4ac7fda3f3d3bb8ead9d
leaf_rust/df3aa746cbd3df75db16.jpg,Leaf Rust,2,1329,df3aa746cbd3df75db1654c0a7dd51ad25fda1b8a1b651620020de3ab6de1c2c
leaf_rust/df4ff25a65b0ddfc9aa9.jpg,Leaf Rust,2,1471,df4ff25a65b0ddfc9aa92423d943eabc7d56b4707fc1798a92dc668cbca42988
leaf_rust/e0048740f3ecb607229a.jpg,Leaf Rust,2,606,e0048740f3ecb607229a851477370ddbb45358b15e12fe3533d6e13bbb60066a
leaf_rust/e21c26bc7760e25800db.jpg,Leaf Rust,2,1621,e21c26bc7760e25800db98393a9ccda15e07d3b6025ce4e2b315114917c2a6f4
leaf_rust/e3b6772f2be546c52246.jpg,Leaf Rust,2,1317,e3b6772f2be546c5224607e54cb79a358bce38a59810de806cd6700292ac41c5
leaf_rust/e3d2eadef0b0eb27f766.jpg,Leaf Rust,2,1328,e3d2eadef0b0eb27f766ca47bd6d3e0082c8f5a18e41536cb064e02010da32a6
leaf_rust/e487eab53fcf9d7f06a7.jpg,Leaf Rust,2,776,e487eab53fcf9d7f06a73e405d006726ebd31da240d2276ff8f4296fef8f7036
leaf_rust/e4cdfaaf11be37316895.jpg,Leaf Rust,2,1442,e4cdfaaf11be37316895cbf6a8274143b56b2d1a7d73b8e1fd6a79b310c35255
leaf_rust/e53b93dc03d87eeda77e.jpg,Leaf Rust,2,1437,e53b93dc03d87eeda77e026a83cc7da0fcc8880277ef6ee2fea652fa0f9eaaf8
leaf_rust/e575acaeab8be3d1767a.jpg,Leaf Rust,2,750,e575acaeab8be3d1767a3a40fd3419c5c93556d1fe9ea38ec4757a59d7838d19
leaf_rust/e59ea3cad05cc0b6ab55.jpg,Leaf Rust,2,736,e59ea3cad05cc0b6ab55dbf1383c855c6ba6d15c87fa22c06eedb466b75c74f3
leaf_rust/e612205fd8c4d5aaa220.jpg,Leaf Rust,2,815,e612205fd8c4d5aaa220843c771f3566f853e09a4dc4230b44b37c1c40b2b62d
leaf_rust/e61be830888d5c0a0655.jpg,Leaf Rust,2,1573,e61be830888d5c0a0655636908189b5e9a94aac340a22c47a8f7a0cbfed0dd2a
leaf_rust/e6bb5c389259d62dda91.jpg,Leaf Rust,2,1463,e6bb5c389259d62dda9166520f8f4d2954cb70ad8edd1e54cb33bcf64fedcae8
leaf_rust/e70105a82f576ac41389.jpg,Leaf Rust,2,1530,e70105a82f576ac41389fcae3680b0f95b6a9ec0431a79ba40ce5d4e9282dc1b
leaf_rust/e74618dda41a665a24ee.jpg,Leaf Rust,2,1347,e74618dda41a665a24ee7741b8b8003b02419279b4e006791cdc943be15a24e7
leaf_rust/e7b4e3ac62fb2d2c0c18.jpg,Leaf Rust,2,616,e7b4e3ac62fb2d2c0c18673d0f385cb56fc70ea4d402827b399f0eec17b612bf
leaf_rust/e7e5789e51fd7aa3a305.jpg,Leaf Rust,2,1627,e7e5789e51fd7aa3a305e52d5e6247b7fdb6718198f4e18cb80ac6f523f1e4c8
leaf_rust/e7edc16eba5409872e46.jpg,Leaf Rust,2,1668,e7edc16eba5409872e46954424fe50a94533bc7210928afccc5663f31e8437e2
leaf_rust/e81727f8727d13df1cf9.jpg,Leaf Rust,2,723,e81727f8727d13df1cf9c0976fae3ae28988a8ba1ae9f209ff57f090978a193e
leaf_rust/e8ba7cd1028a475c3b59.jpg,Leaf Rust,2,781,e8ba7cd1028a475c3b598f59e7b1b8aa9cb4be0d0e2ee9fb9b850f4d3580197c
leaf_rust/e9e762eaa4c3ac70de87.jpg,Leaf Rust,2,1352,e9e762eaa4c3ac70de87cbb5317eabb267d36b1bddc738a130a7406a95ebad4c
leaf_rust/ea87eec4f80143ca75a5.jpg,Leaf Rust,2,586,ea87eec4f80143ca75a58a781e6e7570d908901db9b4911641ea1b15d9e269b3
leaf_rust/ea8e56bfe4d7608854c8.jpg,Leaf Rust,2,1482,ea8e56bfe4d7608854c80e65c80fff4dabd93ab3975adc63c0a4daf2790b3df8
leaf_rust/eb37500022f7097913dd.jpg,Leaf Rust,2,1609,eb37500022f7097913dd9f01e041ca2f018e26bdcfe7ea4ed0b539b007fc1dbb
leaf_rust/ebd8665de64610980d9d.jpg,Leaf Rust,2,694,ebd8665de64610980d9d6dd5d0f4768456e66f0eaef147d891a220f0641d24c2
leaf_rust/ec3967036e17edad3fb8.jpg,Leaf Rust,2,1558,ec3967036e17edad3fb88668c8ef7f6e0f5c5cdb6ded92a6977714e97472be6b
leaf_rust/ec963ec2ea5cc850e952.jpg,Leaf Rust,2,1583,ec963ec2ea5cc850e952b102ec5f2c0ae53a3fbc4841f1aadefbc235e542d26b
leaf_rust/ecec2965e5f7df903b52.jpg,Leaf Rust,2,1566,ecec2965e5f7df903b52ce725703418254eb81cc9c5208282f8ca9335ee4679c
leaf_rust/ed09c0fae95680995e4d.jpg,Leaf Rust,2,1560,ed09c0fae95680995e4d4c7c7e57e477247f3fc3e991772580477923ab973e43
leaf_rust/ee6ab7c17e36f49d76e5.jpg,Leaf Rust,2,1408,ee6ab7c17e36f49d76e5842282413bf63ef0af9120ec12db7726ada0247a0cb9
leaf_rust/eee3f816c0255da52ea7.jpg,Leaf Rust,2,1624,eee3f816c0255da52ea71d804eae11d34e4ca38105957e885538e46df0a8e5d5
leaf_rust/ef35dc788fe63af54863.jpg,Leaf Rust,2,638,ef35dc788fe63af54863c5c07575a97bd800c49b0ca74c4d10a786a84bd6af44
leaf_rust/ef749b4c434c73c59002.jpg,Leaf Rust,2,1636,ef749b4c434c73c590025994dcfec8bb03e0532fec367ab487b408c253dc1592
leaf_rust/effe722a22a4093d733d.jpg,Leaf Rust,2,564,effe722a22a4093d733dc4efc6d486eec35d6ecb0db30b8fd2217726413f3bcb
leaf_rust/f078492771d3c96b49b4.jpg,Leaf Rust,2,1640,f078492771d3c96b49b47974befeb3448d735fa4f5c40846896441aeac42cd2a
leaf_rust/f08a8d81fa33fbdacd01.jpg,Leaf Rust,2,1306,f08a8d81fa33fbdacd017b770cc23567b5189252a350cbf067a2f0340d788c14
leaf_rust/f0cba8303e833f8af863.jpg,Leaf Rust,2,615,f0cba8303e833f8af863ede0c8e82d4ff10895390c4a40b54b42cb6b2182ea29
leaf_rust/f17e2d1e053b4480d631.jpg,Leaf Rust,2,1634,f17e2d1e053b4480d6319ce39b8783bec5375858b0328289e1fd16e841cf35a2
leaf_rust/f1a74b82aa6c773e9d1e.jpg,Leaf Rust,2,1601,f1a74b82aa6c773e9d1ecdbab5834023e1d335cd496480f08e0a93b64ccaff64
leaf_rust/f33b72f6604c9739ee45.jpg,Leaf Rust,2,753,f33b72f6604c9739ee4550a7883a449897669bcad0f23b03b5879f96014a4799
leaf_rust/f536cbfacb1a0d35b7d9.jpg,Leaf Rust,2,1668,f536cbfacb1a0d35b7d90f3bc33366339c2feaecf6cc36cd7d60755bf26ba4a1
leaf_rust/f54ecd40482da3375d6c.jpg,Leaf Rust,2,699,f54ecd40482da3375d6c2c3d35b83d9ef3e318a72837bb34bd89ccde91462774
leaf_rust/f5b0dc323ea276334d94.jpg,Leaf Rust,2,1326,f5b0dc323ea276334d94a9ae5cb892f5fe3245aa3bc1c0641f8c3275081d49f1
leaf_rust/f669b5dc4b6faed2de47.jpg,Leaf Rust,2,703,f669b5dc4b6faed2de47e5d9098343c40f36977adfaddadb32301f20f9edd24f
leaf_rust/f6e22dfdb4aae76a3e7c.jpg,Leaf Rust,2,788,f6e22dfdb4aae76a3e7c9791eea0dcb6d81b560b91892d46da801587708637d2
leaf_rust/f75cc5e089b2a099f9ef.jpg,Leaf Rust,2,1411,f75cc5e089b2a099f9ef256b422b0272147fa92bbbd8f0096bd3059c64b0c512
leaf_rust/f7c80670148850e9929f.jpg,Leaf Rust,2,1672,f7c80670148850e9929f2094ddcc942fb95282c13a3ec96410a92b861ce3bf53
leaf_rust/f9b91c26e441622fc531.jpg,Leaf Rust,2,1373,f9b91c26e441622fc531d8c49134315118a413ac61c0dc68fa5aae14e421267a
leaf_rust/f9ffa7af893edeab4573.jpg,Leaf Rust,2,1340,f9ffa7af893edeab45739c5a7dbbb01c1137e86efe6df588a5b3a8955c335f76
leaf_rust/fa310752a87445676172.jpg,Leaf Rust,2,603,fa310752a8744567617224718bbb78a2c6ce0a8e80fcde762c15ad805245bcd9
leaf_rust/fb953b39f81f12f523e8.jpg,Leaf Rust,2,1331,fb953b39f81f12f523e8cc0cc42db131f6aa843aea9c47d9003cfc8a60a1c913
leaf_rust/fb9aa9e068320f63edb5.jpg,Leaf Rust,2,665,fb9aa9e068320f63edb586ef965bc61adcbf8abd68a911ec60a5336aecabf0f4
leaf_rust/fc4bd01a8b09128bcc92.jpg,Leaf Rust,2,745,fc4bd01a8b09128bcc920e90be196caca74e59752552a2348d5f1e2151a1d55b
leaf_rust/fc59409d0f1e5e4ab26a.jpg,Leaf Rust,2,1577,fc59409d0f1e5e4ab26aca7e6ba0bcc280070be59713ca940a87ed241e4143a0
leaf_rust/fca1027e723e3fcdff7c.jpg,Leaf Rust,2,1324,fca1027e723e3fcdff7c9fc5525802bf3ec85c6dade2bbc137aa78a13a1e91d8
leaf_rust/fcd9cad6410e1481c55e.jpg,Leaf Rust,2,751,fcd9cad6410e1481c55eb8abb3642b5cc482253935d662c3c8f9fe5fd776d8f0
leaf_rust/fd093fc4092d92e215d4.jpg,Leaf Rust,2,1681,fd093fc4092d92e215d4dc0c18019b55b57ac3fe779d948363511a92eaffd4b1
leaf_rust/fe35829f7f9a018eba51.jpg,Leaf Rust,2,1447,fe35829f7f9a018eba51d8555bd790b1f1cf72f66708879806ae0dfd2e97adbb
leaf_rust/fe833cc9e0a944bd2cf6.jpg,Leaf Rust,2,1324,fe833cc9e0a944bd2cf6e241656cd413fb99c46feb202c683449944c8c3c5c62
leaf_rust/fed9edfa9d4e92a1ffcc.jpg,Leaf Rust,2,1564,fed9edfa9d4e92a1ffcca2e07c5f346f5f6161ee8530f19a59eb23ea0e7ce49b
leaf_rust/ff8c1e8a8c7c2f21fca6.jpg,Leaf Rust,2,1597,ff8c1e8a8c7c2f21fca685bfb6e9a70ef70c949d2b26c557499c97b167304eab
leaf_rust/ffcd5fe672fbc37867fd.jpg,Leaf Rust,2,1567,ffcd5fe672fbc37867fd09b02e7d5dba0c7c84f7f41f82f9086d28b9592fe1e4
phoma/000090606cb16a9e1fad.jpg,Phoma,3,872,000090606cb16a9e1fad826be218fe5f5cb4478e672a263bcb9c1ca10901d829
phoma/0067d391dd73fe8f7cae.jpg,Phoma,3,1694,0067d391dd73fe8f7caece9cc0f35fe01e1083882b05378095d92aaf0d23f9c6
phoma/0091fcb0bd9676ccba7a.jpg,Phoma,3,872,0091fcb0bd9676ccba7ae59a6f775fde2340fb546623ed9beedd0d093344ac66
phoma/00c01c45228cbf37c62c.jpg,Phoma,3,876,00c01c45228cbf37c62c0118c89df11fe50cdab173db0fd8a899287fd1a432a5
phoma/01ce60e79e865cca8e3e.jpg,Phoma,3,839,01ce60e79e865cca8e3ec972bf2eed25690e5ff2e716bb6bef819a8678a5d3b8
phoma/0202a2f121322cbebf01.jpg,Phoma,3,859,0202a2f121322cbebf01c3cb8f5eff3a63016e89c2486b0d024ff5f8e9efedab
phoma/028489efa952a9abf654.jpg,Phoma,3,857,028489efa952a9abf654701231a32c94ebaca92eea1aa60d6de54ebfd45e102a
phoma/0290c5cfae11e4f95445.jpg,Phoma,3,909,0290c5cfae11e4f95445be20aea669df83ef4d27d832bb287e9790880bf1e7d5
phoma/033451337e4d311df9bd.jpg,Phoma,3,891,033451337e4d311df9bd8b42cdb329efe047803ac49ff82bae722c8bda2a5d66
phoma/03a10709fb59e8978aa5.jpg,Phoma,3,872,03a10709fb59e8978aa5439ef6e6d4a90dba7de3fc1dd2b5dd4fa3df55f3c98a
phoma/052b177d1ae28380e74f.jpg,Phoma,3,885,052b177d1ae28380e74f2f97f1a517ec7137daaa86674cb7edb4f875c3cd302f
phoma/054fe6b080b8bcd900a7.jpg,Phoma,3,902,054fe6b080b8bcd900a7091fb015b6ddbbd4fc4867726f7903b256d65560906b
phoma/05cbde7eb181b8ebbd68.jpg,Phoma,3,1718,05cbde7eb181b8ebbd6872a6b1d2e2ec31f30addffe9111bdfcab8ba99d20dfa
phoma/072d83deedff880c9cb4.jpg,Phoma,3,1693,072d83deedff880c9cb41949cbd67142b0a7c1e813661d747b9925f243c8d6af
phoma/07ba659da5ffe6e90fc9.jpg,Phoma,3,834,07ba659da5ffe6e90fc95dc45b745d9e993156e20eb5f68227bbee3317c7da37
phoma/08427f0f9f3f9ba1cab3.jpg,Phoma,3,858,08427f0f9f3f9ba1cab392139a9a46ff530e0257c65108151748ca8cde9fcfcd
phoma/08a7f6d284bb3402e8a4.jpg,Phoma,3,1691,08a7f6d284bb3402e8a4eb4ce23526c1d309c7c44a087db506cfea00e2ec9588
phoma/0aa66874428982b06a97.jpg,Phoma,3,842,0aa66874428982b06a97cb22923b712291a46d49ce2a479ddb4456b762803e83
phoma/0aa9c9b37978b657222b.jpg,Phoma,3,833,0aa9c9b37978b657222b819d410f32f7fffe7ce2aeee652b71cc104b376b682b
phoma/0ad18f8c7cdc8e99a2cd.jpg,Phoma,3,886,0ad18f8c7cdc8e99a2cd211f312a77a65694f7e8a9b97dcf977cea5491482a2c
phoma/0b337e9e33bc2e053cd8.jpg,Phoma,3,867,0b337e9e33bc2e053cd8ff353d9001bf6ce2646b9961ce587d4b629a2b480820
phoma/0bce3ae61af7a61cbb53.jpg,Phoma,3,833,0bce3ae61af7a61cbb533a17e973023cdd587e087553bd8582ec6671ef45d6b5
phoma/0be1693c2d8ecc9fcb2d.jpg,Phoma,3,1712,0be1693c2d8ecc9fcb2db1de71bde9ba095302eaa519db55df72a85c246470cb
phoma/0d2baf138fd9b3d31265.jpg,Phoma,3,1704,0d2baf138fd9b3d31265041e31e5be3fbf4fbb42c8cd7d91a5c6b3a15311f474
phoma/0d6d7ea4dd7872da01c7.jpg,Phoma,3,843,0d6d7ea4dd7872da01c7f43459c61eff5c5b5c9b63705adc1235c333644ae225
phoma/0dd13fef81601fffe9ae.jpg,Phoma,3,1726,0dd13fef81601fffe9aee2b967d9ad20b81ef0beebd7d10087245e47997aa151
phoma/0ef1b34cc841c007eb98.jpg,Phoma,3,1718,0ef1b34cc841c007eb9876bcf3ddc506865b6b0cb2ced9a99b716f260c1ae54e
phoma/0f8b435dd357c6096801.jpg,Phoma,3,1698,0f8b435dd357c609680148291e3028ed00f9f8c6e5e5a47739656f55605ac69a
phoma/0fb96b19608dcb73d8fa.jpg,Phoma,3,845,0fb96b19608dcb73d8fa714a5d4caff2c85c6b8dc1c125c51d635a2b395a5c4f
phoma/10c9ad0eea78b839073b.jpg,Phoma,3,906,10c9ad0eea78b839073ba41d10cfd47911e868121734abd6b7d7654fec4bb734
phoma/130bb8abb11f389c7e83.jpg,Phoma,3,899,130bb8abb11f389c7e83c96f0b2813c035d7c1d6c20da3650954cc24b9579b1b
phoma/1423d7454059c5a2e8d6.jpg,Phoma,3,889,1423d7454059c5a2e8d6e6a020d073053d0c26ac44555c3ee30aba5118afd7c6
phoma/181cadfaf3025e570149.jpg,Phoma,3,843,181cadfaf3025e5701499e602a3930670c6a641b494bfb98496931df2390af37
phoma/182013bf861547cac2ad.jpg,Phoma,3,875,182013bf861547cac2ad1d0476a079259e2e05781d9a99297f8261849983558b
phoma/188dfd3d8a81c6673035.jpg,Phoma,3,875,188dfd3d8a81c6673035fe6cd65ed71f49806cd7a6cb9b900e0e60f16c8f4e75
phoma/191ead4bb5f4bd5dc835.jpg,Phoma,3,1714,191ead4bb5f4bd5dc835e796a4c0d220e9943cbcdc07774c15c95b8e53275afc
phoma/1ac1fbf23f5a26c7dcb5.jpg,Phoma,3,1710,1ac1fbf23f5a26c7dcb57be8170edbf0f53d5be147ee43e71dae9e01ef4874d9
phoma/1b2e48a6332be586fce8.jpg,Phoma,3,899,1b2e48a6332be586fce84b4b3d40a03466171471e42717fa54a75e4cfca4d943
phoma/1bc7850e849f478da4e3.jpg,Phoma,3,845,1bc7850e849f478da4e3960b1437ec86d87e88dec2b557572a24873f52fae41b
phoma/1bf5c7a5773ed98b8caa.jpg,Phoma,3,902,1bf5c7a5773ed98b8caa8a7e0e6216c636b6d32b1f6fbbe17ec74eb61a4965dc
phoma/1c14b651b6a79ec27ab3.jpg,Phoma,3,894,1c14b651b6a79ec27ab36d1601d53cb4b0b85fd21300ed5657ae908a82596142
phoma/1e37a05e847340b0c710.jpg,Phoma,3,894,1e37a05e847340b0c7104fe2cb5d2ac95b305ccced4577b00dd7cbbde566d03b
phoma/1f02c1e6af237c6efc23.jpg,Phoma,3,869,1f02c1e6af237c6efc230c9058b1ecb4ce967dfbb04fcfd8c50f80740cff5c0b
phoma/200047ccfd980eac2cac.jpg,Phoma,3,870,200047ccfd980eac2cacc0864b7112e18066363798d8f1d064ec4cb26593da9c
phoma/20004c9c3463c17b4197.jpg,Phoma,3,866,20004c9c3463c17b4197f9f3e1f47c2a9e754aca84e0ec923cb53a31e3bff752
phoma/2007fd641c7f6d858fe9.jpg,Phoma,3,886,2007fd641c7f6d858fe94e62fca71f5be9d036e220b167407f4544958dc574ad
phoma/20d0d6b790be07a19eaa.jpg,Phoma,3,845,20d0d6b790be07a19eaa1a817dbd18f9a7af6d1cf4c647932163c291e7dc7002
phoma/23da75a57dc7f8e596ca.jpg,Phoma,3,851,23da75a57dc7f8e596ca1f131cbf8d94a28dc26fa14ec7c7cdbb56c75466fc7c
phoma/24648e591b82bc6bd103.jpg,Phoma,3,849,24648e591b82bc6bd103c9ed8b0161d5c41495e0542d0c0e36e3ceb7645790f2
phoma/249724f8abc9f2ea09b1.jpg,Phoma,3,885,249724f8abc9f2ea09b11b09b1ae6353c8f7c3fba13ec34cb56cd30f42203cac
phoma/264e427a36010b8cdf6c.jpg,Phoma,3,881,264e427a36010b8cdf6c0f8c13173c463f68d094156a8d1abdc02cbf087fd021
phoma/26fb1155343132ed1c53.jpg,Phoma,3,869,26fb1155343132ed1c532410d784238a7bc2036ee0b9e8f3a613c098a9b53d32
phoma/27c803bdc611a0fb5f06.jpg,Phoma,3,902,27c803bdc611a0fb5f06dc8e2aeb48eb6becb20a5047344ace258629b8c70541
phoma/286ef5271183049ee5a0.jpg,Phoma,3,870,286ef5271183049ee5a0fc94c04905c0005a6c3be2010bfb3469fd784a8a7789
phoma/29011f116c64a3f3059a.jpg,Phoma,3,1722,29011f116c64a3f3059a7732593299e28ddf5ab5b43a924c4a38ba09cde4aaae
phoma/29efa745c033df13152c.jpg,Phoma,3,859,29efa745c033df13152c11ba38fde48b9e40c42e9f7bb54376f6d2220e1bbd85
phoma/2a96281963d791645540.jpg,Phoma,3,1722,2a96281963d791645540d97759792a347a472a6391109a8087bd99dbfe55697b
phoma/2ab6b4b5e5b4ca0f62d4.jpg,Phoma,3,898,2ab6b4b5e5b4ca0f62d41bfc9734aed4ef29ed10c37d18b928fdde14f6a59fd4
phoma/2b69a0d53da89b1e3efd.jpg,Phoma,3,873,2b69a0d53da89b1e3efd2e44e409c4d373152f979451824ae46f02a9cd4de6c4
phoma/2c002bbe304961833e08.jpg,Phoma,3,871,2c002bbe304961833e08299568486f3c64910d7208ef498afabab0c90ff096a7
phoma/2c55e89ed628742d70e9.jpg,Phoma,3,1704,2c55e89ed628742d70e96902cddd98cdbd598116bbe73eece8c9135e99e59d5c
phoma/2e8e23446c151d371f3c.jpg,Phoma,3,871,2e8e23446c151d371f3c02d97b1f4fa0a08c8f2cd0d3255fbaec2a4811f6f9ac
phoma/2effdce13a563c4cb3ff.jpg,Phoma,3,871,2effdce13a563c4cb3ff162a6c57bf79410fcda8b870c38db2fa34d3a80cae54
phoma/2f0e041ad765ecdbdc9f.jpg,Phoma,3,1720,2f0e041ad765ecdbdc9f11e1a2d15de7b9e3de8a7a2c0ab41f28976393a1064f
phoma/309b6e403c3939f2f666.jpg,Phoma,3,1694,309b6e403c3939f2f666b09eca8d7230f787fca972376e095a1c69211948e9f2
phoma/31c56a04f403178ebc24.jpg,Phoma,3,1693,31c56a04f403178ebc24d182641bf924f0ae7bda66ca35f45d037ec902a57f40
phoma/32e4c6be093f6bdc35f2.jpg,Phoma,3,834,32e4c6be093f6bdc35f2a306b8d32664e247e77af58844ef78510b6ba2a50bac
phoma/33ac6ec6e7e43de027d0.jpg,Phoma,3,854,33ac6ec6e7e43de027d0edcca18eea738fbdb185e1a734cb502d710016cf5d9d
phoma/33ee0806f6feb00ab49b.jpg,Phoma,3,872,33ee0806f6feb00ab49b53aed176119e517ed12ace5870a9901b0ba023373184
phoma/3474288e93beb6c61b04.jpg,Phoma,3,1708,3474288e93beb6c61b04c896d63d6ae165a0e66aafb5673bf332e74efcc96381
phoma/348a3496d7e89a675e6c.jpg,Phoma,3,870,348a3496d7e89a675e6cd94f6a6dfdb86141956e90f749d4e3c0e56fab3bfb2c
phoma/34a69bbe44e6b570c88a.jpg,Phoma,3,836,34a69bbe44e6b570c88a63306f7020ea9e7b9b1f647cc35c00b194a0b6acfcbf
phoma/353aeeb3df5211d73f19.jpg,Phoma,3,849,353aeeb3df5211d73f196473b373d66e6a1246ccdab6c418178ee04acce95706
phoma/36b244f7e62ed6918e9e.jpg,Phoma,3,1691,36b244f7e62ed6918e9ef4bdb37acfb1a8a1d64903c4c0e01eee31620436685d
phoma/37e3e71c9e43c9031f8f.jpg,Phoma,3,1697,37e3e71c9e43c9031f8fd15c7de258f6cf629abed79c82b8c8ea06f48c7db8e5
phoma/380910256cb8b643b623.jpg,Phoma,3,1693,380910256cb8b643b623ae195a9f41c14b58a13c9a6729b7e0f948342899b6f9
phoma/39e21a06a7fe171c9a24.jpg,Phoma,3,1690,39e21a06a7fe171c9a24da0c621e60072d79e536406ee452ac7169f64c0b29b2
phoma/3aa951d927a2264e8ac8.jpg,Phoma,3,839,3aa951d927a2264e8ac869b2c8a0af1559e5a882bba7034aed86998db528bb50
phoma/3afc4cfea8bdd7a5dab6.jpg,Phoma,3,1697,3afc4cfea8bdd7a5dab6e73cc37ce13b24a89ddacabca911a05bea00d7d3a8e7
phoma/3bda938ad9cd1bfe0787.jpg,Phoma,3,891,3bda938ad9cd1bfe0787713c4ce99a73dbf45792c4dbeba7023aa05a3f21fc77
phoma/3d6c6ca6529b0a3724a9.jpg,Phoma,3,897,3d6c6ca6529b0a3724a9204a03a00763c036f6225a090377c44bd27d4f954a25
phoma/3d72c8cdae714ff267a1.jpg,Phoma,3,856,3d72c8cdae714ff267a142f3513edb62d686dd307172959f0e9e1cfcf0082a7e
phoma/3e3ff2f514fed26086f9.jpg,Phoma,3,832,3e3ff2f514fed26086f9cb7cd76a7380b9a6ab6c22b0489f11f791ee32907762
phoma/40c67c27559119ef5157.jpg,Phoma,3,1720,40c67c27559119ef5157f897b16309548fac1d535ad33cfd7ca6435ca78c6e7c
phoma/4102ad1a01462ef7bc34.jpg,Phoma,3,894,4102ad1a01462ef7bc3401e113ab563febbf03b1647118619f9c04bfcd8be8f9
phoma/41e7411958ce0447efd5.jpg,Phoma,3,834,41e7411958ce0447efd557f63f2b0df515664dc0a44b2eec205a959df0bd386b
phoma/42fc7ae2bef258dcc47e.jpg,Phoma,3,858,42fc7ae2bef258dcc47e1a2720528dfeae56bc38ed70caf7a383be9db57036ac
phoma/43ffcdd125692c3e63e0.jpg,Phoma,3,862,43ffcdd125692c3e63e06d95fd54d2fde028f6a0888bd20a044dd28d6b3f726a
phoma/4447648fad470eb2495a.jpg,Phoma,3,905,4447648fad470eb2495a34c25ea0dac1a645016eb9178c3ba8ad80a44b19295a
phoma/4477c691ba208d603314.jpg,Phoma,3,909,4477c691ba208d603314a2937a5774cebe826707595108f9c3b59ebca0d91beb
phoma/451de27a9b38411ac5dd.jpg,Phoma,3,879,451de27a9b38411ac5dd96e8c60537e47e4245939d0a02c6b120b7b4c378f35c
phoma/45a00d8177f9cb70c6b3.jpg,Phoma,3,879,45a00d8177f9cb70c6b3fa183807de8ddd4299abd17958ada61c7580d60afca7
phoma/469fbfd796fe02849c38.jpg,Phoma,3,892,469fbfd796fe02849c38b15f419c73095b2630cd832802d18128f3f7e4c21ccb
phoma/47781235adf4b660c6a4.jpg,Phoma,3,891,47781235adf4b660c6a4d28b7fb4c43d66c3fd9694390456f79fe75340b47498
phoma/488bb037f986351658f9.jpg,Phoma,3,1687,488bb037f986351658f9ae4c86b9a1e6973aadb532bda6f7b43b05480ef59425
phoma/492e8c5bb3288aec5770.jpg,Phoma,3,853,492e8c5bb3288aec5770aae59fcbb9da0ba44f612fc12a414cab06aa10c200bc
phoma/496e1714af5b21df43b4.jpg,Phoma,3,1687,496e1714af5b21df43b4464ba16335954dd1deeafe243960722e9ddeb0e6a670
phoma/4972d0e2a7665e255cea.jpg,Phoma,3,1698,4972d0e2a7665e255cea3433deb3fc7421830b9663acf9f32b2c818a80dbad03
phoma/4e0d820b6083c1800ee1.jpg,Phoma,3,842,4e0d820b6083c1800ee19c30586c1f15cf1b62c2371603cc2ab56cac3f44bbf7
phoma/4e86e695e4113a8d31bd.jpg,Phoma,3,905,4e86e695e4113a8d31bdf2be2797566e94c64dc127e6f57a1dec951e44213ac6
phoma/5020810933e17e00549a.jpg,Phoma,3,882,5020810933e17e00549aaebc7890f437fca3e6c9151ee588a98a5e8f72ffd5c2
phoma/52b5622f5c8dfd937fd2.jpg,Phoma,3,1712,52b5622f5c8dfd937fd2229b39ba908a926d323e41372fa583e871d01fcca6f2
phoma/5373d7932640c568c2fc.jpg,Phoma,3,846,5373d7932640c568c2fc054b114c427c1fde64a7589e97a83a844c5085a665eb
phoma/55fcb7a02c36850731f9.jpg,Phoma,3,892,55fcb7a02c36850731f99b69fd0ddb467da724c402e1f7d255ad3a05b7bcdd3a
phoma/569c03b211ff03afb0da.jpg,Phoma,3,1708,569c03b211ff03afb0dac51e3d3214996777595ade4b67df1ab626c7b2440ab8
phoma/5a833ffbf362219082b1.jpg,Phoma,3,881,5a833ffbf362219082b1b8379393c49772f633a79b8625123c2555569fbdfcad
phoma/5b99ca0ac37f6303dc1d.jpg,Phoma,3,832,5b99ca0ac37f6303dc1da8e58d8440d9cb32545e3f8127a205ca8c5815562e68
phoma/5d3479783a1bf0b1e42f.jpg,Phoma,3,888,5d3479783a1bf0b1e42f9176d9c87b69f5814723070f4d12962a1f80027c5111
phoma/5dd1ab9ca8063e59f849.jpg,Phoma,3,866,5dd1ab9ca8063e59f84990b5036c65ff858fd9d8969f6152e885521882fc240a
phoma/607edd9cbf7677a23168.jpg,Phoma,3,1719,607edd9cbf7677a23168286329b726b49d9b246fb1c5307c07028100ffa0bef6
phoma/617e943892a56fceefb8.jpg,Phoma,3,1722,617e943892a56fceefb8dfaf5644d56cd1abbbc07857dffcd38c2092c5196870
phoma/62a1e4831f0c6938a273.jpg,Phoma,3,854,62a1e4831f0c6938a27357bea6bf9b717b7205008f0af54b238dcf73f3440fcb
phoma/631fcbb0ae0b54820ce8.jpg,Phoma,3,860,631fcbb0ae0b54820ce89335fc6db2f0bd5b3b6e8eda57378fe52ee5b2a2c053
phoma/634305b25c1448957f13.jpg,Phoma,3,846,634305b25c1448957f1300fe0f1ab80677a4bc75d8a296f0e7b07d04fdae6b9d
phoma/65945c71a3f653ecf879.jpg,Phoma,3,859,65945c71a3f653ecf8791b6e9df38ba5e4caafff0bec1e1947fce30380e371a9
phoma/67a8dbbfd06525c5b885.jpg,Phoma,3,851,67a8dbbfd06525c5b8851ba0267fb60728bd9226ebd5a50b02567188d6b2c9ff
phoma/683195d94d97bc42f05b.jpg,Phoma,3,888,683195d94d97bc42f05b531c90d40c743c67cb58a6fec4af72de526c93aaf21a
phoma/68b05ca2b601bec2a227.jpg,Phoma,3,881,68b05ca2b601bec2a2270d2e40a385121641a74e5f594b493fe258bca57db0bd
phoma/692fdaafb10276e6e2a8.jpg,Phoma,3,846,692fdaafb10276e6e2a81ff13812228285bc71bc35182c9fd0c41969fae6b687
phoma/6cbbe168592d5c059a87.jpg,Phoma,3,843,6cbbe168592d5c059a87d25cb2622ff4a02132237f7506a3674b445d84d5d5c3
phoma/6ce7896e0a12d5d616a9.jpg,Phoma,3,908,6ce7896e0a12d5d616a97976a08e4fe8fa650c9683734b2a4d9d6e6a6a6c98cb
phoma/6e4a0481e708ebc8fa5a.jpg,Phoma,3,1687,6e4a0481e708ebc8fa5afa0e6fc02c677ecc730997bc8baed6a0c894eb398113
phoma/71e9f2e63065e72079c6.jpg,Phoma,3,883,71e9f2e63065e72079c69a8a4cdb8bff48bc24139afda45974c1434f8309cd3e
phoma/7219db010f596f1beb57.jpg,Phoma,3,897,7219db010f596f1beb57790bbf44a7ec1e29a1686766a168d64ac73029622508
phoma/7225303ecd47361877da.jpg,Phoma,3,879,7225303ecd47361877da665c1fa04f050d6a96343279d9584a776f226bc37d9b
phoma/7277a3739f2456c7e6bd.jpg,Phoma,3,859,7277a3739f2456c7e6bdd6d8969b74ed6c1e28aa53b343a1ce8ec86f03bceeb4
phoma/73769a10ef008da45a29.jpg,Phoma,3,858,73769a10ef008da45a299cc5eb2dbed828d8073dc7fe7ffedad41bf8a99259f1
phoma/74350b74c2e554144970.jpg,Phoma,3,866,74350b74c2e554144970fdf68d1250b7f641c9af0edbcfa6dbf4c79dfbbe8dd4
phoma/75e53fb1558afb7d812d.jpg,Phoma,3,851,75e53fb1558afb7d812ded820c6fb209d9abad813b22c1812b8a06c76e878d91
phoma/7613f2402609a57cb8c8.jpg,Phoma,3,898,7613f2402609a57cb8c87f409c5919508fffe3433f5a0239be0bff86b6a5f348
phoma/76355c2fc4584f43d243.jpg,Phoma,3,888,76355c2fc4584f43d24316abba07e812589c62775e50d5fe1a6ad0af140e0540
phoma/77530b742e3595b62a33.jpg,Phoma,3,875,77530b742e3595b62a33cd1ea6115d7aa0a040ee547174398629081e56aeaa9a
phoma/79437889e9ef9b83f6f4.jpg,Phoma,3,902,79437889e9ef9b83f6f4d6e451c385365eb29b22ec66a97e75315c393f03ada9
phoma/7be0365a08d72f4ad648.jpg,Phoma,3,883,7be0365a08d72f4ad648946fcc52db4e09decac4390b337eb5e4ea60c8a0ea9a
phoma/7e56a72d5c3bc98ce738.jpg,Phoma,3,1712,7e56a72d5c3bc98ce738a0905cde43695ed908ec6be8026bfac59fec8a24adce
phoma/7ea1515f2d1f7e7da849.jpg,Phoma,3,860,7ea1515f2d1f7e7da84914dc2fced01159e0c3e913b2c4d89e37709e1e1ef479
phoma/7fc656585a0d4c993732.jpg,Phoma,3,1718,7fc656585a0d4c9937326c84d50c4330d2250106903afa6010f7564b78707d28
phoma/8275297b77e3d7d06ea6.jpg,Phoma,3,905,8275297b77e3d7d06ea6ba738d2103b6c8f21a27d7393ca6b960adef7c593c29
phoma/8350907a9db7622137b6.jpg,Phoma,3,833,8350907a9db7622137b6e42161c67389f091c40d49d8aa60a0dc832dd9a268ac
phoma/83a705144e09e6e258c9.jpg,Phoma,3,881,83a705144e09e6e258c94fb92076aee82b24de8238e593fd80bc776caaca19d0
phoma/86334c9e05680af37a2e.jpg,Phoma,3,1707,86334c9e05680af37a2ec8c09210ae2bf515c3c798a80743bc4fbfe65ffc0f55
phoma/86a55486e1b63b492190.jpg,Phoma,3,845,86a55486e1b63b4921900cf4eb7a93189fa02caf69c6d55d44538adf0fdfb57f
phoma/898069c7d9b8e96f977c.jpg,Phoma,3,863,898069c7d9b8e96f977c87237be1f33f635395b496726f05c1da379af805a728
phoma/8ab8140b04ec7028c04a.jpg,Phoma,3,1710,8ab8140b04ec7028c04aa129e5d599d203c14cddbffc1f13b97936016f9d0c63
phoma/8ad61bacd2cef8289a71.jpg,Phoma,3,1710,8ad61bacd2cef8289a711eb7b21f1d1ada57919c80540d4ef299cc4528290c98
phoma/8af0ee0257d8a0174d3c.jpg,Phoma,3,1707,8af0ee0257d8a0174d3c764fe30628253b2fe157da777a14a97f91a7a6251ec9
phoma/8b3ce155f1f4d2bc112d.jpg,Phoma,3,903,8b3ce155f1f4d2bc112d74ae00e4e9cf122fac955792d479e2b30ae2e2d46e7e
phoma/8d0e23270bf231b9f484.jpg,Phoma,3,832,8d0e23270bf231b9f48474ee855fc1f1b99167ef2d534ebb1ec6825dcffe213b
phoma/8df23a85be4d097fca63.jpg,Phoma,3,898,8df23a85be4d097fca637529ad73aa3db52d20321df2c279407b42db88d1b3ec
phoma/8ec813f359b9ec2bf4a8.jpg,Phoma,3,905,8ec813f359b9ec2bf4a8b9cedc9aa0a67116083839c7b217d6abac60ca659c33
phoma/8fc1836ac087d233b8ee.jpg,Phoma,3,1694,8fc1836ac087d233b8ee2526d56abdec2293f36a9ca50c8e232a43ddeebb2b9b
phoma/9147583a0872a3ec2458.jpg,Phoma,3,898,9147583a0872a3ec2458371f08dab19744cf74de1a57f47f138968c3cf7d4f43
phoma/92297691708c23e6a696.jpg,Phoma,3,869,92297691708c23e6a696fb3e96e8b3a1d2d995be03970a27f9a60a8928357048
phoma/92cb1eb5eaadd0ba54c9.jpg,Phoma,3,906,92cb1eb5eaadd0ba54c983d447959c218b3cbb1c11c4140e250613984222b345
phoma/92e42de39491417c2312.jpg,Phoma,3,849,92e42de39491417c2312722575dfa569f9cae992dc6f04b44ba4fd032929040c
phoma/9437d73b6014d1c7cbad.jpg,Phoma,3,856,9437d73b6014d1c7cbad9738e34761681094e68889505513c2f44ba973972708
phoma/98998d6285ddd01b3ff0.jpg,Phoma,3,873,98998d6285ddd01b3ff0d09d8966ba84dccd432fa495f06f1ed135111c9c22c3
phoma/996721f81bac671a95f0.jpg,Phoma,3,1720,996721f81bac671a95f014a300141beb4ab0ebd9f437081b583853427a5807b1
phoma/998179babee5af7f5b1e.jpg,Phoma,3,869,998179babee5af7f5b1e859e43571f16d4a5c680f76fc903e8316f311f1043a1
phoma/9af93cd0fe0225ca273f.jpg,Phoma,3,879,9af93cd0fe0225ca273fd7b8e6b99b66781353912266985cd803692deaff9eef
phoma/9bd295c6815ef7533ae6.jpg,Phoma,3,908,9bd295c6815ef7533ae69c3be8ebfe6d505ef89f5663144dfa07330aa30e7eb2
phoma/9c175b3fe82ca4c8cf11.jpg,Phoma,3,1720,9c175b3fe82ca4c8cf1198ed0637d11cf1032c57252f0c1925b1534d8d2efee8
phoma/9d6c4dfbe8cbc00294d8.jpg,Phoma,3,863,9d6c4dfbe8cbc00294d8fe9e3546cd25bbf78d177f079d45cb591acf4c2da825
phoma/9dfb4072af95ffd69f1e.jpg,Phoma,3,853,9dfb4072af95ffd69f1efa5d291192631c3ce21b07080061d7ba9162008fe0c1
phoma/9f0245e46ec2f5a1a585.jpg,Phoma,3,857,9f0245e46ec2f5a1a58593792faab062e4b5e98f969a8bab3d010b0f043426ae
phoma/a2c1e820325e6fc073af.jpg,Phoma,3,1691,a2c1e820325e6fc073af67e54b5ba06ac760aab0e29017caa72296f0df8bf394
phoma/a357ffd82f29d176aba4.jpg,Phoma,3,839,a357ffd82f29d176aba48fe4b216061f4102fecfe7a2a1bf08daa601cf7a9688
phoma/a45e48bb3646c8070da8.jpg,Phoma,3,856,a45e48bb3646c8070da832244bede7b2956052b5df9adc4c5e3e9ef08364badc
phoma/a4abf5b084172d64c7ae.jpg,Phoma,3,857,a4abf5b084172d64c7ae35a24b63933c77786f32a671eb77118450376b469a1e
phoma/a4f045fcdba9c0dc132f.jpg,Phoma,3,889,a4f045fcdba9c0dc132fceae660c23063ff74ad2ea268f5096b344a18db66158
phoma/a5f4e764ca7e9df73194.jpg,Phoma,3,1719,a5f4e764ca7e9df731948fe5d863cd835a054c9541cd990fbdf503f68497a54f
phoma/a68382eaa402a6bd9a15.jpg,Phoma,3,843,a68382eaa402a6bd9a15f34ec614cf20c45db58f3e1db244f337415f84dbc504
phoma/a836c42f917519f9505f.jpg,Phoma,3,853,a836c42f917519f9505f988583e4ad510abf3030b977c48833bb95cbdecef12b
phoma/a8bd39c5d9398f803f29.jpg,Phoma,3,897,a8bd39c5d9398f803f29ad744f80a41888a46e917e22edb95c2d05e02069db05
phoma/a9bc34157652ba5051ff.jpg,Phoma,3,854,a9bc34157652ba5051ff724fa1894baef0d3303c5ddd62afa74ebe07934f61e6
phoma/a9bc5b1da7d161cc796c.jpg,Phoma,3,856,a9bc5b1da7d161cc796c7217ff046a2c6b6e0ec509fa5910e69e43d39a21b501
phoma/aadc73a17d70e55a6f81.jpg,Phoma,3,854,aadc73a17d70e55a6f81e468137ab02cb88a9648af40414c9e72bcd4836a248a
phoma/aafb235d7c413c378850.jpg,Phoma,3,885,aafb235d7c413c378850f68345d11e13c82de8af2eeb5ec93af3cc46d54effe4
phoma/ab3139394564c75b6a4e.jpg,Phoma,3,903,ab3139394564c75b6a4e40651202e8fda5fc19d098047588b3eab8603e29cd33
phoma/acd402691b974e9d75b2.jpg,Phoma,3,839,acd402691b974e9d75b2ed80a5589c5bc20b60c534647bdb7825e10f0b62fdee
phoma/ad2dcd680df19482b7e9.jpg,Phoma,3,897,ad2dcd680df19482b7e914b61fe904cc0afe3ab37d43f391bedd6525e02593b4
phoma/ae3c30920fcc7f875aa0.jpg,Phoma,3,858,ae3c30920fcc7f875aa0cf2a3fe39a1b3d5e4f2644d6285cc28e1ba76057e291
phoma/aeee0e2b2e07dbf1a749.jpg,Phoma,3,880,aeee0e2b2e07dbf1a7497b5824de657e881960c73c3be915467867b0f3fac025
phoma/b02b36437c1f23f182aa.jpg,Phoma,3,837,b02b36437c1f23f182aa0350061430050d1fe93f85b7d3bc7141cdc787b8082c
phoma/b22cd8d4905a8c86ddef.jpg,Phoma,3,1690,b22cd8d4905a8c86ddef593e949dbea423a92315327597b7a8ff166f9613f813
phoma/b36fd7f436c29181dc83.jpg,Phoma,3,856,b36fd7f436c29181dc832d0a71dc74f5017f487d0ec7d1b209e3c4a106e3bfdd
phoma/b49bb01b6f465829f57b.jpg,Phoma,3,1722,b49bb01b6f465829f57be57f6703c4a45722dfd6699450e178fbbac04ae0e255
phoma/b66da475a28e6c1c46d2.jpg,Phoma,3,903,b66da475a28e6c1c46d22f71b832d6782fa7c5b63db9834a74c31b4c36adac19
phoma/b69e814a3efb23ac0631.jpg,Phoma,3,882,b69e814a3efb23ac06312f5563ef1c6ac436cd7a3e3538fe044335eb1f98b847
phoma/b8393abf2e08c57f9b96.jpg,Phoma,3,1707,b8393abf2e08c57f9b960a4ef2295c99a3a37925e49adc9d0d0d8cb0c6becc90
phoma/b9ab094a53c81df6cd37.jpg,Phoma,3,863,b9ab094a53c81df6cd37f592eb05a042ce97ee5bc63002f4322523772219a204
phoma/ba187b2750f5e306d0ab.jpg,Phoma,3,891,ba187b2750f5e306d0ab5886f435e1431fbb2f238d60ef2d18ef07e4745d81dc
phoma/bb86f3f458e6fa060fd8.jpg,Phoma,3,1712,bb86f3f458e6fa060fd84daf148112aaec178e117c1be9cd32fdb961b4caaa5b
phoma/bcc5f7faff01dff32b56.jpg,Phoma,3,888,bcc5f7faff01dff32b56fd2c2985d77d0d7101d0636d56ee69defc504f6465df
phoma/be3377da9e2902b7dc3a.jpg,Phoma,3,860,be3377da9e2902b7dc3affcb8e8503c73dcd582369fc13672e940f8c412df852
phoma/bf3293615acde9795565.jpg,Phoma,3,1714,bf3293615acde97955655aa2ec9259c871d2faa9338ff4910531936913b90c52
phoma/bf415cd602c95a3e57ca.jpg,Phoma,3,1719,bf415cd602c95a3e57caa9f22a81edd94b83931ef0ac18e9922045902dfa6a34
phoma/bf5f57a862ade4c5a316.jpg,Phoma,3,842,bf5f57a862ade4c5a3168c9d9d7378f419d6f3106a154e6e66d1edce3420775c
phoma/bf9468249b55bba3988b.jpg,Phoma,3,870,bf9468249b55bba3988bfc2c1ec14bf7974f818fe57af77584f429f8386b8277
phoma/bfaa12e6e6d1a4f92f72.jpg,Phoma,3,1710,bfaa12e6e6d1a4f92f728b1904bc7a8e21b268080d117c244fb34e07a08bf1b2
phoma/c01fd6c8dc08fd1d629a.jpg,Phoma,3,1727,c01fd6c8dc08fd1d629ab42eeeb85198ba8774dedf112a6d1aadc900451e4fe5
phoma/c15dbe363d124cd09747.jpg,Phoma,3,871,c15dbe363d124cd09747fc6a0fa3025da120b671e50fe542e3577766415347cd
phoma/c2b41110a6f923f89c73.jpg,Phoma,3,883,c2b41110a6f923f89c7380a64223dbc57722749b94919d2645c30e39f1c5bf05
phoma/c2f3be76da861016f26c.jpg,Phoma,3,832,c2f3be76da861016f26c0f6f8e4b517fc7e5122d332a630d109f4429303cfa45
phoma/c359499224dcffab5aa5.jpg,Phoma,3,909,c359499224dcffab5aa58bbc372641b9f380a6ab06e342f0f629dc3e37af377d
phoma/c4a74131e5824e9c1d29.jpg,Phoma,3,908,c4a74131e5824e9c1d29c31dd972149a1f688cf3efdff6236bd065a57ef776cd
phoma/c7add8ad5e7a189dfd6d.jpg,Phoma,3,889,c7add8ad5e7a189dfd6d5b415a1c2874e08c4fcd654289a50c5d6d62225fa0b5
phoma/c9a539dbd8d0b26bd840.jpg,Phoma,3,1687,c9a539dbd8d0b26bd840689d80642aaa1f16a3d33062a7242897ac9bf93b7be5
phoma/c9ad02aea8ab93dcd773.jpg,Phoma,3,889,c9ad02aea8ab93dcd77383f4aa54d6a93cde080a117b9095279ff84f99a8de98
phoma/c9c63670ec03ea1025d6.jpg,Phoma,3,867,c9c63670ec03ea1025d601a4e297d173a5dbe9fe5592aa349f282cc3f028b177
phoma/ca915e9e88192ebcfb71.jpg,Phoma,3,892,ca915e9e88192ebcfb715bd3eea79eba25e84d61e4bdd83b48819578b3f79742
phoma/ce00ac6cf6fc5998a259.jpg,Phoma,3,1698,ce00ac6cf6fc5998a259b355602b6fc380db7fa9726c559a58fad861d21228c0
phoma/ce24cfcf2a264f1c6507.jpg,Phoma,3,894,ce24cfcf2a264f1c650797e8255effb11bf1f7df0e2ccab108f76807bc2f732b
phoma/cf30f0fe6346ad2ee635.jpg,Phoma,3,886,cf30f0fe6346ad2ee6359b7ee9fc5b943ef2eeacd745f25edde5f27c97489a0a
phoma/cf31f5f37c216d6da6de.jpg,Phoma,3,875,cf31f5f37c216d6da6de9807738aca84c7f236fc1d1b2930b3160beb6a9aac75
phoma/cf914d7be44b47f9ac3f.jpg,Phoma,3,834,cf914d7be44b47f9ac3fd99d58bf47ecc14f293684ecbc80ac7510a57cf5da79
phoma/cfa8361ef515734b933f.jpg,Phoma,3,1698,cfa8361ef515734b933f9d0040df15824dd95afc324c1d53741f944eca897194
phoma/cfe4e2ec467e2a010319.jpg,Phoma,3,1708,cfe4e2ec467e2a010319b0a245cd7c1efced50b73019d2deb1d33d555063fe58
phoma/d0229c9e5ea79923261c.jpg,Phoma,3,1693,d0229c9e5ea79923261c0d1a4b6f6dc4b4e08a21cdaeadd7df76f177348d050e
phoma/d08bb85534e2c80c5270.jpg,Phoma,3,903,d08bb85534e2c80c5270857cbc416310eac0304007c13fa01daaf8e1098896b5
phoma/d0f9617538e56b8be383.jpg,Phoma,3,846,d0f9617538e56b8be3830287c558164ece2d942e16475ab678ef32684b4bcf02
phoma/d182d91b905f9de61f1d.jpg,Phoma,3,899,d182d91b905f9de61f1db55c6221b86ff3958fcaa38391cce31a7102151437d7
phoma/d49546959ff5a6f87d87.jpg,Phoma,3,1719,d49546959ff5a6f87d871aadcddee3839314c4e4610739973b7627a16235b008
phoma/d4ec74f9946e14de8892.jpg,Phoma,3,1708,d4ec74f9946e14de8892999a500ca8a1c1d6589142a506f0e04f062698fa466d
phoma/d6d53d441e42a7ebb555.jpg,Phoma,3,851,d6d53d441e42a7ebb55537b225fb5858d783642d7eaf6d3951d7b96156e768cb
phoma/d760545dc8d4b0f584d3.jpg,Phoma,3,873,d760545dc8d4b0f584d3269c6e2a08478d1ddef580dc4bbaa657ab3b4dedca59
phoma/d8dd1e1352f74523170e.jpg,Phoma,3,909,d8dd1e1352f74523170e0b9db26e494567df657bc2f15af3b0af6c652e4ff15e
phoma/d93cdf53ad0bac66e2ed.jpg,Phoma,3,867,d93cdf53ad0bac66e2ed1984b2a472fd8cfe2466b6f69b4af66fa9c972cc8aa8
phoma/daf1e766ec9082b3589c.jpg,Phoma,3,1694,daf1e766ec9082b3589c3251ba833d5b248b0da948faebf779c253e5944eeda3
phoma/dbc9c1eacde02bf1dfa1.jpg,Phoma,3,906,dbc9c1eacde02bf1dfa110a58f03ea2bdef277aa52f124bd020322e6de691f64
phoma/dc9b5bc4eeabee4145cb.jpg,Phoma,3,876,dc9b5bc4eeabee4145cb016848dd828f1a5ba3e4c5cfdaf5d54284d4778dd09f
phoma/dd4932e36cdbffab27c3.jpg,Phoma,3,873,dd4932e36cdbffab27c328f9e4ee37e261f875271f8cb349f3ad6e821c5e51e2
phoma/dd6c4ec0211e211bc312.jpg,Phoma,3,882,dd6c4ec0211e211bc312d808da5201edb914592bbeee9c8667d21e988af18d5a
phoma/de31b37ca59ddb3a783d.jpg,Phoma,3,1697,de31b37ca59ddb3a783d85a3980ebdbabbe81b021691260daf532c2a07a1ca56
phoma/e037bec9177f60e75228.jpg,Phoma,3,883,e037bec9177f60e752284b4868a12c7617544494700a0d6741ea0260d7d68dad
phoma/e0849ed8a61bce708c3e.jpg,Phoma,3,880,e0849ed8a61bce708c3e06fd545ee0baed82f6ca36c5054f31b7fc3fa99c3946
phoma/e13ddf92203c22745b41.jpg,Phoma,3,866,e13ddf92203c22745b4161329f1d99015eba2a9c1d152b9da8883e3c1a4fd51f
phoma/e149383a04f9b6452287.jpg,Phoma,3,885,e149383a04f9b6452287901b679818fd98e3872291d6d1ba4e23f2c5956ff672
phoma/e2e65f496bfe87b76ce7.jpg,Phoma,3,853,e2e65f496bfe87b76ce729cbd99c1dff297ae3f7a6f6bfbe62c82d42151503c8
phoma/e30555d4485ebce3307e.jpg,Phoma,3,882,e30555d4485ebce3307e627d9ac3c5b6197c1b3880700aa7751c595907ad1a1e
phoma/e49a677d46b80930506c.jpg,Phoma,3,842,e49a677d46b80930506c3ee30120bba822f3c5df5a1714fb33c2571992c580a6
phoma/e5f32522da73c992593a.jpg,Phoma,3,880,e5f32522da73c992593a3b8787279c306d0ce1621696496ce87c31b7b6405125
phoma/e620154bddfdaac17b6f.jpg,Phoma,3,857,e620154bddfdaac17b6f4e3107e88f51cd4e1eec427e1f42cad046db40bb3e6b
phoma/e7859ecaad2af6b82888.jpg,Phoma,3,1690,e7859ecaad2af6b828883fa0ebac2685447bb846dbe9ce440482c54b4a2377e9
phoma/e81198c6fefbfbe51747.jpg,Phoma,3,880,e81198c6fefbfbe5174762228d2f41f988bf7d6fa0282b156a760493e5687600
phoma/e82bae1ead3a03eef6b9.jpg,Phoma,3,862,e82bae1ead3a03eef6b9a68d1fa1b3c328e8e8097045056c73495396e1f6f304
phoma/e85fe7c1401987346f28.jpg,Phoma,3,876,e85fe7c1401987346f28d108e3c5b2712ebff1eb5fc91863cde0198e23d39475
phoma/ea75856738503d6d6c2f.jpg,Phoma,3,1697,ea75856738503d6d6c2f0e324aa9d7a901f41ab1a579ffe1c61007e631f16565
phoma/eaf31b33564ff129aac6.jpg,Phoma,3,1718,eaf31b33564ff129aac6afdc67f8d946f7b97e8335487738492b0e63741df0c9
phoma/eaf93fea7aec73a984ac.jpg,Phoma,3,908,eaf93fea7aec73a984acc4761569424426e69d942fb95f4d1a0b04faab35dd98
phoma/ebe41f61a3673e4d2cb2.jpg,Phoma,3,1690,ebe41f61a3673e4d2cb27466f96b33b3f05db055a0017deb5a1bc9da9d497fdb
phoma/eeb0d382f3056e3cad6c.jpg,Phoma,3,860,eeb0d382f3056e3cad6cc397917d88a5926bd04f424431b545f683e65b1ba0ef
phoma/f06f24b1aaa67bf29fe9.jpg,Phoma,3,899,f06f24b1aaa67bf29fe9a493d083ea79031c2bf7185d4f43ab3d0b0fef702edc
phoma/f0e9563c994d5ea04c1d.jpg,Phoma,3,1707,f0e9563c994d5ea04c1d4b76607613517874cab71aec415dd28b95dcc5259c45
phoma/f2006985a8984e7cde21.jpg,Phoma,3,867,f2006985a8984e7cde216f5a34cd634bc83120b3fab572b306a27d34535e2db3
phoma/f28aff1b4410dfa8fce7.jpg,Phoma,3,856,f28aff1b4410dfa8fce73ab574a310e6f68e39b6b17854a29992a5017fd7bf9e
phoma/f3dfc431efb06f6480cd.jpg,Phoma,3,856,f3dfc431efb06f6480cd7b4c7c0cffe259d51733f1f4fef585b13096788230cd
phoma/f421b609da988f549002.jpg,Phoma,3,862,f421b609da988f549002b0f1310ad893a74e950c37652c414460d9c4225a6f2c
phoma/f55321cec92c92a7ac6b.jpg,Phoma,3,1704,f55321cec92c92a7ac6b334b02af0970c0ae749ae487605464732c839459b1a9
phoma/f644feba6ad2445e62e5.jpg,Phoma,3,1704,f644feba6ad2445e62e5480d08b3be729e73fdb840d409d0abe7481bc370e8ed
phoma/fae8874094db9da28fb7.jpg,Phoma,3,833,fae8874094db9da28fb768b0d8642423d16f1b93a985501050d713cde1bdf950
phoma/fc758ef1d1cfe402c3fe.jpg,Phoma,3,1714,fc758ef1d1cfe402c3fe108e9b3ba46e54a1b6b33c21c61b1f204f2d6f7c15c8
phoma/fca8eb8c9cbc40477870.jpg,Phoma,3,886,fca8eb8c9cbc40477870b112a7ce1583a6050a7b521e24161a3277c6c368995a
phoma/fd614a04f8574d6b637b.jpg,Phoma,3,863,fd614a04f8574d6b637b2ab83365a04f75c452805cc2ead3e770ec8664789ecb
phoma/fd6f2f219d0b5fa0c7b5.jpg,Phoma,3,1714,fd6f2f219d0b5fa0c7b517c3c94bffdc8a1e195be25bd2619dbc196d2ba819bd
phoma/fd82c33d037048bdf846.jpg,Phoma,3,856,fd82c33d037048bdf846f7cea4c519d580649c7646dc35bd1761dc24bf3911a4
phoma/fd8c54b931e0b9544925.jpg,Phoma,3,906,fd8c54b931e0b9544925c10c2a17d69780eac2f963aefcf52e445844c6cb0618
phoma/fd9984cc63d3c60cd1f7.jpg,Phoma,3,892,fd9984cc63d3c60cd1f7765957e4e434352fb1c412235cf1eb17fab102fee4ed
phoma/fdb420fa82aca7fb31e7.jpg,Phoma,3,862,fdb420fa82aca7fb31e716c4a8a9bd7f7701a991dffb336923edeac7ac75e4cc
phoma/fe31caae02296af98032.jpg,Phoma,3,1691,fe31caae02296af98032cb628a4ee942e39bd986e722ca1be96a91c13fe2a8b6
phoma/fe99218194ee9ab7f032.jpg,Phoma,3,849,fe99218194ee9ab7f0325ac85a41742d41e5d14fc178e62f6fb4358dac3050ac
phoma/fea589412b79e015e4a6.jpg,Phoma,3,876,fea589412b79e015e4a6a21fd8b111c606a587127cfd1fd75a853876ad89617e
cercospora/085cebb0046414769c8f.jpg,Cercospora,1,0,085cebb0046414769c8f98758919cc9b56864a534f2f7d7ba1724c2294fa3190
cercospora/0cf338932e4c4bd1d210.jpg,Cercospora,1,1089,0cf338932e4c4bd1d210b5df950a5d52a26bf7f3c083f05bcbd0c320fc7c5447
cercospora/0d45844318a942691228.jpg,Cercospora,1,226,0d45844318a942691228adbab4f3c4456e4b31c23d4b36b51070da04d883b459
cercospora/10f2268251a55a7b2abb.jpg,Cercospora,1,186,10f2268251a55a7b2abb0acac6d1f87d9c952f5ca2f9b16f9733455d706df8ef
cercospora/166989c78ae98934ec53.jpg,Cercospora,1,983,166989c78ae98934ec53cdb3ece809bbaad33253aeef170909c39a3782c55f7f
cercospora/16d5af31e3e38ff304b9.jpg,Cercospora,1,946,16d5af31e3e38ff304b98faa09b55813bfc516281c7746be712f9b0cb804e021
cercospora/1ce6bc370ac6be5151da.jpg,Cercospora,1,924,1ce6bc370ac6be5151da6e6589289cde3d450ac4396cce6b39e0e759724ffeb7
cercospora/1e39f24976264e4f7d5c.jpg,Cercospora,1,219,1e39f24976264e4f7d5cfc95980ab3b67a6eaa8b4a2145f419dab428f68fbb67
cercospora/22eba80afb662f457f3e.jpg,Cercospora,1,89,22eba80afb662f457f3e54d827ec91e227c25985ef0dd7a7973fcfdfef3b29a3
cercospora/27e0ce672b2e251d007e.jpg,Cercospora,1,0,27e0ce672b2e251d007e44c985eb1238e37ae31d8517f0b2a0afd7bfc71ae2f5
cercospora/2a5ea6acbd2a101537c1.jpg,Cercospora,1,1079,2a5ea6acbd2a101537c16519b27f386c90a018781e1d9f97529abcacaf5f9da6
cercospora/2d2557510ec7befbdb5f.jpg,Cercospora,1,195,2d2557510ec7befbdb5f1978f9bdd3ddb802d933414b6555c5aacd6e5d1a4e4b
cercospora/2e9855578b171a02648a.jpg,Cercospora,1,136,2e9855578b171a02648a1526138020c5dfa3c5262c4310908c9283ad88490ef9
cercospora/3ca87c2131349e6e96c8.jpg,Cercospora,1,1042,3ca87c2131349e6e96c835be5e59a9101dedd16d6a0bd1b76426a2602fec46b7
cercospora/42033aafee7bbf075ea4.jpg,Cercospora,1,1112,42033aafee7bbf075ea4eaa47f213e6636d72114a307feb5f1a57d0db6491f63
cercospora/42f6eddaea08c67b4e52.jpg,Cercospora,1,130,42f6eddaea08c67b4e52754caea5fa9a8e623e84cfadad4f78530bd61b5add5d
cercospora/4c082dde3acf9e5cdce3.jpg,Cercospora,1,1074,4c082dde3acf9e5cdce3665fc01e86aea37c95f0eb143d6d721540a42b181858
cercospora/50bb061cdeba84f40bc4.jpg,Cercospora,1,76,50bb061cdeba84f40bc4cf574c37d73a36489468cddc7b47b00ca767a21d641b
cercospora/536b13a2fcf1d76248d8.jpg,Cercospora,1,990,536b13a2fcf1d76248d8fff85d81f46726d36f81da1e51edec16caa0f9ff5878
cercospora/57a730d23257d4285de3.jpg,Cercospora,1,128,57a730d23257d4285de325e7ad2cb2eddb83e65d6e3655879aa77284d618017c
cercospora/64e7a37a567e918b25d9.jpg,Cercospora,1,1070,64e7a37a567e918b25d97a3efe5e1e0b6b766fce3b6b3c6357fd05ddc26324b0
cercospora/684b2222b1906cf23137.jpg,Cercospora,1,1015,684b2222b1906cf23137ca8e646d90b2c0c208fd3a8f070c0d7644caf4f845d5
cercospora/68a5135867da31b1581d.jpg,Cercospora,1,1063,68a5135867da31b1581d10d41333047ae2a14529c67db7901cbccbea6cd11060
cercospora/6b0326485f851a77d15f.jpg,Cercospora,1,13,6b0326485f851a77d15fc0743c529757ea6170f9a32663efcd94b51e68c2b57a
cercospora/6e2de3dcccaf64b0941e.jpg,Cercospora,1,1111,6e2de3dcccaf64b0941ec28f09c9f652d24012336b05ed9a5a317366a9a08f95
cercospora/712af3b1b6715b635c8e.jpg,Cercospora,1,0,712af3b1b6715b635c8e7b90c99d4b824f67878eb6f4f562888d1586908a4861
cercospora/748b92c4131d3e7c9af8.jpg,Cercospora,1,147,748b92c4131d3e7c9af820a49f977af34776a71c2fa314da665a9bbcaedbee47
cercospora/78188f5797ace5fd7805.jpg,Cercospora,1,967,78188f5797ace5fd780546fc1c06bc9786ee104d9adeb0814afa291b2dcaa0a0
cercospora/891db988ee398784fc69.jpg,Cercospora,1,45,891db988ee398784fc6978bae25c6e8b18db68befc08827f33193e9295cb90cd
cercospora/8b70634b0f0f7a096c7a.jpg,Cercospora,1,136,8b70634b0f0f7a096c7aa199117d365ef0035452655215a86082f5d32683dc31
cercospora/8bd75e568a4acd862039.jpg,Cercospora,1,67,8bd75e568a4acd8620398c72e664547f56df1245384739ae0abefc4febc0fb3c
cercospora/902b25cab4c6e4841c92.jpg,Cercospora,1,4,902b25cab4c6e4841c92141818c236904c5af7fd06c320ecd5a96fd06fe8b23f
cercospora/9206326b53c47230c0de.jpg,Cercospora,1,196,9206326b53c47230c0de53103f74a11a19ae94d99d994a5d58c2b3720d8409c0
cercospora/93c140949e163aed6cda.jpg,Cercospora,1,968,93c140949e163aed6cdacfdb0d028517aee80377df015c77e9b98602c73f55e7
cercospora/9450efe8c2d53db19031.jpg,Cercospora,1,1000,9450efe8c2d53db190317ad56a49507b5ca7d7335f30fbdb0bf282a707a58884
cercospora/94da1374a3eb3d878a19.jpg,Cercospora,1,260,94da1374a3eb3d878a19e0befc95e03bf135b77883fe8fce57e4da52a0113b47
cercospora/97bfc78fea38070edda9.jpg,Cercospora,1,72,97bfc78fea38070edda942471313916c5c4d205c4c756063bbe0b0996fb284d7
cercospora/9b475cee9d52d546d481.jpg,Cercospora,1,225,9b475cee9d52d546d481ab3e525361ea80bfcfd6730ad4d929ad07e22b02c167
cercospora/9da8a7daa6c54ca44e63.jpg,Cercospora,1,184,9da8a7daa6c54ca44e63712a004457e492e9a67f5021314ad91e58357b8fb277
cercospora/a16f9a89dd13aacb8298.jpg,Cercospora,1,1032,a16f9a89dd13aacb82980c8e374f8e6e713c2837ff9b60477266192f8ba26b4a
cercospora/a1ed2d1bb8b84c1dbcaa.jpg,Cercospora,1,45,a1ed2d1bb8b84c1dbcaaeabcf415e807ef3c7bfcddc99e14f2b2c5376c196891
cercospora/a32634339d337fdbbd69.jpg,Cercospora,1,6,a32634339d337fdbbd69ad1fbe8db1e256248e4e173d5cadf4436ff8162db37e
cercospora/a3988d868d6b0896e3fc.jpg,Cercospora,1,929,a3988d868d6b0896e3fc18f54a006e09a80be9ee0296460c0fafc02cf549433e
cercospora/a497c166c5331f0b0a21.jpg,Cercospora,1,913,a497c166c5331f0b0a21cbb5b66a761ca933a9875b8b775473bb4b6c126df9a8
cercospora/a881b61f15c0445230da.jpg,Cercospora,1,0,a881b61f15c0445230da429dfcd9040e502c2a5a36e2db747d6f2effcfc4f605
cercospora/a90826a93efaa67cd758.jpg,Cercospora,1,918,a90826a93efaa67cd758e33bb137badc78bd48303adbede57f5ad61d06999377
cercospora/afc418b7fed911ef42e9.jpg,Cercospora,1,982,afc418b7fed911ef42e96e5afb164ba37e8494976e30d85cc974f6ec00390338
cercospora/b40880046c5d8a693463.jpg,Cercospora,1,1097,b40880046c5d8a6934636647d0a3d92c54b96579ecbddabec77931f9499febf4
cercospora/b7108524592e31bcb298.jpg,Cercospora,1,261,b7108524592e31bcb29871eb1bbaa49729ef81920d1d4bc1ecbadaba26c8b542
cercospora/bb1341941fac5aebd6c0.jpg,Cercospora,1,17,bb1341941fac5aebd6c01f59d922f42c32e85c282189020ad3a7162a5e56d84d
cercospora/c7d39112e3ac6b573e52.jpg,Cercospora,1,1016,c7d39112e3ac6b573e52a2a16b7624ebb696ba7f5d680f4422e1392d14247247
cercospora/c906d577e684a39160c0.jpg,Cercospora,1,249,c906d577e684a39160c0699bdb27af22fcf91823750d01da2185c9a58bb8c701
cercospora/c955c90adfd11c95bf51.jpg,Cercospora,1,978,c955c90adfd11c95bf516ec164ed86152b51d07460c97dbc864e25f9b1d9fc5a
cercospora/cc47700efbe3297798a9.jpg,Cercospora,1,42,cc47700efbe3297798a9cd27fe25411e688b9b10ffd405341e02a4cfd393bb4a
cercospora/cd6d5d53c9ffa2b2db5f.jpg,Cercospora,1,1091,cd6d5d53c9ffa2b2db5fe457015f9fc469e37c7f82c35ce1aafa67accfc9c5ab
cercospora/d0af46b83439420dbc30.jpg,Cercospora,1,54,d0af46b83439420dbc306b922072f39ebb68b89b7793bc70469505b18f7b08bd
cercospora/d26ca54c96263d9d44dd.jpg,Cercospora,1,963,d26ca54c96263d9d44ddab9d3640f98ffd7fbe10606e4a962d58809d83ec1c56
cercospora/d51c0482e0a7045245ad.jpg,Cercospora,1,90,d51c0482e0a7045245addb4550de467431c7c12af8811b90c9d6d5b0ac2a1af8
cercospora/dba0eba48553be843521.jpg,Cercospora,1,1076,dba0eba48553be84352174a529a64fe55559db7024df4fb577487969c5cb3399
cercospora/e42d9eb77f10c5786198.jpg,Cercospora,1,119,e42d9eb77f10c578619873f33df9b7c2c0f3437b441656f424fe3fa9359a5e7a
cercospora/f086aedd83141e5bdb99.jpg,Cercospora,1,0,f086aedd83141e5bdb99e58b18bbfe62fd40f55ba2f09c2a8a386880e7e1533c
cercospora/f58a77d7038a6bfc936d.jpg,Cercospora,1,18,f58a77d7038a6bfc936d8f2e79d5fbecf6641ca89a68e8f1b0e93f0a5c3b0b2b
cercospora/f86a76b2a9d74136250a.jpg,Cercospora,1,92,f86a76b2a9d74136250ad568fea98b5baf021e92c29f3084f6004e547e34c5b6
cercospora/f8a287612906283c2e04.jpg,Cercospora,1,152,f8a287612906283c2e04e351c2dc7a6a3096272f8a6cc412c2caece18b1488da
cercospora/ff30a36714b3c0d6c24e.jpg,Cercospora,1,936,ff30a36714b3c0d6c24e3f71a90907e25a28e0b1a3b57d97d3262e94ccfe3939
healthy/03c7e254deca43746932.jpg,Healthy,0,1254,03c7e254deca4374693230cd46a799c6b641de81791f2abc9885f7c36f4f9441
healthy/053d05f8f3e20804fecd.jpg,Healthy,0,513,053d05f8f3e20804fecdb1e717a5f2fb9dc6863383412b2192b5e20764574203
healthy/0f135073625f674bd0a5.jpg,Healthy,0,365,0f135073625f674bd0a5b75cc568308e7d3a0d33ab581e3b6b2669f82eb41eea
healthy/0f6d88831b7418498614.jpg,Healthy,0,1158,0f6d88831b7418498614f7a4f11b0deda2f53f953f36df1d662450e5e584d9ed
healthy/139c85a3aeb042dee711.jpg,Healthy,0,385,139c85a3aeb042dee711d90030e5a6c1759b67563490378f66a5423e022049ae
healthy/171b578f6caa3da11cf4.jpg,Healthy,0,497,171b578f6caa3da11cf4ff8f7d0a629c801e8ebec690b56ce00e2f6ddbba19fc
healthy/17b6ee9ffc66b59ea0c2.jpg,Healthy,0,458,17b6ee9ffc66b59ea0c20b8e0f3daca29ac687b83f4800b2578905f6291e250d
healthy/18df515147d6f1b71a0f.jpg,Healthy,0,423,18df515147d6f1b71a0f04c8493b0153273a5a67226d0854b93b41950575b090
healthy/1caf225cfae197c47c56.jpg,Healthy,0,375,1caf225cfae197c47c56b83a1b2f294845df9dfd217a317be65c729456e7bb43
healthy/21fd403d980803f3329e.jpg,Healthy,0,1215,21fd403d980803f3329eaa82b1bef9b6b110e63ab2b7783b257af891cad47cb5
healthy/2c90e7c6c5fb4faa5696.jpg,Healthy,0,1140,2c90e7c6c5fb4faa5696379ae9cf9a7531a7806b65696a4ac973e504dbc25040
healthy/2e5f9060b36212f6e4df.jpg,Healthy,0,339,2e5f9060b36212f6e4df99ce8932367af19649092137bdc7fb6c6ae365fd5e47
healthy/2f50e2cac946d6636ad3.jpg,Healthy,0,485,2f50e2cac946d6636ad324aa5aa8762b854d07eaf0ecfd33b9a10af5e1c1bed1
healthy/3024d9f62bd820030cdf.jpg,Healthy,0,1140,3024d9f62bd820030cdfe4574a5908493b50fb5d547bf0e9766e193c636c6a8d
healthy/34ce36ebbb3cb3aeabea.jpg,Healthy,0,1142,34ce36ebbb3cb3aeabea316c06c402253cd88b019be7a797dc60c8b29d686779
healthy/3adb90cc19cafca4c651.jpg,Healthy,0,1158,3adb90cc19cafca4c651a9d2d9297670b64c90f77a1bc478bc06fbadd1a0b18f
healthy/3b4b595cd9cf11089347.jpg,Healthy,0,502,3b4b595cd9cf110893479e8e80f08adb9b2a5266ce19b4aabc729106fab2e4eb
healthy/42a5625352848b84d2a0.jpg,Healthy,0,1178,42a5625352848b84d2a0ae85b77e3a708331338eadf6f0a72126e52c169ecbc8
healthy/443e3f5708becba6bdbf.jpg,Healthy,0,1176,443e3f5708becba6bdbf4c56818e30cd92967495001c95a272b4c4d0e203d7e4
healthy/4e2cac66f8f472bfb073.jpg,Healthy,0,498,4e2cac66f8f472bfb073300e5a64a4c078a2d3bacc38147ec56c3421cec6eec2
healthy/4eb586100372e25960b7.jpg,Healthy,0,408,4eb586100372e25960b7e3c501883b4bdeab4c841d50303e07e6acd6bb55afe9
healthy/4f462cc18bdf9c7e8b32.jpg,Healthy,0,449,4f462cc18bdf9c7e8b325e334448728dbedd4181f409e9871768c27fc9187c3b
healthy/502672755d2994a746b0.jpg,Healthy,0,386,502672755d2994a746b0cc0941b893915a6907005a535b1fac8bd052230416cd
healthy/51bbbd79ee3a1189865a.jpg,Healthy,0,1176,51bbbd79ee3a1189865a3ad3affeba6fe6f8a5772726cd1d3069992745dd0cec
healthy/69feafeee4de9e3176a1.jpg,Healthy,0,542,69feafeee4de9e3176a19674fdedc9aa91feff71527b228201256814a9d46fb0
healthy/70bb63988fb716cecdb1.jpg,Healthy,0,1176,70bb63988fb716cecdb1ba01cfe55b6f44abf3db4aece08a4c450fb0471df338
healthy/732ae12591e6227dbf79.jpg,Healthy,0,1142,732ae12591e6227dbf799f616708b427e3a667a123bcca214e255b85e1615a09
healthy/73924ec5ec291be954e3.jpg,Healthy,0,1142,73924ec5ec291be954e35dbefb49256253d854097540762290f7ff4c64356230
healthy/76358a14c0aa54abb135.jpg,Healthy,0,484,76358a14c0aa54abb1355c0517e3f43b60950c1b82ebdb106117fa81a1ed374c
healthy/77747f1b2da7795240b4.jpg,Healthy,0,1124,77747f1b2da7795240b4498f7dd189c0f03f2146683c012fd4618987668311eb
healthy/7ba520cef8229431dff3.jpg,Healthy,0,1192,7ba520cef8229431dff3221ca3d4eb150c5ce88c7d4b47f00e3b7114e1236d9c
healthy/7f2eeccaa9446dc8ceb4.jpg,Healthy,0,1182,7f2eeccaa9446dc8ceb44c05efe1b945e777c6d023ab3562afdffebaa1c7cb42
healthy/8d1be498eb3f3880cd3e.jpg,Healthy,0,353,8d1be498eb3f3880cd3e85faa76cd84b271e3e28807d7cf57d1eb881ad33b506
healthy/8dddf8ca6dac42069412.jpg,Healthy,0,1181,8dddf8ca6dac420694124b2bd17ddb538ec6d1ebfb4cde98f74b1b91da8ef4e2
healthy/8f9f8a99c015f3eda788.jpg,Healthy,0,278,8f9f8a99c015f3eda7886cc51934b38388436536e492ad664517caee68249088
healthy/95008f52fbae9592b95d.jpg,Healthy,0,302,95008f52fbae9592b95de19ed671a150f45984c6880efff42ffc5fe87180ea39
healthy/95c7c97d6ee0e997a05b.jpg,Healthy,0,329,95c7c97d6ee0e997a05ba821551c9c7b7617f32ebb5c712978cdcca5a2dfc90a
healthy/9e4065f8b6dbb43f09b1.jpg,Healthy,0,1181,9e4065f8b6dbb43f09b1865925d5044c0867a0a17124d39765b127ed6ebf837b
healthy/a08ddbc5d3e772b3b2cf.jpg,Healthy,0,1178,a08ddbc5d3e772b3b2cfea68b731791c4f38e3c4ef4058c7e36b9461fba1fa28
healthy/a2c7feda0f0d01dd79b4.jpg,Healthy,0,409,a2c7feda0f0d01dd79b4d6b8b8d4bf88d9ab324ddab7b6b99dbeb8a7faacd231
healthy/a5a499b8fb29160c0473.jpg,Healthy,0,1182,a5a499b8fb29160c0473f2e7f5c9bf92981b70460fe33bb2fcc1e8f89dfdb8d4
healthy/a61a213420cf7d63bba1.jpg,Healthy,0,449,a61a213420cf7d63bba113c172204b1bd4db3932719c960d6641ac0af57f8735
healthy/a81bc50be7d23303718d.jpg,Healthy,0,1261,a81bc50be7d23303718d6345f049ae1a873f8a640717393f3aadfb6ea822a2ba
healthy/ab050d67c30a84cf5e91.jpg,Healthy,0,311,ab050d67c30a84cf5e913bd465645b02315810306dbe67a4438b73272d01f93f
healthy/ac443e2f62bad0e1e6f2.jpg,Healthy,0,353,ac443e2f62bad0e1e6f21b992f3a90be534e25218a11fd00847c4f7e449fe359
healthy/afbfdaf2f0248d7c742c.jpg,Healthy,0,1230,afbfdaf2f0248d7c742cbc8edc0d764adca295357d918bbf4b20105bab195d6f
healthy/b0ad76b565c8afbaa668.jpg,Healthy,0,369,b0ad76b565c8afbaa668fef1e98094fcaaf66aba7b7cd90a99150e57db101345
healthy/b10531840a9b0aef04b7.jpg,Healthy,0,281,b10531840a9b0aef04b72e0739d9b7436331c3c95187172fd094b87eb6aecad3
healthy/b23bbcf17e9080989459.jpg,Healthy,0,1265,b23bbcf17e9080989459a7e27a51f277fef28191a0b85d52c7fadb2f68940936
healthy/b318073cacd07821fba7.jpg,Healthy,0,1182,b318073cacd07821fba753aa75277ec840e7632bd81b7d28922f6e1cd39b5478
healthy/b5f35a35ef2034f807e3.jpg,Healthy,0,1158,b5f35a35ef2034f807e3b77b4213dd7a8029d7a79345517eb26751051777e180
healthy/b886032e48923a0d0063.jpg,Healthy,0,477,b886032e48923a0d00636ffc8b0d82a0a22a310447496ed0aedfd9fd6df48d6e
healthy/b93ce31688be3b18a59b.jpg,Healthy,0,1140,b93ce31688be3b18a59ba9b9dc9d48ee07ff100f37b657271f0c99c8c8766fac
healthy/b979d4dbf4843d54ab8f.jpg,Healthy,0,282,b979d4dbf4843d54ab8f971f2a1047a4cf5dbc2db875a1d6608d522279151fd5
healthy/bc4d028772f0793e7cb5.jpg,Healthy,0,1217,bc4d028772f0793e7cb501da7233f7747ef6303ebde2cc00f03477291555cbab
healthy/bccce893a342e8a79d6c.jpg,Healthy,0,361,bccce893a342e8a79d6c0dc3f133b7b511827db78367880fe971fc255658b0bd
healthy/bce25abbe9dce75ec9ab.jpg,Healthy,0,1124,bce25abbe9dce75ec9abb73e3ae6338762c8d5268494f5db27eb1df8f697a81f
healthy/bffca411577a42d52ba2.jpg,Healthy,0,1178,bffca411577a42d52ba27475ec8cdef38a8428afa891398dbcfef2788e951929
healthy/c24278257514c33db035.jpg,Healthy,0,1142,c24278257514c33db035e6b2ef2820a343ae31f87e8f1a2caa5ab51778eac877
healthy/c39397e55e5649cfce04.jpg,Healthy,0,411,c39397e55e5649cfce049fdc561b08bb3130d6c49c7568a70a108c13bc5d45ee
healthy/c54f207a9c92ae69dc98.jpg,Healthy,0,1182,c54f207a9c92ae69dc98cb493ca9e718a10df40f074e6cc2115e67eb817c443a
healthy/c7769cc484d28c300238.jpg,Healthy,0,1212,c7769cc484d28c300238362f7b7dfbd4ec6e414bc7d86c7f51479689660cdb00
healthy/c8eb39254e29f29543ce.jpg,Healthy,0,1181,c8eb39254e29f29543ce78eea1b7b44ed7db3e640424f472d8823b0361e361bd
healthy/ca121f153ec18cc2e63d.jpg,Healthy,0,1181,ca121f153ec18cc2e63d9e3dc51bd6e4f7da3bd463d1ee5e7cb3191b23ba97a0
healthy/cb1f5f02b806e4b8bb58.jpg,Healthy,0,1158,cb1f5f02b806e4b8bb58930bb0c9ed39827c18e851ae15727d196f1ac753b029
healthy/cc7bfff32510bea41399.jpg,Healthy,0,1140,cc7bfff32510bea41399bd553a3cad2a20a445b8c79234feae0363402cb4f894
healthy/ccf39349d8ba06e5ef55.jpg,Healthy,0,1198,ccf39349d8ba06e5ef550a7c8a6706a5045a2f8d1c0be2ca7367f878bdd9c223
healthy/d7090beb318486866f50.jpg,Healthy,0,1261,d7090beb318486866f501601d5e6fda58f29cb9261de42a9fbc6c28c855d65f7
healthy/d7ee5954bdc5d0f1d2ec.jpg,Healthy,0,1178,d7ee5954bdc5d0f1d2ec04e9ccdff6bc32bd3b221b165277f02dcfdd4a6e7cd6
healthy/d964b8fd9dd5cb2a5726.jpg,Healthy,0,1248,d964b8fd9dd5cb2a5726655c8954bc035343f2fcca4313cbb354b99e51fe4dd1
healthy/dd24ca25badeb3cda27e.jpg,Healthy,0,421,dd24ca25badeb3cda27e2d62b689529e15c8055f937a38ed769aa7535c6e92f7
healthy/ead0a0eeb5ab86206d46.jpg,Healthy,0,1176,ead0a0eeb5ab86206d4637782cfe1fb470f58c87998a836c10d90f882d12ee9e
healthy/efda21a77142d82c3a40.jpg,Healthy,0,546,efda21a77142d82c3a405d6c378bd7e574c8d3f97dd5efb84d12a0336fb75618
healthy/f165d0b4bfbc46ba541f.jpg,Healthy,0,456,f165d0b4bfbc46ba541fe304e1342199fd6bb91eee2d3b884f1cfc56aee808a7
healthy/f48f29ef00eb0b3d0fbf.jpg,Healthy,0,541,f48f29ef00eb0b3d0fbf43f9b7118a8e22f321051787bc45ff7419d6125e51ec
healthy/f739029539f595270dbc.jpg,Healthy,0,1124,f739029539f595270dbce87e09a813ccc7e3f7ec487e2342bfcb24c0aaed3ea1
healthy/f8af9ffe3e39d08a3ac6.jpg,Healthy,0,1195,f8af9ffe3e39d08a3ac604475539df1f30c69e1460732ee9c604ebf2ae889b9e
healthy/f9799304c1f137aa28ed.jpg,Healthy,0,363,f9799304c1f137aa28ed41cd3d391dfa50a0d3cca14a05a5114d7b82bd398b4f
healthy/fb9c603dcbb11f5c1f9e.jpg,Healthy,0,1121,fb9c603dcbb11f5c1f9e161c7a6673be91a0c591c5461aaaf65398f5e24b74ec
healthy/fd95f1d79b3ca49b9ac9.jpg,Healthy,0,518,fd95f1d79b3ca49b9ac9e9cf20638629ba219e1349f5bd4cfcec66d78bb3b224
leaf_rust/0036b59e689c8a1d5ee4.jpg,Leaf Rust,2,1362,0036b59e689c8a1d5ee4dc981d996307a932c8b7ba35865ff89995eb60751dd3
leaf_rust/02f924d19ac5aa9ec5c3.jpg,Leaf Rust,2,1647,02f924d19ac5aa9ec5c34e0d22448a4b93af57dc57281a0b13f0efa716e9ef6e
leaf_rust/0359af9334a3552276ed.jpg,Leaf Rust,2,1338,0359af9334a3552276ed9d4f765395a1e6adcacd02218330a3fa9c5d928524ca
leaf_rust/039b283932dd1bd690e5.jpg,Leaf Rust,2,664,039b283932dd1bd690e5f4eb865cf749c59bed70a296a7c0ecee01e67852b490
leaf_rust/065325c4e49d55ca43ae.jpg,Leaf Rust,2,1430,065325c4e49d55ca43aec85293cbf8fd7eb0e50693aad574944f45d4101f6109
leaf_rust/06af8a00c098fca19608.jpg,Leaf Rust,2,1679,06af8a00c098fca196088c741047b9d8690b8835a0f92bb01ecfc6ece79d5c40
leaf_rust/0e6b564b9a03e794d170.jpg,Leaf Rust,2,1460,0e6b564b9a03e794d1708e923d2af5494c2523e4cc391e39dd470106bc34b0a6
leaf_rust/112651f07eb9b3d28b81.jpg,Leaf Rust,2,1414,112651f07eb9b3d28b81d75ac4c2e8553a693607d662f43a93ae5f688b8be1e6
leaf_rust/11db3a1e2df5ac97efac.jpg,Leaf Rust,2,1349,11db3a1e2df5ac97efac896418d71d8b1e4925417cced4bf1688dd7025e02bfc
leaf_rust/13c24efcd406988b2567.jpg,Leaf Rust,2,1676,13c24efcd406988b25677e2bd913a15ce192e2072792d710bb576c11231da96c
leaf_rust/144734f5758530b0b224.jpg,Leaf Rust,2,1325,144734f5758530b0b224874586be1d4d549b30f0fc727a91629a05dc8ce8c18f
leaf_rust/17dcc49d38ea8cfbf65b.jpg,Leaf Rust,2,1358,17dcc49d38ea8cfbf65b7918b98de47f226e59db24a03798f753aa445315d2f1
leaf_rust/18fea74976bd5162a330.jpg,Leaf Rust,2,1520,18fea74976bd5162a330bfdb3e3a668d5a21686a1984acf68ee9031de4e25b35
leaf_rust/223c558d1a229622e46c.jpg,Leaf Rust,2,1524,223c558d1a229622e46cfc15ad10caa3a4a7a42eeb81aa452df263b6ae0f9e59
leaf_rust/23e61efacf263521b779.jpg,Leaf Rust,2,614,23e61efacf263521b7795c5b14b90699a84dc1fe0aaca6463b41bf82392b985f
leaf_rust/2921c1de224fe5a79061.jpg,Leaf Rust,2,1325,2921c1de224fe5a79061aeaeba0e9b7b74304b776c88036cf0ce4da15be8ee5a
leaf_rust/2924e6c28693c3b31a1c.jpg,Leaf Rust,2,610,2924e6c28693c3b31a1c3a91221be02ff9e0a2d68d5e5278e4ac70e9b3b49c99
leaf_rust/29b0d8580845e754e98d.jpg,Leaf Rust,2,1425,29b0d8580845e754e98d30ff5f190974ac913a2c874c4ae49cc8853b0af16a9c
leaf_rust/2a1fb9654be7aadace1d.jpg,Leaf Rust,2,1592,2a1fb9654be7aadace1d3d236b18bf7d50c5265dcdc4d14cf22e15c0915743de
leaf_rust/2a236deb37d9d40acc91.jpg,Leaf Rust,2,1591,2a236deb37d9d40acc917da17782c207219e116edad0cac352a6544735105569
leaf_rust/2a5b78d28dbe15c0720a.jpg,Leaf Rust,2,599,2a5b78d28dbe15c0720ade606b7c44b9f2c4340dc9d02c7679d7bb294d42cbe8
leaf_rust/333ba347124769c3122d.jpg,Leaf Rust,2,828,333ba347124769c3122df757ed8fcf493605f5a68589974d086c95bff99c87b0
leaf_rust/35132746d751677ebb15.jpg,Leaf Rust,2,1502,35132746d751677ebb1538493c263428003e53faee05a2f135ea1bfacc61f5ae
leaf_rust/3834eea35872c97598f3.jpg,Leaf Rust,2,1349,3834eea35872c97598f39427cb84e87fed30014441e9366a057477bbc347bed2
leaf_rust/3cd02be2c1d81689a80e.jpg,Leaf Rust,2,1474,3cd02be2c1d81689a80ef3abbde7a384d789435f84005803d99faf0a8437f084
leaf_rust/3ce504db40602e323745.jpg,Leaf Rust,2,1358,3ce504db40602e323745dd1165b316aaa1d83dd2a84f9b9dcc8d669e4e0b9e31
leaf_rust/3e1a4ec0298545f9b578.jpg,Leaf Rust,2,1338,3e1a4ec0298545f9b578fdb9ce36a99b6e6782bc348668a4407fe03db531b56d
leaf_rust/3e771b0e67defe29351c.jpg,Leaf Rust,2,1359,3e771b0e67defe29351cd9f592cc4b1e0ec00646612d84e7ed1639d819deb868
leaf_rust/3e8122bbff51908e3074.jpg,Leaf Rust,2,1682,3e8122bbff51908e3074e609c143f6bf2ce0937d556c95d416b6f2362c333b5f
leaf_rust/48b1171328c6aeff77bb.jpg,Leaf Rust,2,1349,48b1171328c6aeff77bbccee1cee951a86fb589ee5545e9bd5b6feb52f29de83
leaf_rust/49a9c1ef1225b32a1ad5.jpg,Leaf Rust,2,1443,49a9c1ef1225b32a1ad54c60254d8bd2bba7329912003740cd4998f6b7e9dff9
leaf_rust/4aa9b30fcda900a52f43.jpg,Leaf Rust,2,649,4aa9b30fcda900a52f4363c31b6383e0b8d7c654be28cfa24eeaa358593e3e56
leaf_rust/546508968042c5c746a7.jpg,Leaf Rust,2,1422,546508968042c5c746a7544f10301c85975873338d0d5f23b69e025054c58d5c
leaf_rust/555d80b60767d6680cba.jpg,Leaf Rust,2,1548,555d80b60767d6680cba4b4088bca61cc6f0e9803f99506dfba6bd9b19ba8622
leaf_rust/5739b1f954ac2ab8e836.jpg,Leaf Rust,2,1630,5739b1f954ac2ab8e83693e129549202ed520894258ae23c7a5372dcffe99190
leaf_rust/59195dab60dec4793e41.jpg,Leaf Rust,2,702,59195dab60dec4793e41c4f1cefd134f37acf44840731803cb1657b0e6bc722b
leaf_rust/623f91073eea3bd10894.jpg,Leaf Rust,2,623,623f91073eea3bd10894f780564c4b55324d9ccdc324a54d1ad631ac12c595de
leaf_rust/6310f633bf5480b33252.jpg,Leaf Rust,2,1349,6310f633bf5480b33252bd684fc41c07b18984295b817624b28009549c3167d1
leaf_rust/6419f742a1a7b85e965d.jpg,Leaf Rust,2,1359,6419f742a1a7b85e965d2486c2927bf444ac05526ec3d3d95c0ebd4d101b52e6
leaf_rust/6a865ce163277e56c415.jpg,Leaf Rust,2,1683,6a865ce163277e56c41570f7a7ccff769e08e110bb429f719494d02f9054871d
leaf_rust/6aac40c82f5dc9c6526b.jpg,Leaf Rust,2,1453,6aac40c82f5dc9c6526bdc9f753c01422d196c75376de424124bd6b41d588a99
leaf_rust/6e71baa6f3226ecb0095.jpg,Leaf Rust,2,1397,6e71baa6f3226ecb0095f0ba5af36b5462fb5c0719d9eda1ed629805a0ebb5ab
leaf_rust/7648792fe748cb501f7e.jpg,Leaf Rust,2,1375,7648792fe748cb501f7e58e3233a03c3c0ab05f6e75d27a1f62d064c74d51ef6
leaf_rust/7b356ec8f8d6c81341c6.jpg,Leaf Rust,2,1661,7b356ec8f8d6c81341c619b41e33e9d134da8448374c436ae79c93de54301da9
leaf_rust/80e6696c6b330565894e.jpg,Leaf Rust,2,1472,80e6696c6b330565894e3bff176e09b407f4069f4a29992bd824540da6ed0eb9
leaf_rust/81a5a41b1a984ef6c2a2.jpg,Leaf Rust,2,1501,81a5a41b1a984ef6c2a230419642629d5e4fa929aa1cec702bb323dbad79c195
leaf_rust/81d7caac12c57fb5e451.jpg,Leaf Rust,2,1359,81d7caac12c57fb5e451f1af44ad0cca4240c4bc6ba6de698246d8bb7bd68186
leaf_rust/82df70282ea1d30fc3ba.jpg,Leaf Rust,2,1602,82df70282ea1d30fc3bab072829984cb1680bc1db18834c5d66add84f559985d
leaf_rust/87d6bdff984ab200db01.jpg,Leaf Rust,2,819,87d6bdff984ab200db0153d1d706935162d42ff1a0c10d4f86585c70ed435139
leaf_rust/893febd1d1086e89ff1d.jpg,Leaf Rust,2,646,893febd1d1086e89ff1df9c5177459bff1e2f8a9705da6430fe51c9f5f46a7f8
leaf_rust/8ac0ca5d84cd2fe84dd9.jpg,Leaf Rust,2,726,8ac0ca5d84cd2fe84dd9ec0f32631d09edaf93e7bcabc91797b170e8655643af
leaf_rust/93bd5832639a2c9144bb.jpg,Leaf Rust,2,1508,93bd5832639a2c9144bb0338ef33bcdf61a672be25a60077b8b362423de5739d
leaf_rust/956e44c782951d765399.jpg,Leaf Rust,2,1518,956e44c782951d765399f9111e152682d400c251e170d01198f23f0dd88e8f8e
leaf_rust/95e623318c8decabe57d.jpg,Leaf Rust,2,1374,95e623318c8decabe57d7d4070ceee1cb9b988cb746134cdda8dd54539ee92cf
leaf_rust/9647d3ce0113b5be4a18.jpg,Leaf Rust,2,1338,9647d3ce0113b5be4a18ea2a87f43b321bf9d6bea01b3ffa18235c74d502a1f7
leaf_rust/96ed6801aca171ee319c.jpg,Leaf Rust,2,1547,96ed6801aca171ee319cbec2ae076b15f75c7d31ee2ecdf26039cf242bda678f
leaf_rust/97cd02acade79428d551.jpg,Leaf Rust,2,630,97cd02acade79428d5512daee73b833cc7bec6b28a467971954f0531676d2b79
leaf_rust/9c241ec62985b1bdca31.jpg,Leaf Rust,2,563,9c241ec62985b1bdca319718d39b16c1aa6a089e51c430cd9838324ce3675641
leaf_rust/9d3a526285870f2450f2.jpg,Leaf Rust,2,792,9d3a526285870f2450f2951e7bf0479dff027015eb01280c4e6c718cc1cffe92
leaf_rust/9ef9c336bd91fcc82388.jpg,Leaf Rust,2,1358,9ef9c336bd91fcc8238855632e9f573a2b794a7958dcc983e0e56800a3da5313
leaf_rust/9f66bbc01ee1bfd81bbc.jpg,Leaf Rust,2,622,9f66bbc01ee1bfd81bbcdfe66ffc47b784bd15e327e4868f8cc0a61a266a681b
leaf_rust/a35cf89dfaaf5fa5680f.jpg,Leaf Rust,2,1325,a35cf89dfaaf5fa5680fddeff7c4eed62c2220a7c5ae3b188c1cdf7f05514b17
leaf_rust/a3ac156280d2496e7fce.jpg,Leaf Rust,2,1465,a3ac156280d2496e7fce16aa475c92d49cf646029714057429f5e8fb3e35b201
leaf_rust/ad1ed4f811a755566bb1.jpg,Leaf Rust,2,1537,ad1ed4f811a755566bb11a1bbfeb4cee6d7f9290c252a89563ba5e362de48970
leaf_rust/aeda72f212e8e7c5b46a.jpg,Leaf Rust,2,1359,aeda72f212e8e7c5b46a95bc001673ad1422d71db598e4c63213a3924cac98e6
leaf_rust/af4d648de251e9278fa9.jpg,Leaf Rust,2,605,af4d648de251e9278fa994c8d87ac6be7783db329c5662f552d0dd0b944deb41
leaf_rust/b4278647be7074a88d5e.jpg,Leaf Rust,2,1420,b4278647be7074a88d5ed0c89e5a3127cac971f98f6f75ea18c6f720372449f0
leaf_rust/b7e1be419da8bdbb5d4a.jpg,Leaf Rust,2,775,b7e1be419da8bdbb5d4ab3c19125a57febe8bd9d096602ccce85b4c218d6692e
leaf_rust/b7eb333d4bc4158dc927.jpg,Leaf Rust,2,1618,b7eb333d4bc4158dc92788cba4ae5c8d5c48e346371391b0d6084e78f2257c97
leaf_rust/bd1d4a682d3d1a38f324.jpg,Leaf Rust,2,1643,bd1d4a682d3d1a38f324807f8d9ffb2a1a5d68e02393e9774e6982f81ad6534e
leaf_rust/bfe40f7078dbc0c5e66a.jpg,Leaf Rust,2,752,bfe40f7078dbc0c5e66a8078308b602068ecd7418d30d5dc1b1bc5b830850ad8
leaf_rust/c25208fa94d83bf99051.jpg,Leaf Rust,2,592,c25208fa94d83bf99051d7a52e93b4de29e60ea5f81009baf6418797ba2f4d54
leaf_rust/c5961a40dc33c1257c04.jpg,Leaf Rust,2,571,c5961a40dc33c1257c0448a198af22d9dd30662785d84bd9acea3e24c868f6ae
leaf_rust/c8d77dd87b58780ea9c1.jpg,Leaf Rust,2,704,c8d77dd87b58780ea9c1abdde4fa702a184ac687a8d5275f822510aa44c58c67
leaf_rust/cf110a84330093f3226d.jpg,Leaf Rust,2,1512,cf110a84330093f3226d21ff26d7277a6f24e044965a6622bdb7106d75eff0a0
leaf_rust/cf43c5a2966c55691685.jpg,Leaf Rust,2,1399,cf43c5a2966c55691685dcdec4285d9683380df9d48401af30ec1cd08b6a2019
leaf_rust/d0d26480e0f12452c164.jpg,Leaf Rust,2,624,d0d26480e0f12452c16499fd1e202b594e3e0f39b1159225175fc673f609cdcb
leaf_rust/d144270c86c6883be543.jpg,Leaf Rust,2,735,d144270c86c6883be5430b91d0cecb9ea4e790a86517c282f32a544116ef50b5
leaf_rust/d446d870e0bff2c504f1.jpg,Leaf Rust,2,1631,d446d870e0bff2c504f167011e56254acfe9af5713d5efc48520d723e40a1660
leaf_rust/d4c491abdcb23d0e9a08.jpg,Leaf Rust,2,676,d4c491abdcb23d0e9a089b7d581cd0805ae4fc21de0d74f9300a25db5028f6c5
leaf_rust/d55fa28e7ddcf66aeba6.jpg,Leaf Rust,2,696,d55fa28e7ddcf66aeba6654a0047a49cf7ab157106b4058536d0c4723c0c10f4
leaf_rust/da11546ad387782b3324.jpg,Leaf Rust,2,1325,da11546ad387782b3324349c3bae9b9193381b673902e7e49cb170ce6db96c35
leaf_rust/ddb2e3572b92fb0f8d78.jpg,Leaf Rust,2,651,ddb2e3572b92fb0f8d78bdd772ebd3a07b1313dacaba8c5c1fa55231a84f3750
leaf_rust/e08cba86f6dbef5b9a19.jpg,Leaf Rust,2,646,e08cba86f6dbef5b9a193d2ba1454038c5832a866e11bdf70663e3f7bc53bff4
leaf_rust/e0ec667d41cd9a3f208d.jpg,Leaf Rust,2,717,e0ec667d41cd9a3f208d52b064ab3c7e7ce07c39c656a1d731689db5b8f33a9e
leaf_rust/e2174aac64b71ea4742e.jpg,Leaf Rust,2,675,e2174aac64b71ea4742e44cbb954b276f84fcc8208ea4ca67566d0d2f7af12c0
leaf_rust/e4cd81e53f02004d4578.jpg,Leaf Rust,2,1575,e4cd81e53f02004d4578dad2652e090a09181b6707cafe3ab96522798aa4dfbb
leaf_rust/e57308a84e75d295c470.jpg,Leaf Rust,2,808,e57308a84e75d295c470b680c97a3672db7c5f70a36964b99972cd9a324f693e
leaf_rust/e5b38ca77eb0c9fd2a3a.jpg,Leaf Rust,2,1522,e5b38ca77eb0c9fd2a3a557430c3e798dbdf8c5511c1b73e1b595f2bbf8d73cb
leaf_rust/e77d3b1af4e113e50a3d.jpg,Leaf Rust,2,663,e77d3b1af4e113e50a3dd8c5c05fd7079c9a108733b76a9eea82e595e39ec72b
leaf_rust/e8852a827f8afddf5ea3.jpg,Leaf Rust,2,1358,e8852a827f8afddf5ea363df67eef97a9befddf611f0b61beae099e89c14f91c
leaf_rust/eb20388b199998f44aad.jpg,Leaf Rust,2,1559,eb20388b199998f44aad22835669f0a74662c47c8fdb38e50c3518446c6104b0
leaf_rust/f81968d06d082a1614fe.jpg,Leaf Rust,2,1552,f81968d06d082a1614fe58d9369d4e50b6379bbaaa579c1ffb44b90ad7fb8a9c
leaf_rust/f95492f15a7ce7a20a84.jpg,Leaf Rust,2,824,f95492f15a7ce7a20a84f2b61c3b6255d19b42084f9d82865541b61138e4c8b9
leaf_rust/f9a6031d49848ea82d8d.jpg,Leaf Rust,2,1578,f9a6031d49848ea82d8dbcde7c4d9ab11182351bf7a44988b9278058ef7473ea
leaf_rust/fed4bb32b80d7d2b3bd0.jpg,Leaf Rust,2,1641,fed4bb32b80d7d2b3bd0801415f26bc4a41326b976321c7a321d5a366811caf4
phoma/1739d2777eed8b433118.jpg,Phoma,3,864,1739d2777eed8b433118f0324eac9a6117930f0981b3cbda0a22e66734791758
phoma/188b81f3302d6d059d43.jpg,Phoma,3,864,188b81f3302d6d059d43a510cf52c553d9ff6224cb78cb29e6db2de1426264c3
phoma/25a2d3d81077a45fac63.jpg,Phoma,3,1717,25a2d3d81077a45fac630972a2c5460be052c37990528d9ff36d0ee1761c94ee
phoma/29955b39d9798e1ed86f.jpg,Phoma,3,878,29955b39d9798e1ed86f17933edf579ffbbb9e59b8cc6f71f990d0e7b2e8f402
phoma/2e3ee00e3ba555459c0e.jpg,Phoma,3,1713,2e3ee00e3ba555459c0e55149f3d681c18632ad645d6ac74b1e5841ac7992691
phoma/2f187c415624ce92448b.jpg,Phoma,3,848,2f187c415624ce92448bb61a4851c210d9a292325be4a612c7268ff9124722a3
phoma/361b55c496278fc249c2.jpg,Phoma,3,877,361b55c496278fc249c23ac6f7cf406f162a868b64b79635b74643a1ccf7f1fa
phoma/402809a7d7112525d53e.jpg,Phoma,3,1717,402809a7d7112525d53e788a00421cba6ed609fc17bc4b8f1e29021872dfebde
phoma/428d556fc57ab7f91e48.jpg,Phoma,3,877,428d556fc57ab7f91e489ff88ccccf1edaefd4c817447289deeb74cf729ce682
phoma/464fd7660e65ef504e03.jpg,Phoma,3,864,464fd7660e65ef504e034dceeb7aa0ab10ac05866ef121d73a45434ab949c2ab
phoma/57b39ed0a9e3378aac56.jpg,Phoma,3,878,57b39ed0a9e3378aac56f813a3135253320cba91ce1e6d897b1a51ca1113e8c8
phoma/592c51e55c4320e9dc0f.jpg,Phoma,3,1696,592c51e55c4320e9dc0f6b3102b88bb0125d335dca376220ac8e7e0095300449
phoma/5bfec1cd818c052bf79e.jpg,Phoma,3,874,5bfec1cd818c052bf79e5e99fd4c3c0cd81dcb0cdb68005f8684c63717d9d25c
phoma/5c4b007a85a5b197c501.jpg,Phoma,3,878,5c4b007a85a5b197c5013525f92ac5abc458f595040124e5859b6a25262bcb96
phoma/671aecfb662893d6e18a.jpg,Phoma,3,1692,671aecfb662893d6e18a41425da67f06b263837b76babd1bfe375bc589ba47b0
phoma/7a8d8308857ea9ad9e8d.jpg,Phoma,3,1713,7a8d8308857ea9ad9e8df36542693c2c5c549926345ebbe0b83bcac06e27e92a
phoma/7b6837a00f74e88c2db4.jpg,Phoma,3,877,7b6837a00f74e88c2db4a17697774f16525c4456489e6ffa8278f7bc4d8ec6c1
phoma/8400244e0d6b568f968b.jpg,Phoma,3,864,8400244e0d6b568f968b84dbaf0ed410e4531eb4e80f465c0ef0a9b1d75fbe5e
phoma/84d0c1000655e257111a.jpg,Phoma,3,1696,84d0c1000655e257111a98be811de0c33513fce59152ec547e8dfdec89452206
phoma/8b72c92d8354cd17cc3a.jpg,Phoma,3,878,8b72c92d8354cd17cc3aff161fbf17ccd729cccb19514bbf0b9a3e476d4a2acd
phoma/904ac592e06f24dc819f.jpg,Phoma,3,874,904ac592e06f24dc819f8c1fc574a059ec6f82b05165bb36980b8f18ff68e255
phoma/95fd1dc6e9dc2b55497a.jpg,Phoma,3,1692,95fd1dc6e9dc2b55497ab667ec5cc0bc312a86aae5e14618a0a5b01062f7268b
phoma/9699d313deea74b43514.jpg,Phoma,3,848,9699d313deea74b435143772c1333eb1a4e569d15a2d0573d44bb82b038db9c7
phoma/b2728a830822ca8e26d5.jpg,Phoma,3,1715,b2728a830822ca8e26d5f4f78c37224cbaa3abf347376007349617fef49adee6
phoma/b4b034ee70e48721827c.jpg,Phoma,3,1692,b4b034ee70e48721827c39657bb3839ff109ebd6be33481dd7b0ec3d80ef63dc
phoma/bd1b63615cd63abb8411.jpg,Phoma,3,1715,bd1b63615cd63abb8411d02c6f7a2ff1cbf3535f5454fdfb2cb6180916ab35b4
phoma/c72f9f28692d0efd713e.jpg,Phoma,3,1692,c72f9f28692d0efd713e6a6fa8a08dd5548bd9c895eaed9ebd73331b1d5418e8
phoma/cb536c21c08b40becd3b.jpg,Phoma,3,1715,cb536c21c08b40becd3b2a4a6313e0541df54266894baf5c82ab4b6a8e85c045
phoma/cd3bc5a3614379b3751e.jpg,Phoma,3,848,cd3bc5a3614379b3751ea1dc04e8672a13d229afe651aaa955e5440731818249
phoma/d4cc833a1b0e7900e719.jpg,Phoma,3,1696,d4cc833a1b0e7900e71977a512446d86edc4678182d791563dd385cc0e5b8d24
phoma/d6adfd50d5783e5596ed.jpg,Phoma,3,1717,d6adfd50d5783e5596edc527c30a8a7926f228bc5c3addf6ade1bca12e1843fb
phoma/d9d6d5fefcb948e7224f.jpg,Phoma,3,874,d9d6d5fefcb948e7224f73583bea67616e508f1265aace75d5f9124d1c6eede5
phoma/de47e4131e3ccc7652ca.jpg,Phoma,3,874,de47e4131e3ccc7652caa7b0bcbbed04c792cb3d7fe38c57532e154d406e4f01
phoma/e4e41e932b7d1cb2f984.jpg,Phoma,3,877,e4e41e932b7d1cb2f984449ed0c01374516963575e942f61c0d6300c78b2a723
phoma/e74b3c4811570fdca596.jpg,Phoma,3,1717,e74b3c4811570fdca596c82715e659af4a1cfc2e76bb952962f60205030dcbe4
phoma/ec8d57672bd0968e8322.jpg,Phoma,3,1715,ec8d57672bd0968e83229666f1c8edc90922441043930c0ba0886f84bef4eeae
phoma/f0e72ed858316c4eac60.jpg,Phoma,3,1696,f0e72ed858316c4eac60ac017ca87cea8aae2ac169826f5dfc5283dbb5ac017f
phoma/f7c29449b239c69cdd02.jpg,Phoma,3,1713,f7c29449b239c69cdd029f4babde7be39e9ba14973849b5970ef1b13b4398b05
phoma/fc464d132586bc88222d.jpg,Phoma,3,848,fc464d132586bc88222d1811d58124414df02fed2d7425b01a7afa86351ddd14
phoma/fd84ec5b0dca2929bc42.jpg,Phoma,3,1713,fd84ec5b0dca2929bc42d9b054c8cec9b09ac613a6f1b2d59529b66a9f8d8f60
phoma/ffad29713fa0a663430d.jpg,Phoma,3,838,ffad29713fa0a663430dbb048c9af880724727918060bc23b741038aeaf83ce0
