path,label,status,issues,duplicate_of
ethiopian cofee leaf dataset/test/Cerscospora/20231123_103427 (2).jpg,Cercospora,conflict,,
ethiopian cofee leaf dataset/test/Cerscospora/20231123_104718 (2).jpg,Cercospora,conflict,,
ethiopian cofee leaf dataset/test/Cerscospora/20231123_105043 (2).jpg,Cercospora,conflict,,
ethiopian cofee leaf dataset/test/Cerscospora/20231123_110227 (2).jpg,Cercospora,conflict,,
ethiopian cofee leaf dataset/test/Cerscospora/20231123_110331 (2).jpg,Cercospora,conflict,,
ethiopian cofee leaf dataset/test/Cerscospora/20231123_110604 (2).jpg,Cercospora,conflict,,
ethiopian cofee leaf dataset/test/Cerscospora/20231123_111350 (2).jpg,Cercospora,conflict,,
ethiopian cofee leaf dataset/test/Cerscospora/20231123_111755 (2).jpg,Cercospora,conflict,,
ethiopian cofee leaf dataset/test/Cerscospora/20231123_115837 (2).jpg,Cercospora,conflict,,
ethiopian cofee leaf dataset/test/Cerscospora/20231123_120635 (2).jpg,Cercospora,conflict,,
ethiopian cofee leaf dataset/test/Cerscospora/20231123_121957 (2).jpg,Cercospora,conflict,,
ethiopian cofee leaf dataset/test/Cerscospora/20231123_122535 (2).jpg,Cercospora,conflict,,
ethiopian cofee leaf dataset/test/Healthy/C11P25E1.jpg,Healthy,duplicate,,ethiopian cofee leaf dataset/test/Healthy/C10P38E1.jpg
ethiopian cofee leaf dataset/test/Healthy/C11P25H1.jpg,Healthy,duplicate,,ethiopian cofee leaf dataset/test/Healthy/C10P38H1.jpg
ethiopian cofee leaf dataset/test/Healthy/C11P26E1.jpg,Healthy,duplicate,,ethiopian cofee leaf dataset/test/Healthy/C11P15E1.jpg
ethiopian cofee leaf dataset/test/Healthy/C11P26H1.jpg,Healthy,duplicate,,ethiopian cofee leaf dataset/test/Healthy/C11P15H1.jpg
ethiopian cofee leaf dataset/test/Healthy/C12P19H2.jpg,Healthy,duplicate,,ethiopian cofee leaf dataset/test/Healthy/C11P11H1.jpg
ethiopian cofee leaf dataset/test/Healthy/C12P21E1.jpg,Healthy,duplicate,,ethiopian cofee leaf dataset/test/Healthy/C11P12E1.jpg
ethiopian cofee leaf dataset/test/Healthy/C12P21H1.jpg,Healthy,duplicate,,ethiopian cofee leaf dataset/test/Healthy/C11P12H1.jpg
ethiopian cofee leaf dataset/test/Healthy/C12P25E1.jpg,Healthy,duplicate,,ethiopian cofee leaf dataset/test/Healthy/C10P23E1.jpg
ethiopian cofee leaf dataset/test/Healthy/C12P28E1.jpg,Healthy,duplicate,,ethiopian cofee leaf dataset/test/Healthy/C11P19E1.jpg
ethiopian cofee leaf dataset/test/Healthy/C12P28H1.jpg,Healthy,duplicate,,ethiopian cofee leaf dataset/test/Healthy/C11P19H1.jpg
ethiopian cofee leaf dataset/test/Healthy/C12P29E1.jpg,Healthy,duplicate,,ethiopian cofee leaf dataset/test/Healthy/C11P20E1.jpg
ethiopian cofee leaf dataset/test/Healthy/C12P29H1.jpg,Healthy,duplicate,,ethiopian cofee leaf dataset/test/Healthy/C11P20H1.jpg
ethiopian cofee leaf dataset/test/Healthy/C12P30E1.jpg,Healthy,duplicate,,ethiopian cofee leaf dataset/test/Healthy/C11P21E1.jpg
ethiopian cofee leaf dataset/test/Healthy/C12P31E1.jpg,Healthy,duplicate,,ethiopian cofee leaf dataset/test/Healthy/C10P26E1.jpg
ethiopian cofee leaf dataset/test/Healthy/C12P31H1.jpg,Healthy,duplicate,,ethiopian cofee leaf dataset/test/Healthy/C10P26H1.jpg
ethiopian cofee leaf dataset/test/Healthy/C12P32E1.jpg,Healthy,duplicate,,ethiopian cofee leaf dataset/test/Healthy/C11P18E1.jpg
ethiopian cofee leaf dataset/test/Healthy/C12P32H1.jpg,Healthy,duplicate,,ethiopian cofee leaf dataset/test/Healthy/C11P18H1.jpg
ethiopian cofee leaf dataset/test/Healthy/C12P34E1.jpg,Healthy,duplicate,,ethiopian cofee leaf dataset/test/Healthy/C11P24E1.jpg
ethiopian cofee leaf dataset/test/Healthy/C12P34H1.jpg,Healthy,duplicate,,ethiopian cofee leaf dataset/test/Healthy/C11P24H1.jpg
ethiopian cofee leaf dataset/test/Leaf rust/20231123_101627.jpg,Leaf Rust,conflict,,
ethiopian cofee leaf dataset/test/Leaf rust/20231123_102545.jpg,Leaf Rust,conflict,,
ethiopian cofee leaf dataset/test/Leaf rust/20231123_104318.jpg,Leaf Rust,conflict,,
ethiopian cofee leaf dataset/test/Leaf rust/20231123_112237.jpg,Leaf Rust,conflict,,
ethiopian cofee leaf dataset/test/Leaf rust/20231123_120645.jpg,Leaf Rust,conflict,,
ethiopian cofee leaf dataset/test/Leaf rust/C11P26E2.jpg,Leaf Rust,duplicate,,ethiopian cofee leaf dataset/test/Leaf rust/C11P14E2.jpg
ethiopian cofee leaf dataset/test/Leaf rust/C12P18E2.jpg,Leaf Rust,duplicate,,ethiopian cofee leaf dataset/test/Leaf rust/C11P10E2.jpg
ethiopian cofee leaf dataset/test/Leaf rust/C12P18H2.jpg,Leaf Rust,duplicate,,ethiopian cofee leaf dataset/test/Leaf rust/C11P10H2.jpg
ethiopian cofee leaf dataset/test/Leaf rust/C12P25E2.jpg,Leaf Rust,duplicate,,ethiopian cofee leaf dataset/test/Leaf rust/C11P15E2.jpg
ethiopian cofee leaf dataset/test/Leaf rust/C12P34E2.jpg,Leaf Rust,duplicate,,ethiopian cofee leaf dataset/test/Leaf rust/C11P23E2.jpg
ethiopian cofee leaf dataset/test/Leaf rust/C12P34H2.jpg,Leaf Rust,duplicate,,ethiopian cofee leaf dataset/test/Leaf rust/C11P23H2.jpg
ethiopian cofee leaf dataset/train aug/Cerscospora/1550.jpg,Cercospora,conflict,,
ethiopian cofee leaf dataset/train aug/Cerscospora/20231122_135241 (2).jpg,Cercospora,conflict,,
ethiopian cofee leaf dataset/train aug/Cerscospora/20231122_135324 (2).jpg,Cercospora,conflict,,
ethiopian cofee leaf dataset/train aug/Cerscospora/20231122_135455.jpg,Cercospora,conflict,,
ethiopian cofee leaf dataset/train aug/Cerscospora/20231122_135521 (2).jpg,Cercospora,conflict,,
ethiopian cofee leaf dataset/train aug/Cerscospora/20231122_135529.jpg,Cercospora,conflict,,
ethiopian cofee leaf dataset/train aug/Cerscospora/20231122_135612 (2).jpg,Cercospora,conflict,,
ethiopian cofee leaf dataset/train aug/Cerscospora/20231122_140239.jpg,Cercospora,conflict,,
ethiopian cofee leaf dataset/train aug/Cerscospora/20231122_140441 (2).jpg,Cercospora,conflict,,
ethiopian cofee leaf dataset/train aug/Cerscospora/20231122_140550 (2).jpg,Cercospora,conflict,,
ethiopian cofee leaf dataset/train aug/Cerscospora/20231122_141201 (2).jpg,Cercospora,conflict,,
ethiopian cofee leaf dataset/train aug/Cerscospora/20231123_100531 (2).jpg,Cercospora,conflict,,
ethiopian cofee leaf dataset/train aug/Cerscospora/20231123_101429 (2).jpg,Cercospora,conflict,,
ethiopian cofee leaf dataset/train aug/Cerscospora/20231123_102459 (2).jpg,Cercospora,conflict,,
ethiopian cofee leaf dataset/train aug/Cerscospora/20231123_102636 (2).jpg,Cercospora,conflict,,
ethiopian cofee leaf dataset/train aug/Cerscospora/20231123_102720 (2).jpg,Cercospora,duplicate,,ethiopian cofee leaf dataset/test/Cerscospora/20231123_102720 (2).jpg
ethiopian cofee leaf dataset/train aug/Cerscospora/20231123_102724 (2).jpg,Cercospora,duplicate,,ethiopian cofee leaf dataset/test/Cerscospora/20231123_102724 (2).jpg
ethiopian cofee leaf dataset/train aug/Cerscospora/20231123_102808 (2).jpg,Cercospora,duplicate,,ethiopian cofee leaf dataset/test/Cerscospora/20231123_102808 (2).jpg
ethiopian cofee leaf dataset/train aug/Cerscospora/20231123_102811 (2).jpg,Cercospora,duplicate,,ethiopian cofee leaf dataset/test/Cerscospora/20231123_102811 (2).jpg
ethiopian cofee leaf dataset/train aug/Cerscospora/20231123_102814 (2).jpg,Cercospora,duplicate,,ethiopian cofee leaf dataset/test/Cerscospora/20231123_102814 (2).jpg
ethiopian cofee leaf dataset/train aug/Cerscospora/20231123_102817 (2).jpg,Cercospora,duplicate,,ethiopian cofee leaf dataset/test/Cerscospora/20231123_102817 (2).jpg
ethiopian cofee leaf dataset/train aug/Cerscospora/20231123_102822 (2).jpg,Cercospora,duplicate,,ethiopian cofee leaf dataset/test/Cerscospora/20231123_102822 (2).jpg
ethiopian cofee leaf dataset/train aug/Cerscospora/20231123_102826 (2).jpg,Cercospora,duplicate,,ethiopian cofee leaf dataset/test/Cerscospora/20231123_102826 (2).jpg
ethiopian cofee leaf dataset/train aug/Cerscospora/20231123_102829 (2).jpg,Cercospora,duplicate,,ethiopian cofee leaf dataset/test/Cerscospora/20231123_102829 (2).jpg
ethiopian cofee leaf dataset/train aug/Cerscospora/20231123_102832 (2).jpg,Cercospora,duplicate,,ethiopian cofee leaf dataset/test/Cerscospora/20231123_102832 (2).jpg
ethiopian cofee leaf dataset/train aug/Cerscospora/20231123_102837 (2).jpg,Cercospora,duplicate,,ethiopian cofee leaf dataset/test/Cerscospora/20231123_102837 (2).jpg
ethiopian cofee leaf dataset/train aug/Cerscospora/20231123_102843 (2).jpg,Cercospora,duplicate,,ethiopian cofee leaf dataset/test/Cerscospora/20231123_102843 (2).jpg
ethiopian cofee leaf dataset/train aug/Cerscospora/20231123_102846 (2).jpg,Cercospora,duplicate,,ethiopian cofee leaf dataset/test/Cerscospora/20231123_102846 (2).jpg
ethiopian cofee leaf dataset/train aug/Cerscospora/20231123_102849 (2).jpg,Cercospora,duplicate,,ethiopian cofee leaf dataset/test/Cerscospora/20231123_102849 (2).jpg
ethiopian cofee leaf dataset/train aug/Cerscospora/20231123_102852 (2).jpg,Cercospora,duplicate,,ethiopian cofee leaf dataset/test/Cerscospora/20231123_102852 (2).jpg
ethiopian cofee leaf dataset/train aug/Cerscospora/20231123_102859 (2).jpg,Cercospora,duplicate,,ethiopian cofee leaf dataset/test/Cerscospora/20231123_102859 (2).jpg
ethiopian cofee leaf dataset/train aug/Cerscospora/20231123_102905 (2).jpg,Cercospora,duplicate,,ethiopian cofee leaf dataset/test/Cerscospora/20231123_102905 (2).jpg
ethiopian cofee leaf dataset/train aug/Cerscospora/20231123_102929 (2).jpg,Cercospora,duplicate,,ethiopian cofee leaf dataset/test/Cerscospora/20231123_102929 (2).jpg
ethiopian cofee leaf dataset/train aug/Cerscospora/20231123_102937 (2).jpg,Cercospora,duplicate,,ethiopian cofee leaf dataset/test/Cerscospora/20231123_102937 (2).jpg
ethiopian cofee leaf dataset/train aug/Cerscospora/20231123_102942 (2).jpg,Cercospora,duplicate,,ethiopian cofee leaf dataset/test/Cerscospora/20231123_102942 (2).jpg
ethiopian cofee leaf dataset/train aug/Cerscospora/20231123_103137 (2).jpg,Cercospora,duplicate,,ethiopian cofee leaf dataset/test/Cerscospora/20231123_103137 (2).jpg
ethiopian cofee leaf dataset/train aug/Cerscospora/20231123_103144 (2).jpg,Cercospora,duplicate,,ethiopian cofee leaf dataset/test/Cerscospora/20231123_103144 (2).jpg
ethiopian cofee leaf dataset/train aug/Cerscospora/20231123_103220 (2).jpg,Cercospora,duplicate,,ethiopian cofee leaf dataset/test/Cerscospora/20231123_103220 (2).jpg
ethiopian cofee leaf dataset/train aug/Cerscospora/20231123_103222 (2).jpg,Cercospora,duplicate,,ethiopian cofee leaf dataset/test/Cerscospora/20231123_103222 (2).jpg
ethiopian cofee leaf dataset/train aug/Cerscospora/20231123_103227 (2).jpg,Cercospora,duplicate,,ethiopian cofee leaf dataset/test/Cerscospora/20231123_103227 (2).jpg
ethiopian cofee leaf dataset/train aug/Cerscospora/20231123_103230 (2).jpg,Cercospora,duplicate,,ethiopian cofee leaf dataset/test/Cerscospora/20231123_103230 (2).jpg
ethiopian cofee leaf dataset/train aug/Cerscospora/20231123_103236 (2).jpg,Cercospora,duplicate,,ethiopian cofee leaf dataset/test/Cerscospora/20231123_103236 (2).jpg
ethiopian cofee leaf dataset/train aug/Cerscospora/20231123_103413 (2).jpg,Cercospora,duplicate,,ethiopian cofee leaf dataset/test/Cerscospora/20231123_103413 (2).jpg
ethiopian cofee leaf dataset/train aug/Cerscospora/20231123_103421 (2).jpg,Cercospora,duplicate,,ethiopian cofee leaf dataset/test/Cerscospora/20231123_103421 (2).jpg
ethiopian cofee leaf dataset/train aug/Cerscospora/20231123_103427 (2).jpg,Cercospora,duplicate,,ethiopian cofee leaf dataset/test/Cerscospora/20231123_103427 (2).jpg
ethiopian cofee leaf dataset/train aug/Cerscospora/20231123_103459 (2).jpg,Cercospora,duplicate,,ethiopian cofee leaf dataset/test/Cerscospora/20231123_103459 (2).jpg
ethiopian cofee leaf dataset/train aug/Cerscospora/20231123_103509 (2).jpg,Cercospora,duplicate,,ethiopian cofee leaf dataset/test/Cerscospora/20231123_103509 (2).jpg
ethiopian cofee leaf dataset/train aug/Cerscospora/20231123_103551 (2).jpg,Cercospora,duplicate,,ethiopian cofee leaf dataset/test/Cerscospora/20231123_103551 (2).jpg
ethiopian cofee leaf dataset/train aug/Cerscospora/20231123_103605 (2).jpg,Cercospora,duplicate,,ethiopian cofee leaf dataset/test/Cerscospora/20231123_103605 (2).jpg
ethiopian cofee leaf dataset/train aug/Cerscospora/20231123_103611 (2).jpg,Cercospora,duplicate,,ethiopian cofee leaf dataset/test/Cerscospora/20231123_103611 (2).jpg
ethiopian cofee leaf dataset/train aug/Cerscospora/20231123_103618 (2).jpg,Cercospora,duplicate,,ethiopian cofee leaf dataset/test/Cerscospora/20231123_103618 (2).jpg
ethiopian cofee leaf dataset/train aug/Cerscospora/20231123_103644 (2).jpg,Cercospora,duplicate,,ethiopian cofee leaf dataset/test/Cerscospora/20231123_103644 (2).jpg
ethiopian cofee leaf dataset/train aug/Cerscospora/20231123_103653 (2).jpg,Cercospora,duplicate,,ethiopian cofee leaf dataset/test/Cerscospora/20231123_103653 (2).jpg
ethiopian cofee leaf dataset/train aug/Cerscospora/20231123_103703 (2).jpg,Cercospora,duplicate,,ethiopian cofee leaf dataset/test/Cerscospora/20231123_103703 (2).jpg
ethiopian cofee leaf dataset/train aug/Cerscospora/20231123_103733 (2).jpg,Cercospora,duplicate,,ethiopian cofee leaf dataset/test/Cerscospora/20231123_103733 (2).jpg
ethiopian cofee leaf dataset/train aug/Cerscospora/20231123_103739 (2).jpg,Cercospora,duplicate,,ethiopian cofee leaf dataset/test/Cerscospora/20231123_103739 (2).jpg
ethiopian cofee leaf dataset/train aug/Cerscospora/20231123_103821 (2).jpg,Cercospora,duplicate,,ethiopian cofee leaf dataset/test/Cerscospora/20231123_103821 (2).jpg
ethiopian cofee leaf dataset/train aug/Cerscospora/20231123_103826 (2).jpg,Cercospora,duplicate,,ethiopian cofee leaf dataset/test/Cerscospora/20231123_103826 (2).jpg
ethiopian cofee leaf dataset/train aug/Cerscospora/20231123_103847 (2).jpg,Cercospora,duplicate,,ethiopian cofee leaf dataset/test/Cerscospora/20231123_103847 (2).jpg
ethiopian cofee leaf dataset/train aug/Cerscospora/20231123_103852 (2).jpg,Cercospora,duplicate,,ethiopian cofee leaf dataset/test/Cerscospora/20231123_103852 (2).jpg
ethiopian cofee leaf dataset/train aug/Cerscospora/20231123_103904 (2).jpg,Cercospora,duplicate,,ethiopian cofee leaf dataset/test/Cerscospora/20231123_103904 (2).jpg
ethiopian cofee leaf dataset/train aug/Cerscospora/20231123_104037 (2).jpg,Cercospora,duplicate,,ethiopian cofee leaf dataset/test/Cerscospora/20231123_104037 (2).jpg
ethiopian cofee leaf dataset/train aug/Cerscospora/20231123_104045 (2).jpg,Cercospora,duplicate,,ethiopian cofee leaf dataset/test/Cerscospora/20231123_104045 (2).jpg
ethiopian cofee leaf dataset/train aug/Cerscospora/20231123_104049 (2).jpg,Cercospora,duplicate,,ethiopian cofee leaf dataset/test/Cerscospora/20231123_104049 (2).jpg
ethiopian cofee leaf dataset/train aug/Cerscospora/20231123_104058 (2).jpg,Cercospora,duplicate,,ethiopian cofee leaf dataset/test/Cerscospora/20231123_104058 (2).jpg
ethiopian cofee leaf dataset/train aug/Cerscospora/20231123_104104 (2).jpg,Cercospora,duplicate,,ethiopian cofee leaf dataset/test/Cerscospora/20231123_104104 (2).jpg
ethiopian cofee leaf dataset/train aug/Cerscospora/20231123_104136 (2).jpg,Cercospora,duplicate,,ethiopian cofee leaf dataset/test/Cerscospora/20231123_104136 (2).jpg
ethiopian cofee leaf dataset/train aug/Cerscospora/20231123_104208 (2).jpg,Cercospora,duplicate,,ethiopian cofee leaf dataset/test/Cerscospora/20231123_104208 (2).jpg
ethiopian cofee leaf dataset/train aug/Cerscospora/20231123_104227 (2).jpg,Cercospora,duplicate,,ethiopian cofee leaf dataset/test/Cerscospora/20231123_104227 (2).jpg
ethiopian cofee leaf dataset/train aug/Cerscospora/20231123_104231 (2).jpg,Cercospora,duplicate,,ethiopian cofee leaf dataset/test/Cerscospora/20231123_104231 (2).jpg
ethiopian cofee leaf dataset/train aug/Cerscospora/20231123_104243 (2).jpg,Cercospora,duplicate,,ethiopian cofee leaf dataset/test/Cerscospora/20231123_104243 (2).jpg
ethiopian cofee leaf dataset/train aug/Cerscospora/20231123_104248 (2).jpg,Cercospora,duplicate,,ethiopian cofee leaf dataset/test/Cerscospora/20231123_104248 (2).jpg
ethiopian cofee leaf dataset/train aug/Cerscospora/20231123_104254 (2).jpg,Cercospora,duplicate,,ethiopian cofee leaf dataset/test/Cerscospora/20231123_104254 (2).jpg
ethiopian cofee leaf dataset/train aug/Cerscospora/20231123_104334 (2).jpg,Cercospora,duplicate,,ethiopian cofee leaf dataset/test/Cerscospora/20231123_104334 (2).jpg
ethiopian cofee leaf dataset/train aug/Cerscospora/20231123_104337 (2).jpg,Cercospora,duplicate,,ethiopian cofee leaf dataset/test/Cerscospora/20231123_104337 (2).jpg
ethiopian cofee leaf dataset/train aug/Cerscospora/20231123_104342 (2).jpg,Cercospora,duplicate,,ethiopian cofee leaf dataset/test/Cerscospora/20231123_104342 (2).jpg
ethiopian cofee leaf dataset/train aug/Cerscospora/20231123_104349 (2).jpg,Cercospora,duplicate,,ethiopian cofee leaf dataset/test/Cerscospora/20231123_104349 (2).jpg
ethiopian cofee leaf dataset/train aug/Cerscospora/20231123_104354 (2).jpg,Cercospora,duplicate,,ethiopian cofee leaf dataset/test/Cerscospora/20231123_104354 (2).jpg
ethiopian cofee leaf dataset/train aug/Cerscospora/20231123_104418 (2).jpg,Cercospora,duplicate,,ethiopian cofee leaf dataset/test/Cerscospora/20231123_104418 (2).jpg
ethiopian cofee leaf dataset/train aug/Cerscospora/20231123_104605 (2).jpg,Cercospora,duplicate,,ethiopian cofee leaf dataset/test/Cerscospora/20231123_104605 (2).jpg
ethiopian cofee leaf dataset/train aug/Cerscospora/20231123_104609 (2).jpg,Cercospora,duplicate,,ethiopian cofee leaf dataset/test/Cerscospora/20231123_104609 (2).jpg
ethiopian cofee leaf dataset/train aug/Cerscospora/20231123_104613 (2).jpg,Cercospora,duplicate,,ethiopian cofee leaf dataset/test/Cerscospora/20231123_104613 (2).jpg
ethiopian cofee leaf dataset/train aug/Cerscospora/20231123_104626 (2).jpg,Cercospora,duplicate,,ethiopian cofee leaf dataset/test/Cerscospora/20231123_104626 (2).jpg
ethiopian cofee leaf dataset/train aug/Cerscospora/20231123_104630 (2).jpg,Cercospora,duplicate,,ethiopian cofee leaf dataset/test/Cerscospora/20231123_104630 (2).jpg
ethiopian cofee leaf dataset/train aug/Cerscospora/20231123_104633 (2).jpg,Cercospora,duplicate,,ethiopian cofee leaf dataset/test/Cerscospora/20231123_104633 (2).jpg
ethiopian cofee leaf dataset/train aug/Cerscospora/20231123_104639 (2).jpg,Cercospora,duplicate,,ethiopian cofee leaf dataset/test/Cerscospora/20231123_104639 (2).jpg
ethiopian cofee leaf dataset/train aug/Cerscospora/20231123_104646 (2).jpg,Cercospora,duplicate,,ethiopian cofee leaf dataset/test/Cerscospora/20231123_104646 (2).jpg
ethiopian cofee leaf dataset/train aug/Cerscospora/20231123_104649 (2).jpg,Cercospora,duplicate,,ethiopian cofee leaf dataset/test/Cerscospora/20231123_104649 (2).jpg
ethiopian cofee leaf dataset/train aug/Cerscospora/20231123_104657 (2).jpg,Cercospora,duplicate,,ethiopian cofee leaf dataset/test/Cerscospora/20231123_104657 (2).jpg
ethiopian cofee leaf dataset/train aug/Cerscospora/20231123_104700 (2).jpg,Cercospora,duplicate,,ethiopian cofee leaf dataset/test/Cerscospora/20231123_104700 (2).jpg
ethiopian cofee leaf dataset/train aug/Cerscospora/20231123_104703 (2).jpg,Cercospora,duplicate,,ethiopian cofee leaf dataset/test/Cerscospora/20231123_104703 (2).jpg
ethiopian cofee leaf dataset/train aug/Cerscospora/20231123_104706 (2).jpg,Cercospora,duplicate,,ethiopian cofee leaf dataset/test/Cerscospora/20231123_104706 (2).jpg
ethiopian cofee leaf dataset/train aug/Cerscospora/20231123_104710 (2).jpg,Cercospora,duplicate,,ethiopian cofee leaf dataset/test/Cerscospora/20231123_104710 (2).jpg
ethiopian cofee leaf dataset/train aug/Cerscospora/20231123_104715 (2).jpg,Cercospora,duplicate,,ethiopian cofee leaf dataset/test/Cerscospora/20231123_104715 (2).jpg
ethiopian cofee leaf dataset/train aug/Cerscospora/20231123_104718 (2).jpg,Cercospora,duplicate,,ethiopian cofee leaf dataset/test/Cerscospora/20231123_104718 (2).jpg
ethiopian cofee leaf dataset/train aug/Cerscospora/20231123_104727 (2).jpg,Cercospora,duplicate,,ethiopian cofee leaf dataset/test/Cerscospora/20231123_104727 (2).jpg
ethiopian cofee leaf dataset/train aug/Cerscospora/20231123_104732 (2).jpg,Cercospora,duplicate,,ethiopian cofee leaf dataset/test/Cerscospora/20231123_104732 (2).jpg
ethiopian cofee leaf dataset/train aug/Cerscospora/20231123_104736 (2).jpg,Cercospora,duplicate,,ethiopian cofee leaf dataset/test/Cerscospora/20231123_104736 (2).jpg
ethiopian cofee leaf dataset/train aug/Cerscospora/20231123_104740 (2).jpg,Cercospora,duplicate,,ethiopian cofee leaf dataset/test/Cerscospora/20231123_104740 (2).jpg
ethiopian cofee leaf dataset/train aug/Cerscospora/20231123_104748 (2).jpg,Cercospora,duplicate,,ethiopian cofee leaf dataset/test/Cerscospora/20231123_104748 (2).jpg
ethiopian cofee leaf dataset/train aug/Cerscospora/20231123_104752 (2).jpg,Cercospora,duplicate,,ethiopian cofee leaf dataset/test/Cerscospora/20231123_104752 (2).jpg
ethiopian cofee leaf dataset/train aug/Cerscospora/20231123_104803 (2).jpg,Cercospora,duplicate,,ethiopian cofee leaf dataset/test/Cerscospora/20231123_104803 (2).jpg
ethiopian cofee leaf dataset/train aug/Cerscospora/20231123_104805 (2).jpg,Cercospora,duplicate,,ethiopian cofee leaf dataset/test/Cerscospora/20231123_104805 (2).jpg
ethiopian cofee leaf dataset/train aug/Cerscospora/20231123_104813 (2).jpg,Cercospora,duplicate,,ethiopian cofee leaf dataset/test/Cerscospora/20231123_104813 (2).jpg
ethiopian cofee leaf dataset/train aug/Cerscospora/20231123_104818 (2).jpg,Cercospora,duplicate,,ethiopian cofee leaf dataset/test/Cerscospora/20231123_104818 (2).jpg
ethiopian cofee leaf dataset/train aug/Cerscospora/20231123_105001 (2).jpg,Cercospora,duplicate,,ethiopian cofee leaf dataset/test/Cerscospora/20231123_105001 (2).jpg
ethiopian cofee leaf dataset/train aug/Cerscospora/20231123_105043 (2).jpg,Cercospora,duplicate,,ethiopian cofee leaf dataset/test/Cerscospora/20231123_105043 (2).jpg
ethiopian cofee leaf dataset/train aug/Cerscospora/20231123_105047 (2).jpg,Cercospora,duplicate,,ethiopian cofee leaf dataset/test/Cerscospora/20231123_105047 (2).jpg
ethiopian cofee leaf dataset/train aug/Cerscospora/20231123_105127 (2).jpg,Cercospora,duplicate,,ethiopian cofee leaf dataset/test/Cerscospora/20231123_105127 (2).jpg
ethiopian cofee leaf dataset/train aug/Cerscospora/20231123_105135 (2).jpg,Cercospora,duplicate,,ethiopian cofee leaf dataset/test/Cerscospora/20231123_105135 (2).jpg
ethiopian cofee leaf dataset/train aug/Cerscospora/20231123_105146 (2).jpg,Cercospora,duplicate,,ethiopian cofee leaf dataset/test/Cerscospora/20231123_105146 (2).jpg
ethiopian cofee leaf dataset/train aug/Cerscospora/20231123_105151 (2).jpg,Cercospora,duplicate,,ethiopian cofee leaf dataset/test/Cerscospora/20231123_105151 (2).jpg
ethiopian cofee leaf dataset/train aug/Cerscospora/20231123_105154 (2).jpg,Cercospora,duplicate,,ethiopian cofee leaf dataset/test/Cerscospora/20231123_105154 (2).jpg
ethiopian cofee leaf dataset/train aug/Cerscospora/20231123_105158 (2).jpg,Cercospora,duplicate,,ethiopian cofee leaf dataset/test/Cerscospora/20231123_105158 (2).jpg
ethiopian cofee leaf dataset/train aug/Cerscospora/20231123_105215 (2).jpg,Cercospora,duplicate,,ethiopian cofee leaf dataset/test/Cerscospora/20231123_105215 (2).jpg
ethiopian cofee leaf dataset/train aug/Cerscospora/20231123_105222 (2).jpg,Cercospora,duplicate,,ethiopian cofee leaf dataset/test/Cerscospora/20231123_105222 (2).jpg
ethiopian cofee leaf dataset/train aug/Cerscospora/20231123_105229 (2).jpg,Cercospora,duplicate,,ethiopian cofee leaf dataset/test/Cerscospora/20231123_105229 (2).jpg
ethiopian cofee leaf dataset/train aug/Cerscospora/20231123_105247 (2).jpg,Cercospora,duplicate,,ethiopian cofee leaf dataset/test/Cerscospora/20231123_105247 (2).jpg
ethiopian cofee leaf dataset/train aug/Cerscospora/20231123_105330 (2).jpg,Cercospora,duplicate,,ethiopian cofee leaf dataset/test/Cerscospora/20231123_105330 (2).jpg
ethiopian cofee leaf dataset/train aug/Cerscospora/20231123_105335 (2).jpg,Cercospora,duplicate,,ethiopian cofee leaf dataset/test/Cerscospora/20231123_105335 (2).jpg
ethiopian cofee leaf dataset/train aug/Cerscospora/20231123_105451 (2).jpg,Cercospora,duplicate,,ethiopian cofee leaf dataset/test/Cerscospora/20231123_105451 (2).jpg
ethiopian cofee leaf dataset/train aug/Cerscospora/20231123_105702 (2).jpg,Cercospora,duplicate,,ethiopian cofee leaf dataset/test/Cerscospora/20231123_105702 (2).jpg
ethiopian cofee leaf dataset/train aug/Cerscospora/20231123_105706 (2).jpg,Cercospora,duplicate,,ethiopian cofee leaf dataset/test/Cerscospora/20231123_105706 (2).jpg
ethiopian cofee leaf dataset/train aug/Cerscospora/20231123_105708 (2).jpg,Cercospora,duplicate,,ethiopian cofee leaf dataset/test/Cerscospora/20231123_105708 (2).jpg
ethiopian cofee leaf dataset/train aug/Cerscospora/20231123_105712 (2).jpg,Cercospora,duplicate,,ethiopian cofee leaf dataset/test/Cerscospora/20231123_105712 (2).jpg
ethiopian cofee leaf dataset/train aug/Cerscospora/20231123_105735 (2).jpg,Cercospora,duplicate,,ethiopian cofee leaf dataset/test/Cerscospora/20231123_105735 (2).jpg
ethiopian cofee leaf dataset/train aug/Cerscospora/20231123_105738 (2).jpg,Cercospora,duplicate,,ethiopian cofee leaf dataset/test/Cerscospora/20231123_105738 (2).jpg
ethiopian cofee leaf dataset/train aug/Cerscospora/20231123_105749 (2).jpg,Cercospora,duplicate,,ethiopian cofee leaf dataset/test/Cerscospora/20231123_105749 (2).jpg
ethiopian cofee leaf dataset/train aug/Cerscospora/20231123_105806 (2).jpg,Cercospora,duplicate,,ethiopian cofee leaf dataset/test/Cerscospora/20231123_105806 (2).jpg
ethiopian cofee leaf dataset/train aug/Cerscospora/20231123_105810 (2).jpg,Cercospora,duplicate,,ethiopian cofee leaf dataset/test/Cerscospora/20231123_105810 (2).jpg
ethiopian cofee leaf dataset/train aug/Cerscospora/20231123_105823 (2).jpg,Cercospora,duplicate,,ethiopian cofee leaf dataset/test/Cerscospora/20231123_105823 (2).jpg
ethiopian cofee leaf dataset/train aug/Cerscospora/20231123_105827 (2).jpg,Cercospora,duplicate,,ethiopian cofee leaf dataset/test/Cerscospora/20231123_105827 (2).jpg
ethiopian cofee leaf dataset/train aug/Cerscospora/20231123_105834 (2).jpg,Cercospora,duplicate,,ethiopian cofee leaf dataset/test/Cerscospora/20231123_105834 (2).jpg
ethiopian cofee leaf dataset/train aug/Cerscospora/20231123_105838 (2).jpg,Cercospora,duplicate,,ethiopian cofee leaf dataset/test/Cerscospora/20231123_105838 (2).jpg
ethiopian cofee leaf dataset/train aug/Cerscospora/20231123_105851 (2).jpg,Cercospora,duplicate,,ethiopian cofee leaf dataset/test/Cerscospora/20231123_105851 (2).jpg
ethiopian cofee leaf dataset/train aug/Cerscospora/20231123_110039 (2).jpg,Cercospora,duplicate,,ethiopian cofee leaf dataset/test/Cerscospora/20231123_110039 (2).jpg
ethiopian cofee leaf dataset/train aug/Cerscospora/20231123_110055 (2).jpg,Cercospora,duplicate,,ethiopian cofee leaf dataset/test/Cerscospora/20231123_110055 (2).jpg
ethiopian cofee leaf dataset/train aug/Cerscospora/20231123_110130 (2).jpg,Cercospora,duplicate,,ethiopian cofee leaf dataset/test/Cerscospora/20231123_110130 (2).jpg
ethiopian cofee leaf dataset/train aug/Cerscospora/20231123_110137 (2).jpg,Cercospora,duplicate,,ethiopian cofee leaf dataset/test/Cerscospora/20231123_110137 (2).jpg
ethiopian cofee leaf dataset/train aug/Cerscospora/20231123_110215 (2).jpg,Cercospora,duplicate,,ethiopian cofee leaf dataset/test/Cerscospora/20231123_110215 (2).jpg
ethiopian cofee leaf dataset/train aug/Cerscospora/20231123_110227 (2).jpg,Cercospora,duplicate,,ethiopian cofee leaf dataset/test/Cerscospora/20231123_110227 (2).jpg
ethiopian cofee leaf dataset/train aug/Cerscospora/20231123_110236 (2).jpg,Cercospora,duplicate,,ethiopian cofee leaf dataset/test/Cerscospora/20231123_110236 (2).jpg
ethiopian cofee leaf dataset/train aug/Cerscospora/20231123_110328 (2).jpg,Cercospora,duplicate,,ethiopian cofee leaf dataset/test/Cerscospora/20231123_110328 (2).jpg
ethiopian cofee leaf dataset/train aug/Cerscospora/20231123_110331 (2).jpg,Cercospora,duplicate,,ethiopian cofee leaf dataset/test/Cerscospora/20231123_110331 (2).jpg
ethiopian cofee leaf dataset/train aug/Cerscospora/20231123_110411 (2).jpg,Cercospora,duplicate,,ethiopian cofee leaf dataset/test/Cerscospora/20231123_110411 (2).jpg
ethiopian cofee leaf dataset/train aug/Cerscospora/20231123_110414 (2).jpg,Cercospora,duplicate,,ethiopian cofee leaf dataset/test/Cerscospora/20231123_110414 (2).jpg
ethiopian cofee leaf dataset/train aug/Cerscospora/20231123_110417 (2).jpg,Cercospora,duplicate,,ethiopian cofee leaf dataset/test/Cerscospora/20231123_110417 (2).jpg
ethiopian cofee leaf dataset/train aug/Cerscospora/20231123_110422 (2).jpg,Cercospora,duplicate,,ethiopian cofee leaf dataset/test/Cerscospora/20231123_110422 (2).jpg
ethiopian cofee leaf dataset/train aug/Cerscospora/20231123_110427 (2).jpg,Cercospora,duplicate,,ethiopian cofee leaf dataset/test/Cerscospora/20231123_110427 (2).jpg
ethiopian cofee leaf dataset/train aug/Cerscospora/20231123_110501 (2).jpg,Cercospora,duplicate,,ethiopian cofee leaf dataset/test/Cerscospora/20231123_110501 (2).jpg
ethiopian cofee leaf dataset/train aug/Cerscospora/20231123_110505 (2).jpg,Cercospora,duplicate,,ethiopian cofee leaf dataset/test/Cerscospora/20231123_110505 (2).jpg
ethiopian cofee leaf dataset/train aug/Cerscospora/20231123_110539 (2).jpg,Cercospora,duplicate,,ethiopian cofee leaf dataset/test/Cerscospora/20231123_110539 (2).jpg
ethiopian cofee leaf dataset/train aug/Cerscospora/20231123_110604 (2).jpg,Cercospora,duplicate,,ethiopian cofee leaf dataset/test/Cerscospora/20231123_110604 (2).jpg
ethiopian cofee leaf dataset/train aug/Cerscospora/20231123_110650 (2).jpg,Cercospora,duplicate,,ethiopian cofee leaf dataset/test/Cerscospora/20231123_110650 (2).jpg
ethiopian cofee leaf dataset/train aug/Cerscospora/20231123_110655 (2).jpg,Cercospora,duplicate,,ethiopian cofee leaf dataset/test/Cerscospora/20231123_110655 (2).jpg
ethiopian cofee leaf dataset/train aug/Cerscospora/20231123_110717 (2).jpg,Cercospora,duplicate,,ethiopian cofee leaf dataset/test/Cerscospora/20231123_110717 (2).jpg
ethiopian cofee leaf dataset/train aug/Cerscospora/20231123_110728 (2).jpg,Cercospora,duplicate,,ethiopian cofee leaf dataset/test/Cerscospora/20231123_110728 (2).jpg
ethiopian cofee leaf dataset/train aug/Cerscospora/20231123_110820 (2).jpg,Cercospora,duplicate,,ethiopian cofee leaf dataset/test/Cerscospora/20231123_110820 (2).jpg
ethiopian cofee leaf dataset/train aug/Cerscospora/20231123_110824 (2).jpg,Cercospora,duplicate,,ethiopian cofee leaf dataset/test/Cerscospora/20231123_110824 (2).jpg
ethiopian cofee leaf dataset/train aug/Cerscospora/20231123_110828 (2).jpg,Cercospora,duplicate,,ethiopian cofee leaf dataset/test/Cerscospora/20231123_110828 (2).jpg
ethiopian cofee leaf dataset/train aug/Cerscospora/20231123_110833 (2).jpg,Cercospora,duplicate,,ethiopian cofee leaf dataset/test/Cerscospora/20231123_110833 (2).jpg
ethiopian cofee leaf dataset/train aug/Cerscospora/20231123_110932 (2).jpg,Cercospora,duplicate,,ethiopian cofee leaf dataset/test/Cerscospora/20231123_110932 (2).jpg
ethiopian cofee leaf dataset/train aug/Cerscospora/20231123_110936 (2).jpg,Cercospora,duplicate,,ethiopian cofee leaf dataset/test/Cerscospora/20231123_110936 (2).jpg
ethiopian cofee leaf dataset/train aug/Cerscospora/20231123_110946 (2).jpg,Cercospora,duplicate,,ethiopian cofee leaf dataset/test/Cerscospora/20231123_110946 (2).jpg
ethiopian cofee leaf dataset/train aug/Cerscospora/20231123_111005 (2).jpg,Cercospora,duplicate,,ethiopian cofee leaf dataset/test/Cerscospora/20231123_111005 (2).jpg
ethiopian cofee leaf dataset/train aug/Cerscospora/20231123_111009 (2).jpg,Cercospora,duplicate,,ethiopian cofee leaf dataset/test/Cerscospora/20231123_111009 (2).jpg
ethiopian cofee leaf dataset/train aug/Cerscospora/20231123_111013 (2).jpg,Cercospora,duplicate,,ethiopian cofee leaf dataset/test/Cerscospora/20231123_111013 (2).jpg
ethiopian cofee leaf dataset/train aug/Cerscospora/20231123_111016 (2).jpg,Cercospora,duplicate,,ethiopian cofee leaf dataset/test/Cerscospora/20231123_111016 (2).jpg
ethiopian cofee leaf dataset/train aug/Cerscospora/20231123_111143 (2).jpg,Cercospora,duplicate,,ethiopian cofee leaf dataset/test/Cerscospora/20231123_111143 (2).jpg
ethiopian cofee leaf dataset/train aug/Cerscospora/20231123_111222 (2).jpg,Cercospora,duplicate,,ethiopian cofee leaf dataset/test/Cerscospora/20231123_111222 (2).jpg
ethiopian cofee leaf dataset/train aug/Cerscospora/20231123_111251 (2).jpg,Cercospora,duplicate,,ethiopian cofee leaf dataset/test/Cerscospora/20231123_111251 (2).jpg
ethiopian cofee leaf dataset/train aug/Cerscospora/20231123_111255 (2).jpg,Cercospora,duplicate,,ethiopian cofee leaf dataset/test/Cerscospora/20231123_111255 (2).jpg
ethiopian cofee leaf dataset/train aug/Cerscospora/20231123_111331 (2).jpg,Cercospora,duplicate,,ethiopian cofee leaf dataset/test/Cerscospora/20231123_111331 (2).jpg
ethiopian cofee leaf dataset/train aug/Cerscospora/20231123_111350 (2).jpg,Cercospora,duplicate,,ethiopian cofee leaf dataset/test/Cerscospora/20231123_111350 (2).jpg
ethiopian cofee leaf dataset/train aug/Cerscospora/20231123_111400 (2).jpg,Cercospora,duplicate,,ethiopian cofee leaf dataset/test/Cerscospora/20231123_111400 (2).jpg
ethiopian cofee leaf dataset/train aug/Cerscospora/20231123_111404 (2).jpg,Cercospora,duplicate,,ethiopian cofee leaf dataset/test/Cerscospora/20231123_111404 (2).jpg
ethiopian cofee leaf dataset/train aug/Cerscospora/20231123_111412 (2).jpg,Cercospora,duplicate,,ethiopian cofee leaf dataset/test/Cerscospora/20231123_111412 (2).jpg
ethiopian cofee leaf dataset/train aug/Cerscospora/20231123_111416 (2).jpg,Cercospora,duplicate,,ethiopian cofee leaf dataset/test/Cerscospora/20231123_111416 (2).jpg
ethiopian cofee leaf dataset/train aug/Cerscospora/20231123_111432 (2).jpg,Cercospora,duplicate,,ethiopian cofee leaf dataset/test/Cerscospora/20231123_111432 (2).jpg
ethiopian cofee leaf dataset/train aug/Cerscospora/20231123_111441 (2).jpg,Cercospora,duplicate,,ethiopian cofee leaf dataset/test/Cerscospora/20231123_111441 (2).jpg
ethiopian cofee leaf dataset/train aug/Cerscospora/20231123_111443 (2).jpg,Cercospora,duplicate,,ethiopian cofee leaf dataset/test/Cerscospora/20231123_111443 (2).jpg
ethiopian cofee leaf dataset/train aug/Cerscospora/20231123_111447 (2).jpg,Cercospora,duplicate,,ethiopian cofee leaf dataset/test/Cerscospora/20231123_111447 (2).jpg
ethiopian cofee leaf dataset/train aug/Cerscospora/20231123_111500 (2).jpg,Cercospora,duplicate,,ethiopian cofee leaf dataset/test/Cerscospora/20231123_111500 (2).jpg
ethiopian cofee leaf dataset/train aug/Cerscospora/20231123_111505 (2).jpg,Cercospora,duplicate,,ethiopian cofee leaf dataset/test/Cerscospora/20231123_111505 (2).jpg
ethiopian cofee leaf dataset/train aug/Cerscospora/20231123_111713 (2).jpg,Cercospora,duplicate,,ethiopian cofee leaf dataset/test/Cerscospora/20231123_111713 (2).jpg
ethiopian cofee leaf dataset/train aug/Cerscospora/20231123_111755 (2).jpg,Cercospora,duplicate,,ethiopian cofee leaf dataset/test/Cerscospora/20231123_111755 (2).jpg
ethiopian cofee leaf dataset/train aug/Cerscospora/20231123_111759 (2).jpg,Cercospora,duplicate,,ethiopian cofee leaf dataset/test/Cerscospora/20231123_111759 (2).jpg
ethiopian cofee leaf dataset/train aug/Cerscospora/20231123_111819 (2).jpg,Cercospora,duplicate,,ethiopian cofee leaf dataset/test/Cerscospora/20231123_111819 (2).jpg
ethiopian cofee leaf dataset/train aug/Cerscospora/20231123_111821 (2).jpg,Cercospora,duplicate,,ethiopian cofee leaf dataset/test/Cerscospora/20231123_111821 (2).jpg
ethiopian cofee leaf dataset/train aug/Cerscospora/20231123_111825 (2).jpg,Cercospora,duplicate,,ethiopian cofee leaf dataset/test/Cerscospora/20231123_111825 (2).jpg
ethiopian cofee leaf dataset/train aug/Cerscospora/20231123_111834 (2).jpg,Cercospora,duplicate,,ethiopian cofee leaf dataset/test/Cerscospora/20231123_111834 (2).jpg
ethiopian cofee leaf dataset/train aug/Cerscospora/20231123_111841 (2).jpg,Cercospora,duplicate,,ethiopian cofee leaf dataset/test/Cerscospora/20231123_111841 (2).jpg
ethiopian cofee leaf dataset/train aug/Cerscospora/20231123_111844 (2).jpg,Cercospora,duplicate,,ethiopian cofee leaf dataset/test/Cerscospora/20231123_111844 (2).jpg
ethiopian cofee leaf dataset/train aug/Cerscospora/20231123_111902 (2).jpg,Cercospora,duplicate,,ethiopian cofee leaf dataset/test/Cerscospora/20231123_111902 (2).jpg
ethiopian cofee leaf dataset/train aug/Cerscospora/20231123_111918 (2).jpg,Cercospora,duplicate,,ethiopian cofee leaf dataset/test/Cerscospora/20231123_111918 (2).jpg
ethiopian cofee leaf dataset/train aug/Cerscospora/20231123_111952 (2).jpg,Cercospora,duplicate,,ethiopian cofee leaf dataset/test/Cerscospora/20231123_111952 (2).jpg
ethiopian cofee leaf dataset/train aug/Cerscospora/20231123_112043 (2).jpg,Cercospora,duplicate,,ethiopian cofee leaf dataset/test/Cerscospora/20231123_112043 (2).jpg
ethiopian cofee leaf dataset/train aug/Cerscospora/20231123_112048 (2).jpg,Cercospora,duplicate,,ethiopian cofee leaf dataset/test/Cerscospora/20231123_112048 (2).jpg
ethiopian cofee leaf dataset/train aug/Cerscospora/20231123_112122 (2).jpg,Cercospora,duplicate,,ethiopian cofee leaf dataset/test/Cerscospora/20231123_112122 (2).jpg
ethiopian cofee leaf dataset/train aug/Cerscospora/20231123_112154 (2).jpg,Cercospora,duplicate,,ethiopian cofee leaf dataset/test/Cerscospora/20231123_112154 (2).jpg
ethiopian cofee leaf dataset/train aug/Cerscospora/20231123_112203 (2).jpg,Cercospora,duplicate,,ethiopian cofee leaf dataset/test/Cerscospora/20231123_112203 (2).jpg
ethiopian cofee leaf dataset/train aug/Cerscospora/20231123_112208 (2).jpg,Cercospora,duplicate,,ethiopian cofee leaf dataset/test/Cerscospora/20231123_112208 (2).jpg
ethiopian cofee leaf dataset/train aug/Cerscospora/20231123_112233 (2).jpg,Cercospora,duplicate,,ethiopian cofee leaf dataset/test/Cerscospora/20231123_112233 (2).jpg
ethiopian cofee leaf dataset/train aug/Cerscospora/20231123_112305 (2).jpg,Cercospora,duplicate,,ethiopian cofee leaf dataset/test/Cerscospora/20231123_112305 (2).jpg
ethiopian cofee leaf dataset/train aug/Cerscospora/20231123_112327 (2).jpg,Cercospora,duplicate,,ethiopian cofee leaf dataset/test/Cerscospora/20231123_112327 (2).jpg
ethiopian cofee leaf dataset/train aug/Cerscospora/20231123_112335 (2).jpg,Cercospora,duplicate,,ethiopian cofee leaf dataset/test/Cerscospora/20231123_112335 (2).jpg
ethiopian cofee leaf dataset/train aug/Cerscospora/20231123_112341 (2).jpg,Cercospora,duplicate,,ethiopian cofee leaf dataset/test/Cerscospora/20231123_112341 (2).jpg
ethiopian cofee leaf dataset/train aug/Cerscospora/20231123_115830 (2).jpg,Cercospora,duplicate,,ethiopian cofee leaf dataset/test/Cerscospora/20231123_115830 (2).jpg
ethiopian cofee leaf dataset/train aug/Cerscospora/20231123_115837 (2).jpg,Cercospora,duplicate,,ethiopian cofee leaf dataset/test/Cerscospora/20231123_115837 (2).jpg
ethiopian cofee leaf dataset/train aug/Cerscospora/20231123_115925 (2).jpg,Cercospora,duplicate,,ethiopian cofee leaf dataset/test/Cerscospora/20231123_115925 (2).jpg
ethiopian cofee leaf dataset/train aug/Cerscospora/20231123_115930 (2).jpg,Cercospora,duplicate,,ethiopian cofee leaf dataset/test/Cerscospora/20231123_115930 (2).jpg
ethiopian cofee leaf dataset/train aug/Cerscospora/20231123_120035 (2).jpg,Cercospora,duplicate,,ethiopian cofee leaf dataset/test/Cerscospora/20231123_120035 (2).jpg
ethiopian cofee leaf dataset/train aug/Cerscospora/20231123_120042 (2).jpg,Cercospora,duplicate,,ethiopian cofee leaf dataset/test/Cerscospora/20231123_120042 (2).jpg
ethiopian cofee leaf dataset/train aug/Cerscospora/20231123_120055 (2).jpg,Cercospora,duplicate,,ethiopian cofee leaf dataset/test/Cerscospora/20231123_120055 (2).jpg
ethiopian cofee leaf dataset/train aug/Cerscospora/20231123_120100 (2).jpg,Cercospora,duplicate,,ethiopian cofee leaf dataset/test/Cerscospora/20231123_120100 (2).jpg
ethiopian cofee leaf dataset/train aug/Cerscospora/20231123_120103 (2).jpg,Cercospora,duplicate,,ethiopian cofee leaf dataset/test/Cerscospora/20231123_120103 (2).jpg
ethiopian cofee leaf dataset/train aug/Cerscospora/20231123_120133 (2).jpg,Cercospora,duplicate,,ethiopian cofee leaf dataset/test/Cerscospora/20231123_120133 (2).jpg
ethiopian cofee leaf dataset/train aug/Cerscospora/20231123_120145 (2).jpg,Cercospora,duplicate,,ethiopian cofee leaf dataset/test/Cerscospora/20231123_120145 (2).jpg
ethiopian cofee leaf dataset/train aug/Cerscospora/20231123_120240 (2).jpg,Cercospora,duplicate,,ethiopian cofee leaf dataset/test/Cerscospora/20231123_120240 (2).jpg
ethiopian cofee leaf dataset/train aug/Cerscospora/20231123_120246 (2).jpg,Cercospora,duplicate,,ethiopian cofee leaf dataset/test/Cerscospora/20231123_120246 (2).jpg
ethiopian cofee leaf dataset/train aug/Cerscospora/20231123_120251 (2).jpg,Cercospora,duplicate,,ethiopian cofee leaf dataset/test/Cerscospora/20231123_120251 (2).jpg
ethiopian cofee leaf dataset/train aug/Cerscospora/20231123_120303 (2).jpg,Cercospora,duplicate,,ethiopian cofee leaf dataset/test/Cerscospora/20231123_120303 (2).jpg
ethiopian cofee leaf dataset/train aug/Cerscospora/20231123_120315 (2).jpg,Cercospora,duplicate,,ethiopian cofee leaf dataset/test/Cerscospora/20231123_120315 (2).jpg
ethiopian cofee leaf dataset/train aug/Cerscospora/20231123_120320 (2).jpg,Cercospora,duplicate,,ethiopian cofee leaf dataset/test/Cerscospora/20231123_120320 (2).jpg
ethiopian cofee leaf dataset/train aug/Cerscospora/20231123_120324 (2).jpg,Cercospora,duplicate,,ethiopian cofee leaf dataset/test/Cerscospora/20231123_120324 (2).jpg
ethiopian cofee leaf dataset/train aug/Cerscospora/20231123_120344 (2).jpg,Cercospora,duplicate,,ethiopian cofee leaf dataset/test/Cerscospora/20231123_120344 (2).jpg
ethiopian cofee leaf dataset/train aug/Cerscospora/20231123_120408 (2).jpg,Cercospora,duplicate,,ethiopian cofee leaf dataset/test/Cerscospora/20231123_120408 (2).jpg
ethiopian cofee leaf dataset/train aug/Cerscospora/20231123_120412 (2).jpg,Cercospora,duplicate,,ethiopian cofee leaf dataset/test/Cerscospora/20231123_120412 (2).jpg
ethiopian cofee leaf dataset/train aug/Cerscospora/20231123_120429 (2).jpg,Cercospora,duplicate,,ethiopian cofee leaf dataset/test/Cerscospora/20231123_120429 (2).jpg
ethiopian cofee leaf dataset/train aug/Cerscospora/20231123_120431 (2).jpg,Cercospora,duplicate,,ethiopian cofee leaf dataset/test/Cerscospora/20231123_120431 (2).jpg
ethiopian cofee leaf dataset/train aug/Cerscospora/20231123_120603 (2).jpg,Cercospora,duplicate,,ethiopian cofee leaf dataset/test/Cerscospora/20231123_120603 (2).jpg
ethiopian cofee leaf dataset/train aug/Cerscospora/20231123_120609 (2).jpg,Cercospora,duplicate,,ethiopian cofee leaf dataset/test/Cerscospora/20231123_120609 (2).jpg
ethiopian cofee leaf dataset/train aug/Cerscospora/20231123_120617 (2).jpg,Cercospora,duplicate,,ethiopian cofee leaf dataset/test/Cerscospora/20231123_120617 (2).jpg
ethiopian cofee leaf dataset/train aug/Cerscospora/20231123_120635 (2).jpg,Cercospora,duplicate,,ethiopian cofee leaf dataset/test/Cerscospora/20231123_120635 (2).jpg
ethiopian cofee leaf dataset/train aug/Cerscospora/20231123_120705 (2).jpg,Cercospora,duplicate,,ethiopian cofee leaf dataset/test/Cerscospora/20231123_120705 (2).jpg
ethiopian cofee leaf dataset/train aug/Cerscospora/20231123_120711 (2).jpg,Cercospora,duplicate,,ethiopian cofee leaf dataset/test/Cerscospora/20231123_120711 (2).jpg
ethiopian cofee leaf dataset/train aug/Cerscospora/20231123_120715 (2).jpg,Cercospora,duplicate,,ethiopian cofee leaf dataset/test/Cerscospora/20231123_120715 (2).jpg
ethiopian cofee leaf dataset/train aug/Cerscospora/20231123_120721 (2).jpg,Cercospora,duplicate,,ethiopian cofee leaf dataset/test/Cerscospora/20231123_120721 (2).jpg
ethiopian cofee leaf dataset/train aug/Cerscospora/20231123_120725 (2).jpg,Cercospora,duplicate,,ethiopian cofee leaf dataset/test/Cerscospora/20231123_120725 (2).jpg
ethiopian cofee leaf dataset/train aug/Cerscospora/20231123_120821 (2).jpg,Cercospora,duplicate,,ethiopian cofee leaf dataset/test/Cerscospora/20231123_120821 (2).jpg
ethiopian cofee leaf dataset/train aug/Cerscospora/20231123_120857 (2).jpg,Cercospora,duplicate,,ethiopian cofee leaf dataset/test/Cerscospora/20231123_120857 (2).jpg
ethiopian cofee leaf dataset/train aug/Cerscospora/20231123_120901 (2).jpg,Cercospora,duplicate,,ethiopian cofee leaf dataset/test/Cerscospora/20231123_120901 (2).jpg
ethiopian cofee leaf dataset/train aug/Cerscospora/20231123_120905 (2).jpg,Cercospora,duplicate,,ethiopian cofee leaf dataset/test/Cerscospora/20231123_120905 (2).jpg
ethiopian cofee leaf dataset/train aug/Cerscospora/20231123_120922 (2).jpg,Cercospora,duplicate,,ethiopian cofee leaf dataset/test/Cerscospora/20231123_120922 (2).jpg
ethiopian cofee leaf dataset/train aug/Cerscospora/20231123_120945 (2).jpg,Cercospora,duplicate,,ethiopian cofee leaf dataset/test/Cerscospora/20231123_120945 (2).jpg
ethiopian cofee leaf dataset/train aug/Cerscospora/20231123_121002 (2).jpg,Cercospora,duplicate,,ethiopian cofee leaf dataset/test/Cerscospora/20231123_121002 (2).jpg
ethiopian cofee leaf dataset/train aug/Cerscospora/20231123_121022 (2).jpg,Cercospora,duplicate,,ethiopian cofee leaf dataset/test/Cerscospora/20231123_121022 (2).jpg
ethiopian cofee leaf dataset/train aug/Cerscospora/20231123_121026 (2).jpg,Cercospora,duplicate,,ethiopian cofee leaf dataset/test/Cerscospora/20231123_121026 (2).jpg
ethiopian cofee leaf dataset/train aug/Cerscospora/20231123_121053 (2).jpg,Cercospora,duplicate,,ethiopian cofee leaf dataset/test/Cerscospora/20231123_121053 (2).jpg
ethiopian cofee leaf dataset/train aug/Cerscospora/20231123_121057 (2).jpg,Cercospora,duplicate,,ethiopian cofee leaf dataset/test/Cerscospora/20231123_121057 (2).jpg
ethiopian cofee leaf dataset/train aug/Cerscospora/20231123_121106 (2).jpg,Cercospora,duplicate,,ethiopian cofee leaf dataset/test/Cerscospora/20231123_121106 (2).jpg
ethiopian cofee leaf dataset/train aug/Cerscospora/20231123_121114 (2).jpg,Cercospora,duplicate,,ethiopian cofee leaf dataset/test/Cerscospora/20231123_121114 (2).jpg
ethiopian cofee leaf dataset/train aug/Cerscospora/20231123_121126 (2).jpg,Cercospora,duplicate,,ethiopian cofee leaf dataset/test/Cerscospora/20231123_121126 (2).jpg
ethiopian cofee leaf dataset/train aug/Cerscospora/20231123_121132 (2).jpg,Cercospora,duplicate,,ethiopian cofee leaf dataset/test/Cerscospora/20231123_121132 (2).jpg
ethiopian cofee leaf dataset/train aug/Cerscospora/20231123_121151 (2).jpg,Cercospora,duplicate,,ethiopian cofee leaf dataset/test/Cerscospora/20231123_121151 (2).jpg
ethiopian cofee leaf dataset/train aug/Cerscospora/20231123_121156 (2).jpg,Cercospora,duplicate,,ethiopian cofee leaf dataset/test/Cerscospora/20231123_121156 (2).jpg
ethiopian cofee leaf dataset/train aug/Cerscospora/20231123_121211 (2).jpg,Cercospora,duplicate,,ethiopian cofee leaf dataset/test/Cerscospora/20231123_121211 (2).jpg
ethiopian cofee leaf dataset/train aug/Cerscospora/20231123_121236 (2).jpg,Cercospora,duplicate,,ethiopian cofee leaf dataset/test/Cerscospora/20231123_121236 (2).jpg
ethiopian cofee leaf dataset/train aug/Cerscospora/20231123_121242 (2).jpg,Cercospora,duplicate,,ethiopian cofee leaf dataset/test/Cerscospora/20231123_121242 (2).jpg
ethiopian cofee leaf dataset/train aug/Cerscospora/20231123_121348 (2).jpg,Cercospora,duplicate,,ethiopian cofee leaf dataset/test/Cerscospora/20231123_121348 (2).jpg
ethiopian cofee leaf dataset/train aug/Cerscospora/20231123_121513 (2).jpg,Cercospora,duplicate,,ethiopian cofee leaf dataset/test/Cerscospora/20231123_121513 (2).jpg
ethiopian cofee leaf dataset/train aug/Cerscospora/20231123_121516 (2).jpg,Cercospora,duplicate,,ethiopian cofee leaf dataset/test/Cerscospora/20231123_121516 (2).jpg
ethiopian cofee leaf dataset/train aug/Cerscospora/20231123_121525 (2).jpg,Cercospora,duplicate,,ethiopian cofee leaf dataset/test/Cerscospora/20231123_121525 (2).jpg
ethiopian cofee leaf dataset/train aug/Cerscospora/20231123_121531 (2).jpg,Cercospora,duplicate,,ethiopian cofee leaf dataset/test/Cerscospora/20231123_121531 (2).jpg
ethiopian cofee leaf dataset/train aug/Cerscospora/20231123_121548 (2).jpg,Cercospora,duplicate,,ethiopian cofee leaf dataset/test/Cerscospora/20231123_121548 (2).jpg
ethiopian cofee leaf dataset/train aug/Cerscospora/20231123_121551 (2).jpg,Cercospora,duplicate,,ethiopian cofee leaf dataset/test/Cerscospora/20231123_121551 (2).jpg
ethiopian cofee leaf dataset/train aug/Cerscospora/20231123_121600 (2).jpg,Cercospora,duplicate,,ethiopian cofee leaf dataset/test/Cerscospora/20231123_121600 (2).jpg
ethiopian cofee leaf dataset/train aug/Cerscospora/20231123_121650 (2).jpg,Cercospora,duplicate,,ethiopian cofee leaf dataset/test/Cerscospora/20231123_121650 (2).jpg
ethiopian cofee leaf dataset/train aug/Cerscospora/20231123_121653 (2).jpg,Cercospora,duplicate,,ethiopian cofee leaf dataset/test/Cerscospora/20231123_121653 (2).jpg
ethiopian cofee leaf dataset/train aug/Cerscospora/20231123_121657 (2).jpg,Cercospora,duplicate,,ethiopian cofee leaf dataset/test/Cerscospora/20231123_121657 (2).jpg
ethiopian cofee leaf dataset/train aug/Cerscospora/20231123_121703 (2).jpg,Cercospora,duplicate,,ethiopian cofee leaf dataset/test/Cerscospora/20231123_121703 (2).jpg
ethiopian cofee leaf dataset/train aug/Cerscospora/20231123_121714 (2).jpg,Cercospora,duplicate,,ethiopian cofee leaf dataset/test/Cerscospora/20231123_121714 (2).jpg
ethiopian cofee leaf dataset/train aug/Cerscospora/20231123_121718 (2).jpg,Cercospora,duplicate,,ethiopian cofee leaf dataset/test/Cerscospora/20231123_121718 (2).jpg
ethiopian cofee leaf dataset/train aug/Cerscospora/20231123_121747 (2).jpg,Cercospora,duplicate,,ethiopian cofee leaf dataset/test/Cerscospora/20231123_121747 (2).jpg
ethiopian cofee leaf dataset/train aug/Cerscospora/20231123_121815 (2).jpg,Cercospora,duplicate,,ethiopian cofee leaf dataset/test/Cerscospora/20231123_121815 (2).jpg
ethiopian cofee leaf dataset/train aug/Cerscospora/20231123_121851 (2).jpg,Cercospora,duplicate,,ethiopian cofee leaf dataset/test/Cerscospora/20231123_121851 (2).jpg
ethiopian cofee leaf dataset/train aug/Cerscospora/20231123_121916 (2).jpg,Cercospora,duplicate,,ethiopian cofee leaf dataset/test/Cerscospora/20231123_121916 (2).jpg
ethiopian cofee leaf dataset/train aug/Cerscospora/20231123_121935 (2).jpg,Cercospora,duplicate,,ethiopian cofee leaf dataset/test/Cerscospora/20231123_121935 (2).jpg
ethiopian cofee leaf dataset/train aug/Cerscospora/20231123_121939 (2).jpg,Cercospora,duplicate,,ethiopian cofee leaf dataset/test/Cerscospora/20231123_121939 (2).jpg
ethiopian cofee leaf dataset/train aug/Cerscospora/20231123_121954 (2).jpg,Cercospora,duplicate,,ethiopian cofee leaf dataset/test/Cerscospora/20231123_121954 (2).jpg
ethiopian cofee leaf dataset/train aug/Cerscospora/20231123_121957 (2).jpg,Cercospora,duplicate,,ethiopian cofee leaf dataset/test/Cerscospora/20231123_121957 (2).jpg
ethiopian cofee leaf dataset/train aug/Cerscospora/20231123_122033 (2).jpg,Cercospora,duplicate,,ethiopian cofee leaf dataset/test/Cerscospora/20231123_122033 (2).jpg
ethiopian cofee leaf dataset/train aug/Cerscospora/20231123_122204 (2).jpg,Cercospora,duplicate,,ethiopian cofee leaf dataset/test/Cerscospora/20231123_122204 (2).jpg
ethiopian cofee leaf dataset/train aug/Cerscospora/20231123_122315 (2).jpg,Cercospora,duplicate,,ethiopian cofee leaf dataset/test/Cerscospora/20231123_122315 (2).jpg
ethiopian cofee leaf dataset/train aug/Cerscospora/20231123_122319 (2).jpg,Cercospora,duplicate,,ethiopian cofee leaf dataset/test/Cerscospora/20231123_122319 (2).jpg
ethiopian cofee leaf dataset/train aug/Cerscospora/20231123_122402 (2).jpg,Cercospora,duplicate,,ethiopian cofee leaf dataset/test/Cerscospora/20231123_122402 (2).jpg
ethiopian cofee leaf dataset/train aug/Cerscospora/20231123_122458 (2).jpg,Cercospora,duplicate,,ethiopian cofee leaf dataset/test/Cerscospora/20231123_122458 (2).jpg
ethiopian cofee leaf dataset/train aug/Cerscospora/20231123_122501 (2).jpg,Cercospora,duplicate,,ethiopian cofee leaf dataset/test/Cerscospora/20231123_122501 (2).jpg
ethiopian cofee leaf dataset/train aug/Cerscospora/20231123_122508 (2).jpg,Cercospora,duplicate,,ethiopian cofee leaf dataset/test/Cerscospora/20231123_122508 (2).jpg
ethiopian cofee leaf dataset/train aug/Cerscospora/20231123_122513 (2).jpg,Cercospora,duplicate,,ethiopian cofee leaf dataset/test/Cerscospora/20231123_122513 (2).jpg
ethiopian cofee leaf dataset/train aug/Cerscospora/20231123_122515 (2).jpg,Cercospora,duplicate,,ethiopian cofee leaf dataset/test/Cerscospora/20231123_122515 (2).jpg
ethiopian cofee leaf dataset/train aug/Cerscospora/20231123_122518 (2).jpg,Cercospora,duplicate,,ethiopian cofee leaf dataset/test/Cerscospora/20231123_122518 (2).jpg
ethiopian cofee leaf dataset/train aug/Cerscospora/20231123_122530 (2).jpg,Cercospora,duplicate,,ethiopian cofee leaf dataset/test/Cerscospora/20231123_122530 (2).jpg
ethiopian cofee leaf dataset/train aug/Cerscospora/20231123_122535 (2).jpg,Cercospora,duplicate,,ethiopian cofee leaf dataset/test/Cerscospora/20231123_122535 (2).jpg
ethiopian cofee leaf dataset/train aug/Cerscospora/20231123_122538 (2).jpg,Cercospora,duplicate,,ethiopian cofee leaf dataset/test/Cerscospora/20231123_122538 (2).jpg
ethiopian cofee leaf dataset/train aug/Cerscospora/20231123_122545 (2).jpg,Cercospora,duplicate,,ethiopian cofee leaf dataset/test/Cerscospora/20231123_122545 (2).jpg
ethiopian cofee leaf dataset/train aug/Cerscospora/20231123_122629 (2).jpg,Cercospora,duplicate,,ethiopian cofee leaf dataset/test/Cerscospora/20231123_122629 (2).jpg
ethiopian cofee leaf dataset/train aug/Cerscospora/20231123_122635 (2).jpg,Cercospora,duplicate,,ethiopian cofee leaf dataset/test/Cerscospora/20231123_122635 (2).jpg
ethiopian cofee leaf dataset/train aug/Cerscospora/20231123_122710 (2).jpg,Cercospora,duplicate,,ethiopian cofee leaf dataset/test/Cerscospora/20231123_122710 (2).jpg
ethiopian cofee leaf dataset/train aug/Cerscospora/20231123_122714 (2).jpg,Cercospora,duplicate,,ethiopian cofee leaf dataset/test/Cerscospora/20231123_122714 (2).jpg
ethiopian cofee leaf dataset/train aug/Cerscospora/20231123_122719 (2).jpg,Cercospora,duplicate,,ethiopian cofee leaf dataset/test/Cerscospora/20231123_122719 (2).jpg
ethiopian cofee leaf dataset/train aug/Cerscospora/20231123_122733 (2).jpg,Cercospora,duplicate,,ethiopian cofee leaf dataset/test/Cerscospora/20231123_122733 (2).jpg
ethiopian cofee leaf dataset/train aug/Cerscospora/20231123_122742 (2).jpg,Cercospora,duplicate,,ethiopian cofee leaf dataset/test/Cerscospora/20231123_122742 (2).jpg
ethiopian cofee leaf dataset/train aug/Cerscospora/20231123_122747 (2).jpg,Cercospora,duplicate,,ethiopian cofee leaf dataset/test/Cerscospora/20231123_122747 (2).jpg
ethiopian cofee leaf dataset/train aug/Cerscospora/20231123_122816 (2).jpg,Cercospora,duplicate,,ethiopian cofee leaf dataset/test/Cerscospora/20231123_122816 (2).jpg
ethiopian cofee leaf dataset/train aug/Cerscospora/20231123_122857 (2).jpg,Cercospora,duplicate,,ethiopian cofee leaf dataset/test/Cerscospora/20231123_122857 (2).jpg
ethiopian cofee leaf dataset/train aug/Cerscospora/20231123_122900 (2).jpg,Cercospora,duplicate,,ethiopian cofee leaf dataset/test/Cerscospora/20231123_122900 (2).jpg
ethiopian cofee leaf dataset/train aug/Cerscospora/20231123_122908 (2).jpg,Cercospora,duplicate,,ethiopian cofee leaf dataset/test/Cerscospora/20231123_122908 (2).jpg
ethiopian cofee leaf dataset/train aug/Cerscospora/20231123_122915 (2).jpg,Cercospora,duplicate,,ethiopian cofee leaf dataset/test/Cerscospora/20231123_122915 (2).jpg
ethiopian cofee leaf dataset/train aug/Cerscospora/20231123_123023 (2).jpg,Cercospora,duplicate,,ethiopian cofee leaf dataset/test/Cerscospora/20231123_123023 (2).jpg
ethiopian cofee leaf dataset/train aug/Cerscospora/20231123_123029 (2).jpg,Cercospora,duplicate,,ethiopian cofee leaf dataset/test/Cerscospora/20231123_123029 (2).jpg
ethiopian cofee leaf dataset/train aug/Cerscospora/20231123_123031 (2).jpg,Cercospora,duplicate,,ethiopian cofee leaf dataset/test/Cerscospora/20231123_123031 (2).jpg
ethiopian cofee leaf dataset/train aug/Cerscospora/20231123_123039 (2).jpg,Cercospora,duplicate,,ethiopian cofee leaf dataset/test/Cerscospora/20231123_123039 (2).jpg
ethiopian cofee leaf dataset/train aug/Cerscospora/20231123_123056 (2).jpg,Cercospora,duplicate,,ethiopian cofee leaf dataset/test/Cerscospora/20231123_123056 (2).jpg
ethiopian cofee leaf dataset/train aug/Cerscospora/20231123_123100 (2).jpg,Cercospora,duplicate,,ethiopian cofee leaf dataset/test/Cerscospora/20231123_123100 (2).jpg
ethiopian cofee leaf dataset/train aug/Cerscospora/aug_0_0.jpeg,Cercospora,excluded_pattern,,
ethiopian cofee leaf dataset/train aug/Cerscospora/aug_0_10.jpeg,Cercospora,excluded_pattern,,
ethiopian cofee leaf dataset/train aug/Cerscospora/aug_0_1002.jpeg,Cercospora,excluded_pattern,,
ethiopian cofee leaf dataset/train aug/Cerscospora/aug_0_1005.jpeg,Cercospora,excluded_pattern,,
ethiopian cofee leaf dataset/train aug/Cerscospora/aug_0_1007.jpeg,Cercospora,excluded_pattern,,
ethiopian cofee leaf dataset/train aug/Cerscospora/aug_0_102.jpeg,Cercospora,excluded_pattern,,
ethiopian cofee leaf dataset/train aug/Cerscospora/aug_0_1021.jpeg,Cercospora,excluded_pattern,,
ethiopian cofee leaf dataset/train aug/Cerscospora/aug_0_1024.jpeg,Cercospora,excluded_pattern,,
ethiopian cofee leaf dataset/train aug/Cerscospora/aug_0_1025.jpeg,Cercospora,excluded_pattern,,
ethiopian cofee leaf dataset/train aug/Cerscospora/aug_0_1030.jpeg,Cercospora,excluded_pattern,,
ethiopian cofee leaf dataset/train aug/Cerscospora/aug_0_1035.jpeg,Cercospora,excluded_pattern,,
ethiopian cofee leaf dataset/train aug/Cerscospora/aug_0_1036.jpeg,Cercospora,excluded_pattern,,
ethiopian cofee leaf dataset/train aug/Cerscospora/aug_0_1038.jpeg,Cercospora,excluded_pattern,,
ethiopian cofee leaf dataset/train aug/Cerscospora/aug_0_1048.jpeg,Cercospora,excluded_pattern,,
ethiopian cofee leaf dataset/train aug/Cerscospora/aug_0_1051.jpeg,Cercospora,excluded_pattern,,
ethiopian cofee leaf dataset/train aug/Cerscospora/aug_0_1057.jpeg,Cercospora,excluded_pattern,,
ethiopian cofee leaf dataset/train aug/Cerscospora/aug_0_1062.jpeg,Cercospora,excluded_pattern,,
ethiopian cofee leaf dataset/train aug/Cerscospora/aug_0_1065.jpeg,Cercospora,excluded_pattern,,
ethiopian cofee leaf dataset/train aug/Cerscospora/aug_0_1066.jpeg,Cercospora,excluded_pattern,,
ethiopian cofee leaf dataset/train aug/Cerscospora/aug_0_1069.jpeg,Cercospora,excluded_pattern,,
ethiopian cofee leaf dataset/train aug/Cerscospora/aug_0_1075.jpeg,Cercospora,excluded_pattern,,
ethiopian cofee leaf dataset/train aug/Cerscospora/aug_0_1085.jpeg,Cercospora,excluded_pattern,,
ethiopian cofee leaf dataset/train aug/Cerscospora/aug_0_109.jpeg,Cercospora,excluded_pattern,,
ethiopian cofee leaf dataset/train aug/Cerscospora/aug_0_1091.jpeg,Cercospora,excluded_pattern,,
ethiopian cofee leaf dataset/train aug/Cerscospora/aug_0_1095.jpeg,Cercospora,excluded_pattern,,
ethiopian cofee leaf dataset/train aug/Cerscospora/aug_0_1097.jpeg,Cercospora,excluded_pattern,,
ethiopian cofee leaf dataset/train aug/Cerscospora/aug_0_11.jpeg,Cercospora,excluded_pattern,,
ethiopian cofee leaf dataset/train aug/Cerscospora/aug_0_110.jpeg,Cercospora,excluded_pattern,,
ethiopian cofee leaf dataset/train aug/Cerscospora/aug_0_1101.jpeg,Cercospora,excluded_pattern,,
ethiopian cofee leaf dataset/train aug/Cerscospora/aug_0_1106.jpeg,Cercospora,excluded_pattern,,
ethiopian cofee leaf dataset/train aug/Cerscospora/aug_0_1111.jpeg,Cercospora,excluded_pattern,,
ethiopian cofee leaf dataset/train aug/Cerscospora/aug_0_1112.jpeg,Cercospora,excluded_pattern,,
ethiopian cofee leaf dataset/train aug/Cerscospora/aug_0_1114.jpeg,Cercospora,excluded_pattern,,
ethiopian cofee leaf dataset/train aug/Cerscospora/aug_0_1119.jpeg,Cercospora,excluded_pattern,,
ethiopian cofee leaf dataset/train aug/Cerscospora/aug_0_1120.jpeg,Cercospora,excluded_pattern,,
ethiopian cofee leaf dataset/train aug/Cerscospora/aug_0_1121.jpeg,Cercospora,excluded_pattern,,
ethiopian cofee leaf dataset/train aug/Cerscospora/aug_0_1122.jpeg,Cercospora,excluded_pattern,,
ethiopian cofee leaf dataset/train aug/Cerscospora/aug_0_1123.jpeg,Cercospora,excluded_pattern,,
ethiopian cofee leaf dataset/train aug/Cerscospora/aug_0_1128.jpeg,Cercospora,excluded_pattern,,
ethiopian cofee leaf dataset/train aug/Cerscospora/aug_0_1130.jpeg,Cercospora,excluded_pattern,,
ethiopian cofee leaf dataset/train aug/Cerscospora/aug_0_1136.jpeg,Cercospora,excluded_pattern,,
ethiopian cofee leaf dataset/train aug/Cerscospora/aug_0_1137.jpeg,Cercospora,excluded_pattern,,
ethiopian cofee leaf dataset/train aug/Cerscospora/aug_0_1141.jpeg,Cercospora,excluded_pattern,,
ethiopian cofee leaf dataset/train aug/Cerscospora/aug_0_1142.jpeg,Cercospora,excluded_pattern,,
ethiopian cofee leaf dataset/train aug/Cerscospora/aug_0_1148.jpeg,Cercospora,excluded_pattern,,
ethiopian cofee leaf dataset/train aug/Cerscospora/aug_0_115.jpeg,Cercospora,excluded_pattern,,
ethiopian cofee leaf dataset/train aug/Cerscospora/aug_0_1153.jpeg,Cercospora,excluded_pattern,,
ethiopian cofee leaf dataset/train aug/Cerscospora/aug_0_1154.jpeg,Cercospora,excluded_pattern,,
ethiopian cofee leaf dataset/train aug/Cerscospora/aug_0_1155.jpeg,Cercospora,excluded_pattern,,
ethiopian cofee leaf dataset/train aug/Cerscospora/aug_0_1156.jpeg,Cercospora,excluded_pattern,,
ethiopian cofee leaf dataset/train aug/Cerscospora/aug_0_116.jpeg,Cercospora,excluded_pattern,,
ethiopian cofee leaf dataset/train aug/Cerscospora/aug_0_1160.jpeg,Cercospora,excluded_pattern,,
ethiopian cofee leaf dataset/train aug/Cerscospora/aug_0_1166.jpeg,Cercospora,excluded_pattern,,
ethiopian cofee leaf dataset/train aug/Cerscospora/aug_0_1169.jpeg,Cercospora,excluded_pattern,,
ethiopian cofee leaf dataset/train aug/Cerscospora/aug_0_1180.jpeg,Cercospora,excluded_pattern,,
ethiopian cofee leaf dataset/train aug/Cerscospora/aug_0_1183.jpeg,Cercospora,excluded_pattern,,
ethiopian cofee leaf dataset/train aug/Cerscospora/aug_0_1193.jpeg,Cercospora,excluded_pattern,,
ethiopian cofee leaf dataset/train aug/Cerscospora/aug_0_1195.jpeg,Cercospora,excluded_pattern,,
ethiopian cofee leaf dataset/train aug/Cerscospora/aug_0_1196.jpeg,Cercospora,excluded_pattern,,
ethiopian cofee leaf dataset/train aug/Cerscospora/aug_0_1197.jpeg,Cercospora,excluded_pattern,,
ethiopian cofee leaf dataset/train aug/Cerscospora/aug_0_1199.jpeg,Cercospora,excluded_pattern,,
ethiopian cofee leaf dataset/train aug/Cerscospora/aug_0_1200.jpeg,Cercospora,excluded_pattern,,
ethiopian cofee leaf dataset/train aug/Cerscospora/aug_0_1203.jpeg,Cercospora,excluded_pattern,,
ethiopian cofee leaf dataset/train aug/Cerscospora/aug_0_1212.jpeg,Cercospora,excluded_pattern,,
ethiopian cofee leaf dataset/train aug/Cerscospora/aug_0_1218.jpeg,Cercospora,excluded_pattern,,
ethiopian cofee leaf dataset/train aug/Cerscospora/aug_0_1219.jpeg,Cercospora,excluded_pattern,,
ethiopian cofee leaf dataset/train aug/Cerscospora/aug_0_1221.jpeg,Cercospora,excluded_pattern,,
ethiopian cofee leaf dataset/train aug/Cerscospora/aug_0_1226.jpeg,Cercospora,excluded_pattern,,
ethiopian cofee leaf dataset/train aug/Cerscospora/aug_0_1227.jpeg,Cercospora,excluded_pattern,,
ethiopian cofee leaf dataset/train aug/Cerscospora/aug_0_1228.jpeg,Cercospora,excluded_pattern,,
ethiopian cofee leaf dataset/train aug/Cerscospora/aug_0_1234.jpeg,Cercospora,excluded_pattern,,
ethiopian cofee leaf dataset/train aug/Cerscospora/aug_0_1238.jpeg,Cercospora,excluded_pattern,,
ethiopian cofee leaf dataset/train aug/Cerscospora/aug_0_1244.jpeg,Cercospora,excluded_pattern,,
ethiopian cofee leaf dataset/train aug/Cerscospora/aug_0_1248.jpeg,Cercospora,excluded_pattern,,
ethiopian cofee leaf dataset/train aug/Cerscospora/aug_0_125.jpeg,Cercospora,excluded_pattern,,
ethiopian cofee leaf dataset/train aug/Cerscospora/aug_0_1254.jpeg,Cercospora,excluded_pattern,,
ethiopian cofee leaf dataset/train aug/Cerscospora/aug_0_1256.jpeg,Cercospora,excluded_pattern,,
ethiopian cofee leaf dataset/train aug/Cerscospora/aug_0_1268.jpeg,Cercospora,excluded_pattern,,
ethiopian cofee leaf dataset/train aug/Cerscospora/aug_0_1277.jpeg,Cercospora,excluded_pattern,,
ethiopian cofee leaf dataset/train aug/Cerscospora/aug_0_128.jpeg,Cercospora,excluded_pattern,,
ethiopian cofee leaf dataset/train aug/Cerscospora/aug_0_1286.jpeg,Cercospora,excluded_pattern,,
ethiopian cofee leaf dataset/train aug/Cerscospora/aug_0_1287.jpeg,Cercospora,excluded_pattern,,
ethiopian cofee leaf dataset/train aug/Cerscospora/aug_0_1288.jpeg,Cercospora,excluded_pattern,,
ethiopian cofee leaf dataset/train aug/Cerscospora/aug_0_129.jpeg,Cercospora,excluded_pattern,,
ethiopian cofee leaf dataset/train aug/Cerscospora/aug_0_1293.jpeg,Cercospora,excluded_pattern,,
ethiopian cofee leaf dataset/train aug/Cerscospora/aug_0_1298.jpeg,Cercospora,excluded_pattern,,
ethiopian cofee leaf dataset/train aug/Cerscospora/aug_0_13.jpeg,Cercospora,excluded_pattern,,
ethiopian cofee leaf dataset/train aug/Cerscospora/aug_0_130.jpeg,Cercospora,excluded_pattern,,
ethiopian cofee leaf dataset/train aug/Cerscospora/aug_0_1301.jpeg,Cercospora,excluded_pattern,,
ethiopian cofee leaf dataset/train aug/Cerscospora/aug_0_1303.jpeg,Cercospora,excluded_pattern,,
ethiopian cofee leaf dataset/train aug/Cerscospora/aug_0_1304.jpeg,Cercospora,excluded_pattern,,
ethiopian cofee leaf dataset/train aug/Cerscospora/aug_0_1307.jpeg,Cercospora,excluded_pattern,,
ethiopian cofee leaf dataset/train aug/Cerscospora/aug_0_1316.jpeg,Cercospora,excluded_pattern,,
ethiopian cofee leaf dataset/train aug/Cerscospora/aug_0_1321.jpeg,Cercospora,excluded_pattern,,
ethiopian cofee leaf dataset/train aug/Cerscospora/aug_0_1333.jpeg,Cercospora,excluded_pattern,,
ethiopian cofee leaf dataset/train aug/Cerscospora/aug_0_1335.jpeg,Cercospora,excluded_pattern,,
ethiopian cofee leaf dataset/train aug/Cerscospora/aug_0_1337.jpeg,Cercospora,excluded_pattern,,
ethiopian cofee leaf dataset/train aug/Cerscospora/aug_0_1338.jpeg,Cercospora,excluded_pattern,,
ethiopian cofee leaf dataset/train aug/Cerscospora/aug_0_1339.jpeg,Cercospora,excluded_pattern,,
ethiopian cofee leaf dataset/train aug/Cerscospora/aug_0_1343.jpeg,Cercospora,excluded_pattern,,
ethiopian cofee leaf dataset/train aug/Cerscospora/aug_0_1352.jpeg,Cercospora,excluded_pattern,,
ethiopian cofee leaf dataset/train aug/Cerscospora/aug_0_1353.jpeg,Cercospora,excluded_pattern,,
ethiopian cofee leaf dataset/train aug/Cerscospora/aug_0_1355.jpeg,Cercospora,excluded_pattern,,
ethiopian cofee leaf dataset/train aug/Cerscospora/aug_0_1356.jpeg,Cercospora,excluded_pattern,,
ethiopian cofee leaf dataset/train aug/Cerscospora/aug_0_1359.jpeg,Cercospora,excluded_pattern,,
ethiopian cofee leaf dataset/train aug/Cerscospora/aug_0_1366.jpeg,Cercospora,excluded_pattern,,
ethiopian cofee leaf dataset/train aug/Cerscospora/aug_0_1368.jpeg,Cercospora,excluded_pattern,,
ethiopian cofee leaf dataset/train aug/Cerscospora/aug_0_1370.jpeg,Cercospora,excluded_pattern,,
ethiopian cofee leaf dataset/train aug/Cerscospora/aug_0_1371.jpeg,Cercospora,excluded_pattern,,
ethiopian cofee leaf dataset/train aug/Cerscospora/aug_0_1373.jpeg,Cercospora,excluded_pattern,,
ethiopian cofee leaf dataset/train aug/Cerscospora/aug_0_1375.jpeg,Cercospora,excluded_pattern,,
ethiopian cofee leaf dataset/train aug/Cerscospora/aug_0_1376.jpeg,Cercospora,excluded_pattern,,
ethiopian cofee leaf dataset/train aug/Cerscospora/aug_0_1377.jpeg,Cercospora,excluded_pattern,,
ethiopian cofee leaf dataset/train aug/Cerscospora/aug_0_1383.jpeg,Cercospora,excluded_pattern,,
ethiopian cofee leaf dataset/train aug/Cerscospora/aug_0_1386.jpeg,Cercospora,excluded_pattern,,
ethiopian cofee leaf dataset/train aug/Cerscospora/aug_0_1388.jpeg,Cercospora,excluded_pattern,,
ethiopian cofee leaf dataset/train aug/Cerscospora/aug_0_1392.jpeg,Cercospora,excluded_pattern,,
ethiopian cofee leaf dataset/train aug/Cerscospora/aug_0_1395.jpeg,Cercospora,excluded_pattern,,
ethiopian cofee leaf dataset/train aug/Cerscospora/aug_0_1400.jpeg,Cercospora,excluded_pattern,,
ethiopian cofee leaf dataset/train aug/Cerscospora/aug_0_1404.jpeg,Cercospora,excluded_pattern,,
ethiopian cofee leaf dataset/train aug/Cerscospora/aug_0_1408.jpeg,Cercospora,excluded_pattern,,
ethiopian cofee leaf dataset/train aug/Cerscospora/aug_0_1411.jpeg,Cercospora,excluded_pattern,,
ethiopian cofee leaf dataset/train aug/Cerscospora/aug_0_1414.jpeg,Cercospora,excluded_pattern,,
ethiopian cofee leaf dataset/train aug/Cerscospora/aug_0_142.jpeg,Cercospora,excluded_pattern,,
ethiopian cofee leaf dataset/train aug/Cerscospora/aug_0_1425.jpeg,Cercospora,excluded_pattern,,
ethiopian cofee leaf dataset/train aug/Cerscospora/aug_0_1431.jpeg,Cercospora,excluded_pattern,,
ethiopian cofee leaf dataset/train aug/Cerscospora/aug_0_1436.jpeg,Cercospora,excluded_pattern,,
ethiopian cofee leaf dataset/train aug/Cerscospora/aug_0_1437.jpeg,Cercospora,excluded_pattern,,
ethiopian cofee leaf dataset/train aug/Cerscospora/aug_0_1438.jpeg,Cercospora,excluded_pattern,,
ethiopian cofee leaf dataset/train aug/Cerscospora/aug_0_1439.jpeg,Cercospora,excluded_pattern,,
ethiopian cofee leaf dataset/train aug/Cerscospora/aug_0_1440.jpeg,Cercospora,excluded_pattern,,
ethiopian cofee leaf dataset/train aug/Cerscospora/aug_0_1443.jpeg,Cercospora,excluded_pattern,,
ethiopian cofee leaf dataset/train aug/Cerscospora/aug_0_1445.jpeg,Cercospora,excluded_pattern,,
ethiopian cofee leaf dataset/train aug/Cerscospora/aug_0_1446.jpeg,Cercospora,excluded_pattern,,
ethiopian cofee leaf dataset/train aug/Cerscospora/aug_0_1453.jpeg,Cercospora,excluded_pattern,,
ethiopian cofee leaf dataset/train aug/Cerscospora/aug_0_1454.jpeg,Cercospora,excluded_pattern,,
ethiopian cofee leaf dataset/train aug/Cerscospora/aug_0_1458.jpeg,Cercospora,excluded_pattern,,
ethiopian cofee leaf dataset/train aug/Cerscospora/aug_0_1463.jpeg,Cercospora,excluded_pattern,,
ethiopian cofee leaf dataset/train aug/Cerscospora/aug_0_1464.jpeg,Cercospora,excluded_pattern,,
ethiopian cofee leaf dataset/train aug/Cerscospora/aug_0_1472.jpeg,Cercospora,excluded_pattern,,
ethiopian cofee leaf dataset/train aug/Cerscospora/aug_0_1477.jpeg,Cercospora,excluded_pattern,,
ethiopian cofee leaf dataset/train aug/Cerscospora/aug_0_148.jpeg,Cercospora,excluded_pattern,,
ethiopian cofee leaf dataset/train aug/Cerscospora/aug_0_1481.jpeg,Cercospora,excluded_pattern,,
ethiopian cofee leaf dataset/train aug/Cerscospora/aug_0_1482.jpeg,Cercospora,excluded_pattern,,
ethiopian cofee leaf dataset/train aug/Cerscospora/aug_0_1489.jpeg,Cercospora,excluded_pattern,,
ethiopian cofee leaf dataset/train aug/Cerscospora/aug_0_149.jpeg,Cercospora,excluded_pattern,,
ethiopian cofee leaf dataset/train aug/Cerscospora/aug_0_1490.jpeg,Cercospora,excluded_pattern,,
ethiopian cofee leaf dataset/train aug/Cerscospora/aug_0_1499.jpeg,Cercospora,excluded_pattern,,
ethiopian cofee leaf dataset/train aug/Cerscospora/aug_0_1502.jpeg,Cercospora,excluded_pattern,,
ethiopian cofee leaf dataset/train aug/Cerscospora/aug_0_1513.jpeg,Cercospora,excluded_pattern,,
ethiopian cofee leaf dataset/train aug/Cerscospora/aug_0_1518.jpeg,Cercospora,excluded_pattern,,
ethiopian cofee leaf dataset/train aug/Cerscospora/aug_0_1527.jpeg,Cercospora,excluded_pattern,,
ethiopian cofee leaf dataset/train aug/Cerscospora/aug_0_1528.jpeg,Cercospora,excluded_pattern,,
ethiopian cofee leaf dataset/train aug/Cerscospora/aug_0_1530.jpeg,Cercospora,excluded_pattern,,
ethiopian cofee leaf dataset/train aug/Cerscospora/aug_0_1533.jpeg,Cercospora,excluded_pattern,,
ethiopian cofee leaf dataset/train aug/Cerscospora/aug_0_1537.jpeg,Cercospora,excluded_pattern,,
ethiopian cofee leaf dataset/train aug/Cerscospora/aug_0_1538.jpeg,Cercospora,excluded_pattern,,
ethiopian cofee leaf dataset/train aug/Cerscospora/aug_0_1541.jpeg,Cercospora,excluded_pattern,,
ethiopian cofee leaf dataset/train aug/Cerscospora/aug_0_1547.jpeg,Cercospora,excluded_pattern,,
ethiopian cofee leaf dataset/train aug/Cerscospora/aug_0_1548.jpeg,Cercospora,excluded_pattern,,
ethiopian cofee leaf dataset/train aug/Cerscospora/aug_0_1548.jpg,Cercospora,excluded_pattern,,
ethiopian cofee leaf dataset/train aug/Cerscospora/aug_0_1549.jpg,Cercospora,excluded_pattern,,
ethiopian cofee leaf dataset/train aug/Cerscospora/aug_0_155.jpeg,Cercospora,excluded_pattern,,
ethiopian cofee leaf dataset/train aug/Cerscospora/aug_0_1550.jpeg,Cercospora,excluded_pattern,,
ethiopian cofee leaf dataset/train aug/Cerscospora/aug_0_1550.jpg,Cercospora,excluded_pattern,,
ethiopian cofee leaf dataset/train aug/Cerscospora/aug_0_1551.jpg,Cercospora,excluded_pattern,,
ethiopian cofee leaf dataset/train aug/Cerscospora/aug_0_1553.jpeg,Cercospora,excluded_pattern,,
ethiopian cofee leaf dataset/train aug/Cerscospora/aug_0_1555.jpeg,Cercospora,excluded_pattern,,
ethiopian cofee leaf dataset/train aug/Cerscospora/aug_0_1559.jpeg,Cercospora,excluded_pattern,,
ethiopian cofee leaf dataset/train aug/Cerscospora/aug_0_1560.jpeg,Cercospora,excluded_pattern,,
ethiopian cofee leaf dataset/train aug/Cerscospora/aug_0_1561.jpeg,Cercospora,excluded_pattern,,
ethiopian cofee leaf dataset/train aug/Cerscospora/aug_0_1562.jpeg,Cercospora,excluded_pattern,,
ethiopian cofee leaf dataset/train aug/Cerscospora/aug_0_1566.jpeg,Cercospora,excluded_pattern,,
ethiopian cofee leaf dataset/train aug/Cerscospora/aug_0_1570.jpeg,Cercospora,excluded_pattern,,
ethiopian cofee leaf dataset/train aug/Cerscospora/aug_0_1575.jpeg,Cercospora,excluded_pattern,,
ethiopian cofee leaf dataset/train aug/Cerscospora/aug_0_1583.jpeg,Cercospora,excluded_pattern,,
ethiopian cofee leaf dataset/train aug/Cerscospora/aug_0_1587.jpeg,Cercospora,excluded_pattern,,
ethiopian cofee leaf dataset/train aug/Cerscospora/aug_0_159.jpeg,Cercospora,excluded_pattern,,
ethiopian cofee leaf dataset/train aug/Cerscospora/aug_0_1594.jpeg,Cercospora,excluded_pattern,,
ethiopian cofee leaf dataset/train aug/Cerscospora/aug_0_160.jpeg,Cercospora,excluded_pattern,,
ethiopian cofee leaf dataset/train aug/Cerscospora/aug_0_1606.jpeg,Cercospora,excluded_pattern,,
ethiopian cofee leaf dataset/train aug/Cerscospora/aug_0_1611.jpeg,Cercospora,excluded_pattern,,
ethiopian cofee leaf dataset/train aug/Cerscospora/aug_0_1612.jpeg,Cercospora,excluded_pattern,,
ethiopian cofee leaf dataset/train aug/Cerscospora/aug_0_1614.jpeg,Cercospora,excluded_pattern,,
ethiopian cofee leaf dataset/train aug/Cerscospora/aug_0_1615.jpeg,Cercospora,excluded_pattern,,
ethiopian cofee leaf dataset/train aug/Cerscospora/aug_0_1618.jpeg,Cercospora,excluded_pattern,,
ethiopian cofee leaf dataset/train aug/Cerscospora/aug_0_1621.jpeg,Cercospora,excluded_pattern,,
ethiopian cofee leaf dataset/train aug/Cerscospora/aug_0_1630.jpeg,Cercospora,excluded_pattern,,
ethiopian cofee leaf dataset/train aug/Cerscospora/aug_0_1641.jpeg,Cercospora,excluded_pattern,,
ethiopian cofee leaf dataset/train aug/Cerscospora/aug_0_1643.jpeg,Cercospora,excluded_pattern,,
ethiopian cofee leaf dataset/train aug/Cerscospora/aug_0_1645.jpeg,Cercospora,excluded_pattern,,
ethiopian cofee leaf dataset/train aug/Cerscospora/aug_0_1649.jpeg,Cercospora,excluded_pattern,,
ethiopian cofee leaf dataset/train aug/Cerscospora/aug_0_1651.jpeg,Cercospora,excluded_pattern,,
ethiopian cofee leaf dataset/train aug/Cerscospora/aug_0_1652.jpeg,Cercospora,excluded_pattern,,
ethiopian cofee leaf dataset/train aug/Cerscospora/aug_0_1660.jpeg,Cercospora,excluded_pattern,,
ethiopian cofee leaf dataset/train aug/Cerscospora/aug_0_1671.jpeg,Cercospora,excluded_pattern,,
ethiopian cofee leaf dataset/train aug/Cerscospora/aug_0_1675.jpeg,Cercospora,excluded_pattern,,
ethiopian cofee leaf dataset/train aug/Cerscospora/aug_0_1679.jpeg,Cercospora,excluded_pattern,,
ethiopian cofee leaf dataset/train aug/Cerscospora/aug_0_1680.jpeg,Cercospora,excluded_pattern,,
ethiopian cofee leaf dataset/train aug/Cerscospora/aug_0_1682.jpeg,Cercospora,excluded_pattern,,
ethiopian cofee leaf dataset/train aug/Cerscospora/aug_0_1686.jpeg,Cercospora,excluded_pattern,,
ethiopian cofee leaf dataset/train aug/Cerscospora/aug_0_1689.jpeg,Cercospora,excluded_pattern,,
ethiopian cofee leaf dataset/train aug/Cerscospora/aug_0_1693.jpeg,Cercospora,excluded_pattern,,
ethiopian cofee leaf dataset/train aug/Cerscospora/aug_0_1696.jpeg,Cercospora,excluded_pattern,,
ethiopian cofee leaf dataset/train aug/Cerscospora/aug_0_171.jpeg,Cercospora,excluded_pattern,,
ethiopian cofee leaf dataset/train aug/Cerscospora/aug_0_1711.jpeg,Cercospora,excluded_pattern,,
ethiopian cofee leaf dataset/train aug/Cerscospora/aug_0_1716.jpeg,Cercospora,excluded_pattern,,
ethiopian cofee leaf dataset/train aug/Cerscospora/aug_0_1719.jpeg,Cercospora,excluded_pattern,,
ethiopian cofee leaf dataset/train aug/Cerscospora/aug_0_1720.jpeg,Cercospora,excluded_pattern,,
ethiopian cofee leaf dataset/train aug/Cerscospora/aug_0_1722.jpeg,Cercospora,excluded_pattern,,
ethiopian cofee leaf dataset/train aug/Cerscospora/aug_0_1723.jpeg,Cercospora,excluded_pattern,,
ethiopian cofee leaf dataset/train aug/Cerscospora/aug_0_1725.jpeg,Cercospora,excluded_pattern,,
ethiopian cofee leaf dataset/train aug/Cerscospora/aug_0_1728.jpeg,Cercospora,excluded_pattern,,
ethiopian cofee leaf dataset/train aug/Cerscospora/aug_0_1732.jpeg,Cercospora,excluded_pattern,,
ethiopian cofee leaf dataset/train aug/Cerscospora/aug_0_1733.jpeg,Cercospora,excluded_pattern,,
ethiopian cofee leaf dataset/train aug/Cerscospora/aug_0_1755.jpeg,Cercospora,excluded_pattern,,
ethiopian cofee leaf dataset/train aug/Cerscospora/aug_0_1756.jpeg,Cercospora,excluded_pattern,,
ethiopian cofee leaf dataset/train aug/Cerscospora/aug_0_1761.jpeg,Cercospora,excluded_pattern,,
ethiopian cofee leaf dataset/train aug/Cerscospora/aug_0_1762.jpeg,Cercospora,excluded_pattern,,
ethiopian cofee leaf dataset/train aug/Cerscospora/aug_0_1763.jpeg,Cercospora,excluded_pattern,,
ethiopian cofee leaf dataset/train aug/Cerscospora/aug_0_1771.jpeg,Cercospora,excluded_pattern,,
ethiopian cofee leaf dataset/train aug/Cerscospora/aug_0_1774.jpeg,Cercospora,excluded_pattern,,
ethiopian cofee leaf dataset/train aug/Cerscospora/aug_0_1777.jpeg,Cercospora,excluded_pattern,,
ethiopian cofee leaf dataset/train aug/Cerscospora/aug_0_1781.jpeg,Cercospora,excluded_pattern,,
ethiopian cofee leaf dataset/train aug/Cerscospora/aug_0_1782.jpeg,Cercospora,excluded_pattern,,
ethiopian cofee leaf dataset/train aug/Cerscospora/aug_0_1787.jpeg,Cercospora,excluded_pattern,,
ethiopian cofee leaf dataset/train aug/Cerscospora/aug_0_1792.jpeg,Cercospora,excluded_pattern,,
ethiopian cofee leaf dataset/train aug/Cerscospora/aug_0_1793.jpeg,Cercospora,excluded_pattern,,
ethiopian cofee leaf dataset/train aug/Cerscospora/aug_0_1806.jpeg,Cercospora,excluded_pattern,,
ethiopian cofee leaf dataset/train aug/Cerscospora/aug_0_1807.jpeg,Cercospora,excluded_pattern,,
ethiopian cofee leaf dataset/train aug/Cerscospora/aug_0_1808.jpeg,Cercospora,excluded_pattern,,
ethiopian cofee leaf dataset/train aug/Cerscospora/aug_0_181.jpeg,Cercospora,excluded_pattern,,
ethiopian cofee leaf dataset/train aug/Cerscospora/aug_0_1814.jpeg,Cercospora,excluded_pattern,,
ethiopian cofee leaf dataset/train aug/Cerscospora/aug_0_1817.jpeg,Cercospora,excluded_pattern,,
ethiopian cofee leaf dataset/train aug/Cerscospora/aug_0_1818.jpeg,Cercospora,excluded_pattern,,
ethiopian cofee leaf dataset/train aug/Cerscospora/aug_0_1820.jpeg,Cercospora,excluded_pattern,,
ethiopian cofee leaf dataset/train aug/Cerscospora/aug_0_1821.jpeg,Cercospora,excluded_pattern,,
ethiopian cofee leaf dataset/train aug/Cerscospora/aug_0_1823.jpeg,Cercospora,excluded_pattern,,
ethiopian cofee leaf dataset/train aug/Cerscospora/aug_0_1829.jpeg,Cercospora,excluded_pattern,,
ethiopian cofee leaf dataset/train aug/Cerscospora/aug_0_1830.jpeg,Cercospora,excluded_pattern,,
ethiopian cofee leaf dataset/train aug/Cerscospora/aug_0_1835.jpeg,Cercospora,excluded_pattern,,
ethiopian cofee leaf dataset/train aug/Cerscospora/aug_0_1838.jpeg,Cercospora,excluded_pattern,,
ethiopian cofee leaf dataset/train aug/Cerscospora/aug_0_1844.jpeg,Cercospora,excluded_pattern,,
ethiopian cofee leaf dataset/train aug/Cerscospora/aug_0_1852.jpeg,Cercospora,excluded_pattern,,
ethiopian cofee leaf dataset/train aug/Cerscospora/aug_0_1853.jpeg,Cercospora,excluded_pattern,,
ethiopian cofee leaf dataset/train aug/Cerscospora/aug_0_1855.jpeg,Cercospora,excluded_pattern,,
ethiopian cofee leaf dataset/train aug/Cerscospora/aug_0_1856.jpeg,Cercospora,excluded_pattern,,
ethiopian cofee leaf dataset/train aug/Cerscospora/aug_0_1865.jpeg,Cercospora,excluded_pattern,,
ethiopian cofee leaf dataset/train aug/Cerscospora/aug_0_1877.jpeg,Cercospora,excluded_pattern,,
ethiopian cofee leaf dataset/train aug/Cerscospora/aug_0_1878.jpeg,Cercospora,excluded_pattern,,
ethiopian cofee leaf dataset/train aug/Cerscospora/aug_0_1879.jpeg,Cercospora,excluded_pattern,,
ethiopian cofee leaf dataset/train aug/Cerscospora/aug_0_1881.jpeg,Cercospora,excluded_pattern,,
ethiopian cofee leaf dataset/train aug/Cerscospora/aug_0_1884.jpeg,Cercospora,excluded_pattern,,
ethiopian cofee leaf dataset/train aug/Cerscospora/aug_0_1891.jpeg,Cercospora,excluded_pattern,,
ethiopian cofee leaf dataset/train aug/Cerscospora/aug_0_1895.jpeg,Cercospora,excluded_pattern,,
ethiopian cofee leaf dataset/train aug/Cerscospora/aug_0_1897.jpeg,Cercospora,excluded_pattern,,
ethiopian cofee leaf dataset/train aug/Cerscospora/aug_0_1898.jpeg,Cercospora,excluded_pattern,,
ethiopian cofee leaf dataset/train aug/Cerscospora/aug_0_1902.jpeg,Cercospora,excluded_pattern,,
ethiopian cofee leaf dataset/train aug/Cerscospora/aug_0_1907.jpeg,Cercospora,excluded_pattern,,
ethiopian cofee leaf dataset/train aug/Cerscospora/aug_0_1909.jpeg,Cercospora,excluded_pattern,,
ethiopian cofee leaf dataset/train aug/Cerscospora/aug_0_1917.jpeg,Cercospora,excluded_pattern,,
ethiopian cofee leaf dataset/train aug/Cerscospora/aug_0_1918.jpeg,Cercospora,excluded_pattern,,
ethiopian cofee leaf dataset/train aug/Cerscospora/aug_0_192.jpeg,Cercospora,excluded_pattern,,
ethiopian cofee leaf dataset/train aug/Cerscospora/aug_0_1920.jpeg,Cercospora,excluded_pattern,,
ethiopian cofee leaf dataset/train aug/Cerscospora/aug_0_1922.jpeg,Cercospora,excluded_pattern,,
ethiopian cofee leaf dataset/train aug/Cerscospora/aug_0_1923.jpeg,Cercospora,excluded_pattern,,
ethiopian cofee leaf dataset/train aug/Cerscospora/aug_0_1926.jpeg,Cercospora,excluded_pattern,,
ethiopian cofee leaf dataset/train aug/Cerscospora/aug_0_1930.jpeg,Cercospora,excluded_pattern,,
ethiopian cofee leaf dataset/train aug/Cerscospora/aug_0_1936.jpeg,Cercospora,excluded_pattern,,
ethiopian cofee leaf dataset/train aug/Cerscospora/aug_0_1944.jpeg,Cercospora,excluded_pattern,,
ethiopian cofee leaf dataset/train aug/Cerscospora/aug_0_1945.jpeg,Cercospora,excluded_pattern,,
ethiopian cofee leaf dataset/train aug/Cerscospora/aug_0_1946.jpeg,Cercospora,excluded_pattern,,
ethiopian cofee leaf dataset/train aug/Cerscospora/aug_0_1947.jpeg,Cercospora,excluded_pattern,,
ethiopian cofee leaf dataset/train aug/Cerscospora/aug_0_1954.jpeg,Cercospora,excluded_pattern,,
ethiopian cofee leaf dataset/train aug/Cerscospora/aug_0_1961.jpeg,Cercospora,excluded_pattern,,
ethiopian cofee leaf dataset/train aug/Cerscospora/aug_0_1963.jpeg,Cercospora,excluded_pattern,,
ethiopian cofee leaf dataset/train aug/Cerscospora/aug_0_1968.jpeg,Cercospora,excluded_pattern,,
ethiopian cofee leaf dataset/train aug/Cerscospora/aug_0_1969.jpeg,Cercospora,excluded_pattern,,
ethiopian cofee leaf dataset/train aug/Cerscospora/aug_0_1971.jpeg,Cercospora,excluded_pattern,,
ethiopian cofee leaf dataset/train aug/Cerscospora/aug_0_1972.jpeg,Cercospora,excluded_pattern,,
ethiopian cofee leaf dataset/train aug/Cerscospora/aug_0_1974.jpeg,Cercospora,excluded_pattern,,
ethiopian cofee leaf dataset/train aug/Cerscospora/aug_0_1979.jpeg,Cercospora,excluded_pattern,,
ethiopian cofee leaf dataset/train aug/Cerscospora/aug_0_198.jpeg,Cercospora,excluded_pattern,,
ethiopian cofee leaf dataset/train aug/Cerscospora/aug_0_1987.jpeg,Cercospora,excluded_pattern,,
ethiopian cofee leaf dataset/train aug/Cerscospora/aug_0_1989.jpeg,Cercospora,excluded_pattern,,
ethiopian cofee leaf dataset/train aug/Cerscospora/aug_0_1990.jpeg,Cercospora,excluded_pattern,,
ethiopian cofee leaf dataset/train aug/Cerscospora/aug_0_1991.jpeg,Cercospora,excluded_pattern,,
ethiopian cofee leaf dataset/train aug/Cerscospora/aug_0_1993.jpeg,Cercospora,excluded_pattern,,
ethiopian cofee leaf dataset/train aug/Cerscospora/aug_0_1995.jpeg,Cercospora,excluded_pattern,,
ethiopian cofee leaf dataset/train aug/Cerscospora/aug_0_2001.jpeg,Cercospora,excluded_pattern,,
ethiopian cofee leaf dataset/train aug/Cerscospora/aug_0_2006.jpeg,Cercospora,excluded_pattern,,
ethiopian cofee leaf dataset/train aug/Cerscospora/aug_0_2012.jpeg,Cercospora,excluded_pattern,,
ethiopian cofee leaf dataset/train aug/Cerscospora/aug_0_2013.jpeg,Cercospora,excluded_pattern,,
ethiopian cofee leaf dataset/train aug/Cerscospora/aug_0_2015.jpeg,Cercospora,excluded_pattern,,
ethiopian cofee leaf dataset/train aug/Cerscospora/aug_0_2018.jpeg,Cercospora,excluded_pattern,,
ethiopian cofee leaf dataset/train aug/Cerscospora/aug_0_202.jpeg,Cercospora,excluded_pattern,,
ethiopian cofee leaf dataset/train aug/Cerscospora/aug_0_2024.jpeg,Cercospora,excluded_pattern,,
ethiopian cofee leaf dataset/train aug/Cerscospora/aug_0_2025.jpeg,Cercospora,excluded_pattern,,
ethiopian cofee leaf dataset/train aug/Cerscospora/aug_0_2027.jpeg,Cercospora,excluded_pattern,,
ethiopian cofee leaf dataset/train aug/Cerscospora/aug_0_2028.jpeg,Cercospora,excluded_pattern,,
ethiopian cofee leaf dataset/train aug/Cerscospora/aug_0_2029.jpeg,Cercospora,excluded_pattern,,
ethiopian cofee leaf dataset/train aug/Cerscospora/aug_0_203.jpeg,Cercospora,excluded_pattern,,
ethiopian cofee leaf dataset/train aug/Cerscospora/aug_0_2031.jpeg,Cercospora,excluded_pattern,,
ethiopian cofee leaf dataset/train aug/Cerscospora/aug_0_2032.jpeg,Cercospora,excluded_pattern,,
ethiopian cofee leaf dataset/train aug/Cerscospora/aug_0_2043.jpeg,Cercospora,excluded_pattern,,
ethiopian cofee leaf dataset/train aug/Cerscospora/aug_0_2044.jpeg,Cercospora,excluded_pattern,,
ethiopian cofee leaf dataset/train aug/Cerscospora/aug_0_2049.jpeg,Cercospora,excluded_pattern,,
ethiopian cofee leaf dataset/train aug/Cerscospora/aug_0_2051.jpeg,Cercospora,excluded_pattern,,
ethiopian cofee leaf dataset/train aug/Cerscospora/aug_0_2053.jpeg,Cercospora,excluded_pattern,,
ethiopian cofee leaf dataset/train aug/Cerscospora/aug_0_2060.jpeg,Cercospora,excluded_pattern,,
ethiopian cofee leaf dataset/train aug/Cerscospora/aug_0_2064.jpeg,Cercospora,excluded_pattern,,
ethiopian cofee leaf dataset/train aug/Cerscospora/aug_0_2069.jpeg,Cercospora,excluded_pattern,,
ethiopian cofee leaf dataset/train aug/Cerscospora/aug_0_2070.jpeg,Cercospora,excluded_pattern,,
ethiopian cofee leaf dataset/train aug/Cerscospora/aug_0_2073.jpeg,Cercospora,excluded_pattern,,
ethiopian cofee leaf dataset/train aug/Cerscospora/aug_0_2079.jpeg,Cercospora,excluded_pattern,,
ethiopian cofee leaf dataset/train aug/Cerscospora/aug_0_2080.jpeg,Cercospora,excluded_pattern,,
ethiopian cofee leaf dataset/train aug/Cerscospora/aug_0_2082.jpeg,Cercospora,excluded_pattern,,
ethiopian cofee leaf dataset/train aug/Cerscospora/aug_0_2088.jpeg,Cercospora,excluded_pattern,,
ethiopian cofee leaf dataset/train aug/Cerscospora/aug_0_2089.jpeg,Cercospora,excluded_pattern,,
ethiopian cofee leaf dataset/train aug/Cerscospora/aug_0_2091.jpeg,Cercospora,excluded_pattern,,
ethiopian cofee leaf dataset/train aug/Cerscospora/aug_0_2093.jpeg,Cercospora,excluded_pattern,,
ethiopian cofee leaf dataset/train aug/Cerscospora/aug_0_210.jpeg,Cercospora,excluded_pattern,,
ethiopian cofee leaf dataset/train aug/Cerscospora/aug_0_2100.jpeg,Cercospora,excluded_pattern,,
ethiopian cofee leaf dataset/train aug/Cerscospora/aug_0_2105.jpeg,Cercospora,excluded_pattern,,
ethiopian cofee leaf dataset/train aug/Cerscospora/aug_0_2107.jpeg,Cercospora,excluded_pattern,,
ethiopian cofee leaf dataset/train aug/Cerscospora/aug_0_2108.jpeg,Cercospora,excluded_pattern,,
ethiopian cofee leaf dataset/train aug/Cerscospora/aug_0_2112.jpeg,Cercospora,excluded_pattern,,
ethiopian cofee leaf dataset/train aug/Cerscospora/aug_0_2117.jpeg,Cercospora,excluded_pattern,,
ethiopian cofee leaf dataset/train aug/Cerscospora/aug_0_2118.jpeg,Cercospora,excluded_pattern,,
ethiopian cofee leaf dataset/train aug/Cerscospora/aug_0_2121.jpeg,Cercospora,excluded_pattern,,
ethiopian cofee leaf dataset/train aug/Cerscospora/aug_0_2124.jpeg,Cercospora,excluded_pattern,,
ethiopian cofee leaf dataset/train aug/Cerscospora/aug_0_2129.jpeg,Cercospora,excluded_pattern,,
ethiopian cofee leaf dataset/train aug/Cerscospora/aug_0_213.jpeg,Cercospora,excluded_pattern,,
ethiopian cofee leaf dataset/train aug/Cerscospora/aug_0_2130.jpeg,Cercospora,excluded_pattern,,
ethiopian cofee leaf dataset/train aug/Cerscospora/aug_0_2138.jpeg,Cercospora,excluded_pattern,,
ethiopian cofee leaf dataset/train aug/Cerscospora/aug_0_2139.jpeg,Cercospora,excluded_pattern,,
ethiopian cofee leaf dataset/train aug/Cerscospora/aug_0_2149.jpeg,Cercospora,excluded_pattern,,
ethiopian cofee leaf dataset/train aug/Cerscospora/aug_0_2152.jpeg,Cercospora,excluded_pattern,,
ethiopian cofee leaf dataset/train aug/Cerscospora/aug_0_2159.jpeg,Cercospora,excluded_pattern,,
ethiopian cofee leaf dataset/train aug/Cerscospora/aug_0_216.jpeg,Cercospora,excluded_pattern,,
ethiopian cofee leaf dataset/train aug/Cerscospora/aug_0_2162.jpeg,Cercospora,excluded_pattern,,
ethiopian cofee leaf dataset/train aug/Cerscospora/aug_0_2164.jpeg,Cercospora,excluded_pattern,,
ethiopian cofee leaf dataset/train aug/Cerscospora/aug_0_2165.jpeg,Cercospora,excluded_pattern,,
ethiopian cofee leaf dataset/train aug/Cerscospora/aug_0_2166.jpeg,Cercospora,excluded_pattern,,
ethiopian cofee leaf dataset/train aug/Cerscospora/aug_0_2167.jpeg,Cercospora,excluded_pattern,,
ethiopian cofee leaf dataset/train aug/Cerscospora/aug_0_217.jpeg,Cercospora,excluded_pattern,,
ethiopian cofee leaf dataset/train aug/Cerscospora/aug_0_2173.jpeg,Cercospora,excluded_pattern,,
ethiopian cofee leaf dataset/train aug/Cerscospora/aug_0_2177.jpeg,Cercospora,excluded_pattern,,
ethiopian cofee leaf dataset/train aug/Cerscospora/aug_0_2180.jpeg,Cercospora,excluded_pattern,,
ethiopian cofee leaf dataset/train aug/Cerscospora/aug_0_2181.jpeg,Cercospora,excluded_pattern,,
ethiopian cofee leaf dataset/train aug/Cerscospora/aug_0_2182.jpeg,Cercospora,excluded_pattern,,
ethiopian cofee leaf dataset/train aug/Cerscospora/aug_0_2183.jpeg,Cercospora,excluded_pattern,,
ethiopian cofee leaf dataset/train aug/Cerscospora/aug_0_2186.jpeg,Cercospora,excluded_pattern,,
ethiopian cofee leaf dataset/train aug/Cerscospora/aug_0_2187.jpeg,Cercospora,excluded_pattern,,
ethiopian cofee leaf dataset/train aug/Cerscospora/aug_0_2188.jpeg,Cercospora,excluded_pattern,,
ethiopian cofee leaf dataset/train aug/Cerscospora/aug_0_2195.jpeg,Cercospora,excluded_pattern,,
ethiopian cofee leaf dataset/train aug/Cerscospora/aug_0_2196.jpeg,Cercospora,excluded_pattern,,
ethiopian cofee leaf dataset/train aug/Cerscospora/aug_0_2204.jpeg,Cercospora,excluded_pattern,,
ethiopian cofee leaf dataset/train aug/Cerscospora/aug_0_2206.jpeg,Cercospora,excluded_pattern,,
ethiopian cofee leaf dataset/train aug/Cerscospora/aug_0_221.jpeg,Cercospora,excluded_pattern,,
ethiopian cofee leaf dataset/train aug/Cerscospora/aug_0_2210.jpeg,Cercospora,excluded_pattern,,
ethiopian cofee leaf dataset/train aug/Cerscospora/aug_0_2216.jpeg,Cercospora,excluded_pattern,,
ethiopian cofee leaf dataset/train aug/Cerscospora/aug_0_2217.jpeg,Cercospora,excluded_pattern,,
ethiopian cofee leaf dataset/train aug/Cerscospora/aug_0_2218.jpeg,Cercospora,excluded_pattern,,
ethiopian cofee leaf dataset/train aug/Cerscospora/aug_0_2223.jpeg,Cercospora,excluded_pattern,,
ethiopian cofee leaf dataset/train aug/Cerscospora/aug_0_2236.jpeg,Cercospora,excluded_pattern,,
ethiopian cofee leaf dataset/train aug/Cerscospora/aug_0_2237.jpeg,Cercospora,excluded_pattern,,
ethiopian cofee leaf dataset/train aug/Cerscospora/aug_0_2249.jpeg,Cercospora,excluded_pattern,,
ethiopian cofee leaf dataset/train aug/Cerscospora/aug_0_2254.jpeg,Cercospora,excluded_pattern,,
ethiopian cofee leaf dataset/train aug/Cerscospora/aug_0_2255.jpeg,Cercospora,excluded_pattern,,
ethiopian cofee leaf dataset/train aug/Cerscospora/aug_0_2259.jpeg,Cercospora,excluded_pattern,,
ethiopian cofee leaf dataset/train aug/Cerscospora/aug_0_226.jpeg,Cercospora,excluded_pattern,,
ethiopian cofee leaf dataset/train aug/Cerscospora/aug_0_2265.jpeg,Cercospora,excluded_pattern,,
ethiopian cofee leaf dataset/train aug/Cerscospora/aug_0_2266.jpeg,Cercospora,excluded_pattern,,
ethiopian cofee leaf dataset/train aug/Cerscospora/aug_0_2269.jpeg,Cercospora,excluded_pattern,,
ethiopian cofee leaf dataset/train aug/Cerscospora/aug_0_2271.jpeg,Cercospora,excluded_pattern,,
ethiopian cofee leaf dataset/train aug/Cerscospora/aug_0_2277.jpeg,Cercospora,excluded_pattern,,
ethiopian cofee leaf dataset/train aug/Cerscospora/aug_0_228.jpeg,Cercospora,excluded_pattern,,
ethiopian cofee leaf dataset/train aug/Cerscospora/aug_0_2287.jpeg,Cercospora,excluded_pattern,,
ethiopian cofee leaf dataset/train aug/Cerscospora/aug_0_2295.jpeg,Cercospora,excluded_pattern,,
ethiopian cofee leaf dataset/train aug/Cerscospora/aug_0_2297.jpeg,Cercospora,excluded_pattern,,
ethiopian cofee leaf dataset/train aug/Cerscospora/aug_0_23.jpeg,Cercospora,excluded_pattern,,
ethiopian cofee leaf dataset/train aug/Cerscospora/aug_0_230.jpeg,Cercospora,excluded_pattern,,
ethiopian cofee leaf dataset/train aug/Cerscospora/aug_0_2300.jpeg,Cercospora,excluded_pattern,,
ethiopian cofee leaf dataset/train aug/Cerscospora/aug_0_2301.jpeg,Cercospora,excluded_pattern,,
ethiopian cofee leaf dataset/train aug/Cerscospora/aug_0_2304.jpeg,Cercospora,excluded_pattern,,
ethiopian cofee leaf dataset/train aug/Cerscospora/aug_0_2308.jpeg,Cercospora,excluded_pattern,,
ethiopian cofee leaf dataset/train aug/Cerscospora/aug_0_231.jpeg,Cercospora,excluded_pattern,,
ethiopian cofee leaf dataset/train aug/Cerscospora/aug_0_2310.jpeg,Cercospora,excluded_pattern,,
ethiopian cofee leaf dataset/train aug/Cerscospora/aug_0_2320.jpeg,Cercospora,excluded_pattern,,
ethiopian cofee leaf dataset/train aug/Cerscospora/aug_0_2321.jpeg,Cercospora,excluded_pattern,,
ethiopian cofee leaf dataset/train aug/Cerscospora/aug_0_2338.jpeg,Cercospora,excluded_pattern,,
ethiopian cofee leaf dataset/train aug/Cerscospora/aug_0_2339.jpeg,Cercospora,excluded_pattern,,
ethiopian cofee leaf dataset/train aug/Cerscospora/aug_0_2341.jpeg,Cercospora,excluded_pattern,,
ethiopian cofee leaf dataset/train aug/Cerscospora/aug_0_2342.jpeg,Cercospora,excluded_pattern,,
ethiopian cofee leaf dataset/train aug/Cerscospora/aug_0_2345.jpeg,Cercospora,excluded_pattern,,
ethiopian cofee leaf dataset/train aug/Cerscospora/aug_0_2348.jpeg,Cercospora,excluded_pattern,,
ethiopian cofee leaf dataset/train aug/Cerscospora/aug_0_2349.jpeg,Cercospora,excluded_pattern,,
ethiopian cofee leaf dataset/train aug/Cerscospora/aug_0_2351.jpeg,Cercospora,excluded_pattern,,
ethiopian cofee leaf dataset/train aug/Cerscospora/aug_0_2358.jpeg,Cercospora,excluded_pattern,,
ethiopian cofee leaf dataset/train aug/Cerscospora/aug_0_2364.jpeg,Cercospora,excluded_pattern,,
ethiopian cofee leaf dataset/train aug/Cerscospora/aug_0_2365.jpeg,Cercospora,excluded_pattern,,
ethiopian cofee leaf dataset/train aug/Cerscospora/aug_0_2372.jpeg,Cercospora,excluded_pattern,,
ethiopian cofee leaf dataset/train aug/Cerscospora/aug_0_2374.jpeg,Cercospora,excluded_pattern,,
ethiopian cofee leaf dataset/train aug/Cerscospora/aug_0_2377.jpeg,Cercospora,excluded_pattern,,
ethiopian cofee leaf dataset/train aug/Cerscospora/aug_0_238.jpeg,Cercospora,excluded_pattern,,
ethiopian cofee leaf dataset/train aug/Cerscospora/aug_0_2380.jpeg,Cercospora,excluded_pattern,,
ethiopian cofee leaf dataset/train aug/Cerscospora/aug_0_2383.jpeg,Cercospora,excluded_pattern,,
ethiopian cofee leaf dataset/train aug/Cerscospora/aug_0_2385.jpeg,Cercospora,excluded_pattern,,
ethiopian cofee leaf dataset/train aug/Cerscospora/aug_0_2389.jpeg,Cercospora,excluded_pattern,,
ethiopian cofee leaf dataset/train aug/Cerscospora/aug_0_239.jpeg,Cercospora,excluded_pattern,,
ethiopian cofee leaf dataset/train aug/Cerscospora/aug_0_2398.jpeg,Cercospora,excluded_pattern,,
ethiopian cofee leaf dataset/train aug/Cerscospora/aug_0_2399.jpeg,Cercospora,excluded_pattern,,
ethiopian cofee leaf dataset/train aug/Cerscospora/aug_0_24.jpeg,Cercospora,excluded_pattern,,
ethiopian cofee leaf dataset/train aug/Cerscospora/aug_0_2402.jpeg,Cercospora,excluded_pattern,,
ethiopian cofee leaf dataset/train aug/Cerscospora/aug_0_2404.jpeg,Cercospora,excluded_pattern,,
ethiopian cofee leaf dataset/train aug/Cerscospora/aug_0_241.jpeg,Cercospora,excluded_pattern,,
ethiopian cofee leaf dataset/train aug/Cerscospora/aug_0_2414.jpeg,Cercospora,excluded_pattern,,
ethiopian cofee leaf dataset/train aug/Cerscospora/aug_0_2416.jpeg,Cercospora,excluded_pattern,,
ethiopian cofee leaf dataset/train aug/Cerscospora/aug_0_2418.jpeg,Cercospora,excluded_pattern,,
ethiopian cofee leaf dataset/train aug/Cerscospora/aug_0_2422.jpeg,Cercospora,excluded_pattern,,
ethiopian cofee leaf dataset/train aug/Cerscospora/aug_0_2425.jpeg,Cercospora,excluded_pattern,,
ethiopian cofee leaf dataset/train aug/Cerscospora/aug_0_2432.jpeg,Cercospora,excluded_pattern,,
ethiopian cofee leaf dataset/train aug/Cerscospora/aug_0_2433.jpeg,Cercospora,excluded_pattern,,
ethiopian cofee leaf dataset/train aug/Cerscospora/aug_0_2434.jpeg,Cercospora,excluded_pattern,,
ethiopian cofee leaf dataset/train aug/Cerscospora/aug_0_2438.jpeg,Cercospora,excluded_pattern,,
ethiopian cofee leaf dataset/train aug/Cerscospora/aug_0_244.jpeg,Cercospora,excluded_pattern,,
ethiopian cofee leaf dataset/train aug/Cerscospora/aug_0_2440.jpeg,Cercospora,excluded_pattern,,
ethiopian cofee leaf dataset/train aug/Cerscospora/aug_0_2443.jpeg,Cercospora,excluded_pattern,,
ethiopian cofee leaf dataset/train aug/Cerscospora/aug_0_2451.jpeg,Cercospora,excluded_pattern,,
ethiopian cofee leaf dataset/train aug/Cerscospora/aug_0_2454.jpeg,Cercospora,excluded_pattern,,
ethiopian cofee leaf dataset/train aug/Cerscospora/aug_0_2455.jpeg,Cercospora,excluded_pattern,,
ethiopian cofee leaf dataset/train aug/Cerscospora/aug_0_2463.jpeg,Cercospora,excluded_pattern,,
ethiopian cofee leaf dataset/train aug/Cerscospora/aug_0_2467.jpeg,Cercospora,excluded_pattern,,
ethiopian cofee leaf dataset/train aug/Cerscospora/aug_0_247.jpeg,Cercospora,excluded_pattern,,
ethiopian cofee leaf dataset/train aug/Cerscospora/aug_0_2482.jpeg,Cercospora,excluded_pattern,,
ethiopian cofee leaf dataset/train aug/Cerscospora/aug_0_2485.jpeg,Cercospora,excluded_pattern,,
ethiopian cofee leaf dataset/train aug/Cerscospora/aug_0_2488.jpeg,Cercospora,excluded_pattern,,
ethiopian cofee leaf dataset/train aug/Cerscospora/aug_0_2491.jpeg,Cercospora,excluded_pattern,,
ethiopian cofee leaf dataset/train aug/Cerscospora/aug_0_2494.jpeg,Cercospora,excluded_pattern,,
ethiopian cofee leaf dataset/train aug/Cerscospora/aug_0_2498.jpeg,Cercospora,excluded_pattern,,
ethiopian cofee leaf dataset/train aug/Cerscospora/aug_0_2501.jpeg,Cercospora,excluded_pattern,,
ethiopian cofee leaf dataset/train aug/Cerscospora/aug_0_2504.jpeg,Cercospora,excluded_pattern,,
ethiopian cofee leaf dataset/train aug/Cerscospora/aug_0_2506.jpeg,Cercospora,excluded_pattern,,
ethiopian cofee leaf dataset/train aug/Cerscospora/aug_0_2510.jpeg,Cercospora,excluded_pattern,,
ethiopian cofee leaf dataset/train aug/Cerscospora/aug_0_2519.jpeg,Cercospora,excluded_pattern,,
ethiopian cofee leaf dataset/train aug/Cerscospora/aug_0_252.jpeg,Cercospora,excluded_pattern,,
ethiopian cofee leaf dataset/train aug/Cerscospora/aug_0_2520.jpeg,Cercospora,excluded_pattern,,
ethiopian cofee leaf dataset/train aug/Cerscospora/aug_0_2526.jpeg,Cercospora,excluded_pattern,,
ethiopian cofee leaf dataset/train aug/Cerscospora/aug_0_2529.jpeg,Cercospora,excluded_pattern,,
ethiopian cofee leaf dataset/train aug/Cerscospora/aug_0_2537.jpeg,Cercospora,excluded_pattern,,
ethiopian cofee leaf dataset/train aug/Cerscospora/aug_0_2540.jpeg,Cercospora,excluded_pattern,,
ethiopian cofee leaf dataset/train aug/Cerscospora/aug_0_2544.jpeg,Cercospora,excluded_pattern,,
ethiopian cofee leaf dataset/train aug/Cerscospora/aug_0_2546.jpeg,Cercospora,excluded_pattern,,
ethiopian cofee leaf dataset/train aug/Cerscospora/aug_0_2553.jpeg,Cercospora,excluded_pattern,,
ethiopian cofee leaf dataset/train aug/Cerscospora/aug_0_2561.jpeg,Cercospora,excluded_pattern,,
ethiopian cofee leaf dataset/train aug/Cerscospora/aug_0_2566.jpeg,Cercospora,excluded_pattern,,
ethiopian cofee leaf dataset/train aug/Cerscospora/aug_0_2573.jpeg,Cercospora,excluded_pattern,,
ethiopian cofee leaf dataset/train aug/Cerscospora/aug_0_2576.jpeg,Cercospora,excluded_pattern,,
ethiopian cofee leaf dataset/train aug/Cerscospora/aug_0_258.jpeg,Cercospora,excluded_pattern,,
ethiopian cofee leaf dataset/train aug/Cerscospora/aug_0_2581.jpeg,Cercospora,excluded_pattern,,
ethiopian cofee leaf dataset/train aug/Cerscospora/aug_0_2588.jpeg,Cercospora,excluded_pattern,,
ethiopian cofee leaf dataset/train aug/Cerscospora/aug_0_2589.jpeg,Cercospora,excluded_pattern,,
ethiopian cofee leaf dataset/train aug/Cerscospora/aug_0_259.jpeg,Cercospora,excluded_pattern,,
ethiopian cofee leaf dataset/train aug/Cerscospora/aug_0_2592.jpeg,Cercospora,excluded_pattern,,
ethiopian cofee leaf dataset/train aug/Cerscospora/aug_0_2593.jpeg,Cercospora,excluded_pattern,,
ethiopian cofee leaf dataset/train aug/Cerscospora/aug_0_2599.jpeg,Cercospora,excluded_pattern,,
ethiopian cofee leaf dataset/train aug/Cerscospora/aug_0_26.jpeg,Cercospora,excluded_pattern,,
ethiopian cofee leaf dataset/train aug/Cerscospora/aug_0_260.jpeg,Cercospora,excluded_pattern,,
ethiopian cofee leaf dataset/train aug/Cerscospora/aug_0_2600.jpeg,Cercospora,excluded_pattern,,
ethiopian cofee leaf dataset/train aug/Cerscospora/aug_0_2601.jpeg,Cercospora,excluded_pattern,,
ethiopian cofee leaf dataset/train aug/Cerscospora/aug_0_2608.jpeg,Cercospora,excluded_pattern,,
ethiopian cofee leaf dataset/train aug/Cerscospora/aug_0_2613.jpeg,Cercospora,excluded_pattern,,
ethiopian cofee leaf dataset/train aug/Cerscospora/aug_0_2620.jpeg,Cercospora,excluded_pattern,,
ethiopian cofee leaf dataset/train aug/Cerscospora/aug_0_2621.jpeg,Cercospora,excluded_pattern,,
ethiopian cofee leaf dataset/train aug/Cerscospora/aug_0_2625.jpeg,Cercospora,excluded_pattern,,
ethiopian cofee leaf dataset/train aug/Cerscospora/aug_0_2630.jpeg,Cercospora,excluded_pattern,,
ethiopian cofee leaf dataset/train aug/Cerscospora/aug_0_2632.jpeg,Cercospora,excluded_pattern,,
ethiopian cofee leaf dataset/train aug/Cerscospora/aug_0_2633.jpeg,Cercospora,excluded_pattern,,
ethiopian cofee leaf dataset/train aug/Cerscospora/aug_0_2636.jpeg,Cercospora,excluded_pattern,,
ethiopian cofee leaf dataset/train aug/Cerscospora/aug_0_2644.jpeg,Cercospora,excluded_pattern,,
ethiopian cofee leaf dataset/train aug/Cerscospora/aug_0_2645.jpeg,Cercospora,excluded_pattern,,
ethiopian cofee leaf dataset/train aug/Cerscospora/aug_0_2646.jpeg,Cercospora,excluded_pattern,,
ethiopian cofee leaf dataset/train aug/Cerscospora/aug_0_2649.jpeg,Cercospora,excluded_pattern,,
ethiopian cofee leaf dataset/train aug/Cerscospora/aug_0_2653.jpeg,Cercospora,excluded_pattern,,
ethiopian cofee leaf dataset/train aug/Cerscospora/aug_0_2658.jpeg,Cercospora,excluded_pattern,,
ethiopian cofee leaf dataset/train aug/Cerscospora/aug_0_266.jpeg,Cercospora,excluded_pattern,,
ethiopian cofee leaf dataset/train aug/Cerscospora/aug_0_2663.jpeg,Cercospora,excluded_pattern,,
ethiopian cofee leaf dataset/train aug/Cerscospora/aug_0_2666.jpeg,Cercospora,excluded_pattern,,
ethiopian cofee leaf dataset/train aug/Cerscospora/aug_0_2670.jpeg,Cercospora,excluded_pattern,,
ethiopian cofee leaf dataset/train aug/Cerscospora/aug_0_2671.jpeg,Cercospora,excluded_pattern,,
ethiopian cofee leaf dataset/train aug/Cerscospora/aug_0_2672.jpeg,Cercospora,excluded_pattern,,
ethiopian cofee leaf dataset/train aug/Cerscospora/aug_0_2674.jpeg,Cercospora,excluded_pattern,,
ethiopian cofee leaf dataset/train aug/Cerscospora/aug_0_2677.jpeg,Cercospora,excluded_pattern,,
ethiopian cofee leaf dataset/train aug/Cerscospora/aug_0_268.jpeg,Cercospora,excluded_pattern,,
ethiopian cofee leaf dataset/train aug/Cerscospora/aug_0_2684.jpeg,Cercospora,excluded_pattern,,
ethiopian cofee leaf dataset/train aug/Cerscospora/aug_0_2685.jpeg,Cercospora,excluded_pattern,,
ethiopian cofee leaf dataset/train aug/Cerscospora/aug_0_2686.jpeg,Cercospora,excluded_pattern,,
ethiopian cofee leaf dataset/train aug/Cerscospora/aug_0_2687.jpeg,Cercospora,excluded_pattern,,
ethiopian cofee leaf dataset/train aug/Cerscospora/aug_0_2688.jpeg,Cercospora,excluded_pattern,,
ethiopian cofee leaf dataset/train aug/Cerscospora/aug_0_2689.jpeg,Cercospora,excluded_pattern,,
ethiopian cofee leaf dataset/train aug/Cerscospora/aug_0_269.jpeg,Cercospora,excluded_pattern,,
ethiopian cofee leaf dataset/train aug/Cerscospora/aug_0_2695.jpeg,Cercospora,excluded_pattern,,
ethiopian cofee leaf dataset/train aug/Cerscospora/aug_0_2696.jpeg,Cercospora,excluded_pattern,,
ethiopian cofee leaf dataset/train aug/Cerscospora/aug_0_2700.jpeg,Cercospora,excluded_pattern,,
ethiopian cofee leaf dataset/train aug/Cerscospora/aug_0_2701.jpeg,Cercospora,excluded_pattern,,
ethiopian cofee leaf dataset/train aug/Cerscospora/aug_0_2706.jpeg,Cercospora,excluded_pattern,,
ethiopian cofee leaf dataset/train aug/Cerscospora/aug_0_2713.jpeg,Cercospora,excluded_pattern,,
ethiopian cofee leaf dataset/train aug/Cerscospora/aug_0_2715.jpeg,Cercospora,excluded_pattern,,
ethiopian cofee leaf dataset/train aug/Cerscospora/aug_0_2716.jpeg,Cercospora,excluded_pattern,,
ethiopian cofee leaf dataset/train aug/Cerscospora/aug_0_2722.jpeg,Cercospora,excluded_pattern,,
ethiopian cofee leaf dataset/train aug/Cerscospora/aug_0_2726.jpeg,Cercospora,excluded_pattern,,
ethiopian cofee leaf dataset/train aug/Cerscospora/aug_0_2737.jpeg,Cercospora,excluded_pattern,,
ethiopian cofee leaf dataset/train aug/Cerscospora/aug_0_2742.jpeg,Cercospora,excluded_pattern,,
ethiopian cofee leaf dataset/train aug/Cerscospora/aug_0_2743.jpeg,Cercospora,excluded_pattern,,
ethiopian cofee leaf dataset/train aug/Cerscospora/aug_0_2749.jpeg,Cercospora,excluded_pattern,,
ethiopian cofee leaf dataset/train aug/Cerscospora/aug_0_2757.jpeg,Cercospora,excluded_pattern,,
ethiopian cofee leaf dataset/train aug/Cerscospora/aug_0_2759.jpeg,Cercospora,excluded_pattern,,
ethiopian cofee leaf dataset/train aug/Cerscospora/aug_0_2761.jpeg,Cercospora,excluded_pattern,,
ethiopian cofee leaf dataset/train aug/Cerscospora/aug_0_2762.jpeg,Cercospora,excluded_pattern,,
ethiopian cofee leaf dataset/train aug/Cerscospora/aug_0_2766.jpeg,Cercospora,excluded_pattern,,
ethiopian cofee leaf dataset/train aug/Cerscospora/aug_0_2772.jpeg,Cercospora,excluded_pattern,,
ethiopian cofee leaf dataset/train aug/Cerscospora/aug_0_2773.jpeg,Cercospora,excluded_pattern,,
ethiopian cofee leaf dataset/train aug/Cerscospora/aug_0_2776.jpeg,Cercospora,excluded_pattern,,
ethiopian cofee leaf dataset/train aug/Cerscospora/aug_0_2782.jpeg,Cercospora,excluded_pattern,,
ethiopian cofee leaf dataset/train aug/Cerscospora/aug_0_2785.jpeg,Cercospora,excluded_pattern,,
ethiopian cofee leaf dataset/train aug/Cerscospora/aug_0_280.jpeg,Cercospora,excluded_pattern,,
ethiopian cofee leaf dataset/train aug/Cerscospora/aug_0_2805.jpeg,Cercospora,excluded_pattern,,
ethiopian cofee leaf dataset/train aug/Cerscospora/aug_0_2807.jpeg,Cercospora,excluded_pattern,,
ethiopian cofee leaf dataset/train aug/Cerscospora/aug_0_2812.jpeg,Cercospora,excluded_pattern,,
ethiopian cofee leaf dataset/train aug/Cerscospora/aug_0_2813.jpeg,Cercospora,excluded_pattern,,
ethiopian cofee leaf dataset/train aug/Cerscospora/aug_0_2818.jpeg,Cercospora,excluded_pattern,,
ethiopian cofee leaf dataset/train aug/Cerscospora/aug_0_282.jpeg,Cercospora,excluded_pattern,,
ethiopian cofee leaf dataset/train aug/Cerscospora/aug_0_2821.jpeg,Cercospora,excluded_pattern,,
ethiopian cofee leaf dataset/train aug/Cerscospora/aug_0_2824.jpeg,Cercospora,excluded_pattern,,
ethiopian cofee leaf dataset/train aug/Cerscospora/aug_0_2826.jpeg,Cercospora,excluded_pattern,,
ethiopian cofee leaf dataset/train aug/Cerscospora/aug_0_2828.jpeg,Cercospora,excluded_pattern,,
ethiopian cofee leaf dataset/train aug/Cerscospora/aug_0_2831.jpeg,Cercospora,excluded_pattern,,
ethiopian cofee leaf dataset/train aug/Cerscospora/aug_0_2833.jpeg,Cercospora,excluded_pattern,,
ethiopian cofee leaf dataset/train aug/Cerscospora/aug_0_284.jpeg,Cercospora,excluded_pattern,,
ethiopian cofee leaf dataset/train aug/Cerscospora/aug_0_2841.jpeg,Cercospora,excluded_pattern,,
ethiopian cofee leaf dataset/train aug/Cerscospora/aug_0_2843.jpeg,Cercospora,excluded_pattern,,
ethiopian cofee leaf dataset/train aug/Cerscospora/aug_0_2844.jpeg,Cercospora,excluded_pattern,,
ethiopian cofee leaf dataset/train aug/Cerscospora/aug_0_2849.jpeg,Cercospora,excluded_pattern,,
ethiopian cofee leaf dataset/train aug/Cerscospora/aug_0_2852.jpeg,Cercospora,excluded_pattern,,
ethiopian cofee leaf dataset/train aug/Cerscospora/aug_0_2859.jpeg,Cercospora,excluded_pattern,,
ethiopian cofee leaf dataset/train aug/Cerscospora/aug_0_2860.jpeg,Cercospora,excluded_pattern,,
ethiopian cofee leaf dataset/train aug/Cerscospora/aug_0_2861.jpeg,Cercospora,excluded_pattern,,
ethiopian cofee leaf dataset/train aug/Cerscospora/aug_0_2862.jpeg,Cercospora,excluded_pattern,,
ethiopian cofee leaf dataset/train aug/Cerscospora/aug_0_2864.jpeg,Cercospora,excluded_pattern,,
ethiopian cofee leaf dataset/train aug/Cerscospora/aug_0_2874.jpeg,Cercospora,excluded_pattern,,
ethiopian cofee leaf dataset/train aug/Cerscospora/aug_0_2876.jpeg,Cercospora,excluded_pattern,,
ethiopian cofee leaf dataset/train aug/Cerscospora/aug_0_2877.jpeg,Cercospora,excluded_pattern,,
ethiopian cofee leaf dataset/train aug/Cerscospora/aug_0_288.jpeg,Cercospora,excluded_pattern,,
ethiopian cofee leaf dataset/train aug/Cerscospora/aug_0_2889.jpeg,Cercospora,excluded_pattern,,
ethiopian cofee leaf dataset/train aug/Cerscospora/aug_0_2890.jpeg,Cercospora,excluded_pattern,,
ethiopian cofee leaf dataset/train aug/Cerscospora/aug_0_2891.jpeg,Cercospora,excluded_pattern,,
ethiopian cofee leaf dataset/train aug/Cerscospora/aug_0_2892.jpeg,Cercospora,excluded_pattern,,
ethiopian cofee leaf dataset/train aug/Cerscospora/aug_0_2895.jpeg,Cercospora,excluded_pattern,,
ethiopian cofee leaf dataset/train aug/Cerscospora/aug_0_2907.jpeg,Cercospora,excluded_pattern,,
ethiopian cofee leaf dataset/train aug/Cerscospora/aug_0_2912.jpeg,Cercospora,excluded_pattern,,
ethiopian cofee leaf dataset/train aug/Cerscospora/aug_0_2916.jpeg,Cercospora,excluded_pattern,,
ethiopian cofee leaf dataset/train aug/Cerscospora/aug_0_2920.jpeg,Cercospora,excluded_pattern,,
ethiopian cofee leaf dataset/train aug/Cerscospora/aug_0_2921.jpeg,Cercospora,excluded_pattern,,
ethiopian cofee leaf dataset/train aug/Cerscospora/aug_0_2922.jpeg,Cercospora,excluded_pattern,,
ethiopian cofee leaf dataset/train aug/Cerscospora/aug_0_2925.jpeg,Cercospora,excluded_pattern,,
ethiopian cofee leaf dataset/train aug/Cerscospora/aug_0_2927.jpeg,Cercospora,excluded_pattern,,
ethiopian cofee leaf dataset/train aug/Cerscospora/aug_0_2931.jpeg,Cercospora,excluded_pattern,,
ethiopian cofee leaf dataset/train aug/Cerscospora/aug_0_2932.jpeg,Cercospora,excluded_pattern,,
ethiopian cofee leaf dataset/train aug/Cerscospora/aug_0_2936.jpeg,Cercospora,excluded_pattern,,
ethiopian cofee leaf dataset/train aug/Cerscospora/aug_0_2937.jpeg,Cercospora,excluded_pattern,,
ethiopian cofee leaf dataset/train aug/Cerscospora/aug_0_294.jpeg,Cercospora,excluded_pattern,,
ethiopian cofee leaf dataset/train aug/Cerscospora/aug_0_2944.jpeg,Cercospora,excluded_pattern,,
ethiopian cofee leaf dataset/train aug/Cerscospora/aug_0_2945.jpeg,Cercospora,excluded_pattern,,
ethiopian cofee leaf dataset/train aug/Cerscospora/aug_0_2949.jpeg,Cercospora,excluded_pattern,,
ethiopian cofee leaf dataset/train aug/Cerscospora/aug_0_2950.jpeg,Cercospora,excluded_pattern,,
ethiopian cofee leaf dataset/train aug/Cerscospora/aug_0_2955.jpeg,Cercospora,excluded_pattern,,
ethiopian cofee leaf dataset/train aug/Cerscospora/aug_0_2957.jpeg,Cercospora,excluded_pattern,,
ethiopian cofee leaf dataset/train aug/Cerscospora/aug_0_2959.jpeg,Cercospora,excluded_pattern,,
ethiopian cofee leaf dataset/train aug/Cerscospora/aug_0_296.jpeg,Cercospora,excluded_pattern,,
ethiopian cofee leaf dataset/train aug/Cerscospora/aug_0_2963.jpeg,Cercospora,excluded_pattern,,
ethiopian cofee leaf dataset/train aug/Cerscospora/aug_0_2968.jpeg,Cercospora,excluded_pattern,,
ethiopian cofee leaf dataset/train aug/Cerscospora/aug_0_2970.jpeg,Cercospora,excluded_pattern,,
ethiopian cofee leaf dataset/train aug/Cerscospora/aug_0_2972.jpeg,Cercospora,excluded_pattern,,
ethiopian cofee leaf dataset/train aug/Cerscospora/aug_0_2974.jpeg,Cercospora,excluded_pattern,,
ethiopian cofee leaf dataset/train aug/Cerscospora/aug_0_2980.jpeg,Cercospora,excluded_pattern,,
ethiopian cofee leaf dataset/train aug/Cerscospora/aug_0_2981.jpeg,Cercospora,excluded_pattern,,
ethiopian cofee leaf dataset/train aug/Cerscospora/aug_0_2985.jpeg,Cercospora,excluded_pattern,,
ethiopian cofee leaf dataset/train aug/Cerscospora/aug_0_299.jpeg,Cercospora,excluded_pattern,,
ethiopian cofee leaf dataset/train aug/Cerscospora/aug_0_2990.jpeg,Cercospora,excluded_pattern,,
ethiopian cofee leaf dataset/train aug/Cerscospora/aug_0_2994.jpeg,Cercospora,excluded_pattern,,
ethiopian cofee leaf dataset/train aug/Cerscospora/aug_0_3000.jpeg,Cercospora,excluded_pattern,,
ethiopian cofee leaf dataset/train aug/Cerscospora/aug_0_3009.jpeg,Cercospora,excluded_pattern,,
ethiopian cofee leaf dataset/train aug/Cerscospora/aug_0_3011.jpeg,Cercospora,excluded_pattern,,
ethiopian cofee leaf dataset/train aug/Cerscospora/aug_0_3017.jpeg,Cercospora,excluded_pattern,,
ethiopian cofee leaf dataset/train aug/Cerscospora/aug_0_3021.jpeg,Cercospora,excluded_pattern,,
ethiopian cofee leaf dataset/train aug/Cerscospora/aug_0_3025.jpeg,Cercospora,excluded_pattern,,
ethiopian cofee leaf dataset/train aug/Cerscospora/aug_0_3027.jpeg,Cercospora,excluded_pattern,,
ethiopian cofee leaf dataset/train aug/Cerscospora/aug_0_3030.jpeg,Cercospora,excluded_pattern,,
ethiopian cofee leaf dataset/train aug/Cerscospora/aug_0_3034.jpeg,Cercospora,excluded_pattern,,
ethiopian cofee leaf dataset/train aug/Cerscospora/aug_0_3036.jpeg,Cercospora,excluded_pattern,,
ethiopian cofee leaf dataset/train aug/Cerscospora/aug_0_3037.jpeg,Cercospora,excluded_pattern,,
ethiopian cofee leaf dataset/train aug/Cerscospora/aug_0_3046.jpeg,Cercospora,excluded_pattern,,
ethiopian cofee leaf dataset/train aug/Cerscospora/aug_0_3048.jpeg,Cercospora,excluded_pattern,,
ethiopian cofee leaf dataset/train aug/Cerscospora/aug_0_3053.jpeg,Cercospora,excluded_pattern,,
ethiopian cofee leaf dataset/train aug/Cerscospora/aug_0_3056.jpeg,Cercospora,excluded_pattern,,
ethiopian cofee leaf dataset/train aug/Cerscospora/aug_0_3059.jpeg,Cercospora,excluded_pattern,,
ethiopian cofee leaf dataset/train aug/Cerscospora/aug_0_306.jpeg,Cercospora,excluded_pattern,,
ethiopian cofee leaf dataset/train aug/Cerscospora/aug_0_3066.jpeg,Cercospora,excluded_pattern,,
ethiopian cofee leaf dataset/train aug/Cerscospora/aug_0_3074.jpeg,Cercospora,excluded_pattern,,
ethiopian cofee leaf dataset/train aug/Cerscospora/aug_0_3075.jpeg,Cercospora,excluded_pattern,,
ethiopian cofee leaf dataset/train aug/Cerscospora/aug_0_3077.jpeg,Cercospora,excluded_pattern,,
ethiopian cofee leaf dataset/train aug/Cerscospora/aug_0_308.jpeg,Cercospora,excluded_pattern,,
ethiopian cofee leaf dataset/train aug/Cerscospora/aug_0_309.jpeg,Cercospora,excluded_pattern,,
ethiopian cofee leaf dataset/train aug/Cerscospora/aug_0_3092.jpeg,Cercospora,excluded_pattern,,
ethiopian cofee leaf dataset/train aug/Cerscospora/aug_0_3094.jpeg,Cercospora,excluded_pattern,,
ethiopian cofee leaf dataset/train aug/Cerscospora/aug_0_3101.jpeg,Cercospora,excluded_pattern,,
ethiopian cofee leaf dataset/train aug/Cerscospora/aug_0_3102.jpeg,Cercospora,excluded_pattern,,
ethiopian cofee leaf dataset/train aug/Cerscospora/aug_0_3120.jpeg,Cercospora,excluded_pattern,,
ethiopian cofee leaf dataset/train aug/Cerscospora/aug_0_3128.jpeg,Cercospora,excluded_pattern,,
ethiopian cofee leaf dataset/train aug/Cerscospora/aug_0_3129.jpeg,Cercospora,excluded_pattern,,
ethiopian cofee leaf dataset/train aug/Cerscospora/aug_0_3130.jpeg,Cercospora,excluded_pattern,,
ethiopian cofee leaf dataset/train aug/Cerscospora/aug_0_3133.jpeg,Cercospora,excluded_pattern,,
ethiopian cofee leaf dataset/train aug/Cerscospora/aug_0_3137.jpeg,Cercospora,excluded_pattern,,
ethiopian cofee leaf dataset/train aug/Cerscospora/aug_0_314.jpeg,Cercospora,excluded_pattern,,
ethiopian cofee leaf dataset/train aug/Cerscospora/aug_0_3143.jpeg,Cercospora,excluded_pattern,,
ethiopian cofee leaf dataset/train aug/Cerscospora/aug_0_3147.jpeg,Cercospora,excluded_pattern,,
ethiopian cofee leaf dataset/train aug/Cerscospora/aug_0_3148.jpeg,Cercospora,excluded_pattern,,
ethiopian cofee leaf dataset/train aug/Cerscospora/aug_0_3151.jpeg,Cercospora,excluded_pattern,,
ethiopian cofee leaf dataset/train aug/Cerscospora/aug_0_3154.jpeg,Cercospora,excluded_pattern,,
ethiopian cofee leaf dataset/train aug/Cerscospora/aug_0_3155.jpeg,Cercospora,excluded_pattern,,
ethiopian cofee leaf dataset/train aug/Cerscospora/aug_0_3156.jpeg,Cercospora,excluded_pattern,,
ethiopian cofee leaf dataset/train aug/Cerscospora/aug_0_3157.jpeg,Cercospora,excluded_pattern,,
ethiopian cofee leaf dataset/train aug/Cerscospora/aug_0_3160.jpeg,Cercospora,excluded_pattern,,
ethiopian cofee leaf dataset/train aug/Cerscospora/aug_0_3165.jpeg,Cercospora,excluded_pattern,,
ethiopian cofee leaf dataset/train aug/Cerscospora/aug_0_3168.jpeg,Cercospora,excluded_pattern,,
ethiopian cofee leaf dataset/train aug/Cerscospora/aug_0_317.jpeg,Cercospora,excluded_pattern,,
ethiopian cofee leaf dataset/train aug/Cerscospora/aug_0_3178.jpeg,Cercospora,excluded_pattern,,
ethiopian cofee leaf dataset/train aug/Cerscospora/aug_0_3181.jpeg,Cercospora,excluded_pattern,,
ethiopian cofee leaf dataset/train aug/Cerscospora/aug_0_3182.jpeg,Cercospora,excluded_pattern,,
ethiopian cofee leaf dataset/train aug/Cerscospora/aug_0_3185.jpeg,Cercospora,excluded_pattern,,
ethiopian cofee leaf dataset/train aug/Cerscospora/aug_0_3186.jpeg,Cercospora,excluded_pattern,,
ethiopian cofee leaf dataset/train aug/Cerscospora/aug_0_3187.jpeg,Cercospora,excluded_pattern,,
ethiopian cofee leaf dataset/train aug/Cerscospora/aug_0_319.jpeg,Cercospora,excluded_pattern,,
ethiopian cofee leaf dataset/train aug/Cerscospora/aug_0_3191.jpeg,Cercospora,excluded_pattern,,
ethiopian cofee leaf dataset/train aug/Cerscospora/aug_0_3192.jpeg,Cercospora,excluded_pattern,,
ethiopian cofee leaf dataset/train aug/Cerscospora/aug_0_3195.jpeg,Cercospora,excluded_pattern,,
ethiopian cofee leaf dataset/train aug/Cerscospora/aug_0_3202.jpeg,Cercospora,excluded_pattern,,
ethiopian cofee leaf dataset/train aug/Cerscospora/aug_0_321.jpeg,Cercospora,excluded_pattern,,
ethiopian cofee leaf dataset/train aug/Cerscospora/aug_0_3210.jpeg,Cercospora,excluded_pattern,,
ethiopian cofee leaf dataset/train aug/Cerscospora/aug_0_3216.jpeg,Cercospora,excluded_pattern,,
ethiopian cofee leaf dataset/train aug/Cerscospora/aug_0_3221.jpeg,Cercospora,excluded_pattern,,
ethiopian cofee leaf dataset/train aug/Cerscospora/aug_0_3222.jpeg,Cercospora,excluded_pattern,,
ethiopian cofee leaf dataset/train aug/Cerscospora/aug_0_3225.jpeg,Cercospora,excluded_pattern,,
ethiopian cofee leaf dataset/train aug/Cerscospora/aug_0_3233.jpeg,Cercospora,excluded_pattern,,
ethiopian cofee leaf dataset/train aug/Cerscospora/aug_0_3234.jpeg,Cercospora,excluded_pattern,,
ethiopian cofee leaf dataset/train aug/Cerscospora/aug_0_3235.jpeg,Cercospora,excluded_pattern,,
ethiopian cofee leaf dataset/train aug/Cerscospora/aug_0_3242.jpeg,Cercospora,excluded_pattern,,
ethiopian cofee leaf dataset/train aug/Cerscospora/aug_0_3252.jpeg,Cercospora,excluded_pattern,,
ethiopian cofee leaf dataset/train aug/Cerscospora/aug_0_3255.jpeg,Cercospora,excluded_pattern,,
ethiopian cofee leaf dataset/train aug/Cerscospora/aug_0_3256.jpeg,Cercospora,excluded_pattern,,
ethiopian cofee leaf dataset/train aug/Cerscospora/aug_0_3257.jpeg,Cercospora,excluded_pattern,,
ethiopian cofee leaf dataset/train aug/Cerscospora/aug_0_3258.jpeg,Cercospora,excluded_pattern,,
ethiopian cofee leaf dataset/train aug/Cerscospora/aug_0_3261.jpeg,Cercospora,excluded_pattern,,
ethiopian cofee leaf dataset/train aug/Cerscospora/aug_0_3262.jpeg,Cercospora,excluded_pattern,,
ethiopian cofee leaf dataset/train aug/Cerscospora/aug_0_3266.jpeg,Cercospora,excluded_pattern,,
ethiopian cofee leaf dataset/train aug/Cerscospora/aug_0_3272.jpeg,Cercospora,excluded_pattern,,
ethiopian cofee leaf dataset/train aug/Cerscospora/aug_0_3275.jpeg,Cercospora,excluded_pattern,,
ethiopian cofee leaf dataset/train aug/Cerscospora/aug_0_3276.jpeg,Cercospora,excluded_pattern,,
ethiopian cofee leaf dataset/train aug/Cerscospora/aug_0_3278.jpeg,Cercospora,excluded_pattern,,
ethiopian cofee leaf dataset/train aug/Cerscospora/aug_0_3279.jpeg,Cercospora,excluded_pattern,,
ethiopian cofee leaf dataset/train aug/Cerscospora/aug_0_3284.jpeg,Cercospora,excluded_pattern,,
ethiopian cofee leaf dataset/train aug/Cerscospora/aug_0_3286.jpeg,Cercospora,excluded_pattern,,
ethiopian cofee leaf dataset/train aug/Cerscospora/aug_0_3296.jpeg,Cercospora,excluded_pattern,,
ethiopian cofee leaf dataset/train aug/Cerscospora/aug_0_33.jpeg,Cercospora,excluded_pattern,,
ethiopian cofee leaf dataset/train aug/Cerscospora/aug_0_3302.jpeg,Cercospora,excluded_pattern,,
ethiopian cofee leaf dataset/train aug/Cerscospora/aug_0_3307.jpeg,Cercospora,excluded_pattern,,
ethiopian cofee leaf dataset/train aug/Cerscospora/aug_0_331.jpeg,Cercospora,excluded_pattern,,
ethiopian cofee leaf dataset/train aug/Cerscospora/aug_0_3315.jpeg,Cercospora,excluded_pattern,,
ethiopian cofee leaf dataset/train aug/Cerscospora/aug_0_3318.jpeg,Cercospora,excluded_pattern,,
ethiopian cofee leaf dataset/train aug/Cerscospora/aug_0_3319.jpeg,Cercospora,excluded_pattern,,
ethiopian cofee leaf dataset/train aug/Cerscospora/aug_0_332.jpeg,Cercospora,excluded_pattern,,
ethiopian cofee leaf dataset/train aug/Cerscospora/aug_0_3323.jpeg,Cercospora,excluded_pattern,,
ethiopian cofee leaf dataset/train aug/Cerscospora/aug_0_3325.jpeg,Cercospora,excluded_pattern,,
ethiopian cofee leaf dataset/train aug/Cerscospora/aug_0_3329.jpeg,Cercospora,excluded_pattern,,
ethiopian cofee leaf dataset/train aug/Cerscospora/aug_0_333.jpeg,Cercospora,excluded_pattern,,
ethiopian cofee leaf dataset/train aug/Cerscospora/aug_0_3332.jpeg,Cercospora,excluded_pattern,,
ethiopian cofee leaf dataset/train aug/Cerscospora/aug_0_3344.jpeg,Cercospora,excluded_pattern,,
ethiopian cofee leaf dataset/train aug/Cerscospora/aug_0_3346.jpeg,Cercospora,excluded_pattern,,
ethiopian cofee leaf dataset/train aug/Cerscospora/aug_0_335.jpeg,Cercospora,excluded_pattern,,
ethiopian cofee leaf dataset/train aug/Cerscospora/aug_0_3355.jpeg,Cercospora,excluded_pattern,,
ethiopian cofee leaf dataset/train aug/Cerscospora/aug_0_3356.jpeg,Cercospora,excluded_pattern,,
ethiopian cofee leaf dataset/train aug/Cerscospora/aug_0_3365.jpeg,Cercospora,excluded_pattern,,
ethiopian cofee leaf dataset/train aug/Cerscospora/aug_0_3366.jpeg,Cercospora,excluded_pattern,,
ethiopian cofee leaf dataset/train aug/Cerscospora/aug_0_3368.jpeg,Cercospora,excluded_pattern,,
ethiopian cofee leaf dataset/train aug/Cerscospora/aug_0_3373.jpeg,Cercospora,excluded_pattern,,
ethiopian cofee leaf dataset/train aug/Cerscospora/aug_0_3374.jpeg,Cercospora,excluded_pattern,,
ethiopian cofee leaf dataset/train aug/Cerscospora/aug_0_3377.jpeg,Cercospora,excluded_pattern,,
ethiopian cofee leaf dataset/train aug/Cerscospora/aug_0_3379.jpeg,Cercospora,excluded_pattern,,
ethiopian cofee leaf dataset/train aug/Cerscospora/aug_0_3381.jpeg,Cercospora,excluded_pattern,,
ethiopian cofee leaf dataset/train aug/Cerscospora/aug_0_3384.jpeg,Cercospora,excluded_pattern,,
ethiopian cofee leaf dataset/train aug/Cerscospora/aug_0_3388.jpeg,Cercospora,excluded_pattern,,
ethiopian cofee leaf dataset/train aug/Cerscospora/aug_0_3400.jpeg,Cercospora,excluded_pattern,,
ethiopian cofee leaf dataset/train aug/Cerscospora/aug_0_3405.jpeg,Cercospora,excluded_pattern,,
ethiopian cofee leaf dataset/train aug/Cerscospora/aug_0_3407.jpeg,Cercospora,excluded_pattern,,
ethiopian cofee leaf dataset/train aug/Cerscospora/aug_0_3412.jpeg,Cercospora,excluded_pattern,,
ethiopian cofee leaf dataset/train aug/Cerscospora/aug_0_3414.jpeg,Cercospora,excluded_pattern,,
ethiopian cofee leaf dataset/train aug/Cerscospora/aug_0_3417.jpeg,Cercospora,excluded_pattern,,
ethiopian cofee leaf dataset/train aug/Cerscospora/aug_0_342.jpeg,Cercospora,excluded_pattern,,
ethiopian cofee leaf dataset/train aug/Cerscospora/aug_0_3420.jpeg,Cercospora,excluded_pattern,,
ethiopian cofee leaf dataset/train aug/Cerscospora/aug_0_3426.jpeg,Cercospora,excluded_pattern,,
ethiopian cofee leaf dataset/train aug/Cerscospora/aug_0_343.jpeg,Cercospora,excluded_pattern,,
ethiopian cofee leaf dataset/train aug/Cerscospora/aug_0_3430.jpeg,Cercospora,excluded_pattern,,
ethiopian cofee leaf dataset/train aug/Cerscospora/aug_0_3432.jpeg,Cercospora,excluded_pattern,,
ethiopian cofee leaf dataset/train aug/Cerscospora/aug_0_3436.jpeg,Cercospora,excluded_pattern,,
ethiopian cofee leaf dataset/train aug/Cerscospora/aug_0_3439.jpeg,Cercospora,excluded_pattern,,
ethiopian cofee leaf dataset/train aug/Cerscospora/aug_0_344.jpeg,Cercospora,excluded_pattern,,
ethiopian cofee leaf dataset/train aug/Cerscospora/aug_0_3441.jpeg,Cercospora,excluded_pattern,,
ethiopian cofee leaf dataset/train aug/Cerscospora/aug_0_3445.jpeg,Cercospora,excluded_pattern,,
ethiopian cofee leaf dataset/train aug/Cerscospora/aug_0_3446.jpeg,Cercospora,excluded_pattern,,
ethiopian cofee leaf dataset/train aug/Cerscospora/aug_0_345.jpeg,Cercospora,excluded_pattern,,
ethiopian cofee leaf dataset/train aug/Cerscospora/aug_0_3452.jpeg,Cercospora,excluded_pattern,,
ethiopian cofee leaf dataset/train aug/Cerscospora/aug_0_3453.jpeg,Cercospora,excluded_pattern,,
ethiopian cofee leaf dataset/train aug/Cerscospora/aug_0_3454.jpeg,Cercospora,excluded_pattern,,
ethiopian cofee leaf dataset/train aug/Cerscospora/aug_0_3455.jpeg,Cercospora,excluded_pattern,,
ethiopian cofee leaf dataset/train aug/Cerscospora/aug_0_3467.jpeg,Cercospora,excluded_pattern,,
ethiopian cofee leaf dataset/train aug/Cerscospora/aug_0_3468.jpeg,Cercospora,excluded_pattern,,
ethiopian cofee leaf dataset/train aug/Cerscospora/aug_0_3470.jpeg,Cercospora,excluded_pattern,,
ethiopian cofee leaf dataset/train aug/Cerscospora/aug_0_3472.jpeg,Cercospora,excluded_pattern,,
ethiopian cofee leaf dataset/train aug/Cerscospora/aug_0_3476.jpeg,Cercospora,excluded_pattern,,
ethiopian cofee leaf dataset/train aug/Cerscospora/aug_0_3491.jpeg,Cercospora,excluded_pattern,,
ethiopian cofee leaf dataset/train aug/Cerscospora/aug_0_3493.jpeg,Cercospora,excluded_pattern,,
ethiopian cofee leaf dataset/train aug/Cerscospora/aug_0_35.jpeg,Cercospora,excluded_pattern,,
ethiopian cofee leaf dataset/train aug/Cerscospora/aug_0_3509.jpeg,Cercospora,excluded_pattern,,
ethiopian cofee leaf dataset/train aug/Cerscospora/aug_0_351.jpeg,Cercospora,excluded_pattern,,
ethiopian cofee leaf dataset/train aug/Cerscospora/aug_0_3510.jpeg,Cercospora,excluded_pattern,,
ethiopian cofee leaf dataset/train aug/Cerscospora/aug_0_3514.jpeg,Cercospora,excluded_pattern,,
ethiopian cofee leaf dataset/train aug/Cerscospora/aug_0_3518.jpeg,Cercospora,excluded_pattern,,
ethiopian cofee leaf dataset/train aug/Cerscospora/aug_0_352.jpeg,Cercospora,excluded_pattern,,
ethiopian cofee leaf dataset/train aug/Cerscospora/aug_0_3527.jpeg,Cercospora,excluded_pattern,,
ethiopian cofee leaf dataset/train aug/Cerscospora/aug_0_3528.jpeg,Cercospora,excluded_pattern,,
ethiopian cofee leaf dataset/train aug/Cerscospora/aug_0_3529.jpeg,Cercospora,excluded_pattern,,
ethiopian cofee leaf dataset/train aug/Cerscospora/aug_0_3531.jpeg,Cercospora,excluded_pattern,,
ethiopian cofee leaf dataset/train aug/Cerscospora/aug_0_3537.jpeg,Cercospora,excluded_pattern,,
ethiopian cofee leaf dataset/train aug/Cerscospora/aug_0_3540.jpeg,Cercospora,excluded_pattern,,
ethiopian cofee leaf dataset/train aug/Cerscospora/aug_0_3545.jpeg,Cercospora,excluded_pattern,,
ethiopian cofee leaf dataset/train aug/Cerscospora/aug_0_3547.jpeg,Cercospora,excluded_pattern,,
ethiopian cofee leaf dataset/train aug/Cerscospora/aug_0_3548.jpeg,Cercospora,excluded_pattern,,
ethiopian cofee leaf dataset/train aug/Cerscospora/aug_0_355.jpeg,Cercospora,excluded_pattern,,
ethiopian cofee leaf dataset/train aug/Cerscospora/aug_0_3551.jpeg,Cercospora,excluded_pattern,,
ethiopian cofee leaf dataset/train aug/Cerscospora/aug_0_3558.jpeg,Cercospora,excluded_pattern,,
ethiopian cofee leaf dataset/train aug/Cerscospora/aug_0_356.jpeg,Cercospora,excluded_pattern,,
ethiopian cofee leaf dataset/train aug/Cerscospora/aug_0_3560.jpeg,Cercospora,excluded_pattern,,
ethiopian cofee leaf dataset/train aug/Cerscospora/aug_0_3563.jpeg,Cercospora,excluded_pattern,,
ethiopian cofee leaf dataset/train aug/Cerscospora/aug_0_3564.jpeg,Cercospora,excluded_pattern,,
ethiopian cofee leaf dataset/train aug/Cerscospora/aug_0_3566.jpeg,Cercospora,excluded_pattern,,
ethiopian cofee leaf dataset/train aug/Cerscospora/aug_0_3568.jpeg,Cercospora,excluded_pattern,,
ethiopian cofee leaf dataset/train aug/Cerscospora/aug_0_357.jpeg,Cercospora,excluded_pattern,,
ethiopian cofee leaf dataset/train aug/Cerscospora/aug_0_3574.jpeg,Cercospora,excluded_pattern,,
ethiopian cofee leaf dataset/train aug/Cerscospora/aug_0_3577.jpeg,Cercospora,excluded_pattern,,
ethiopian cofee leaf dataset/train aug/Cerscospora/aug_0_3581.jpeg,Cercospora,excluded_pattern,,
ethiopian cofee leaf dataset/train aug/Cerscospora/aug_0_3584.jpeg,Cercospora,excluded_pattern,,
ethiopian cofee leaf dataset/train aug/Cerscospora/aug_0_3593.jpeg,Cercospora,excluded_pattern,,
ethiopian cofee leaf dataset/train aug/Cerscospora/aug_0_3595.jpeg,Cercospora,excluded_pattern,,
ethiopian cofee leaf dataset/train aug/Cerscospora/aug_0_3596.jpeg,Cercospora,excluded_pattern,,
ethiopian cofee leaf dataset/train aug/Cerscospora/aug_0_3597.jpeg,Cercospora,excluded_pattern,,
ethiopian cofee leaf dataset/train aug/Cerscospora/aug_0_36.jpeg,Cercospora,excluded_pattern,,
ethiopian cofee leaf dataset/train aug/Cerscospora/aug_0_3603.jpeg,Cercospora,excluded_pattern,,
ethiopian cofee leaf dataset/train aug/Cerscospora/aug_0_3606.jpeg,Cercospora,excluded_pattern,,
ethiopian cofee leaf dataset/train aug/Cerscospora/aug_0_361.jpeg,Cercospora,excluded_pattern,,
ethiopian cofee leaf dataset/train aug/Cerscospora/aug_0_3612.jpeg,Cercospora,excluded_pattern,,
ethiopian cofee leaf dataset/train aug/Cerscospora/aug_0_3622.jpeg,Cercospora,excluded_pattern,,
ethiopian cofee leaf dataset/train aug/Cerscospora/aug_0_3625.jpeg,Cercospora,excluded_pattern,,
ethiopian cofee leaf dataset/train aug/Cerscospora/aug_0_3629.jpeg,Cercospora,excluded_pattern,,
ethiopian cofee leaf dataset/train aug/Cerscospora/aug_0_363.jpeg,Cercospora,excluded_pattern,,
ethiopian cofee leaf dataset/train aug/Cerscospora/aug_0_3638.jpeg,Cercospora,excluded_pattern,,
ethiopian cofee leaf dataset/train aug/Cerscospora/aug_0_3641.jpeg,Cercospora,excluded_pattern,,
ethiopian cofee leaf dataset/train aug/Cerscospora/aug_0_3643.jpeg,Cercospora,excluded_pattern,,
ethiopian cofee leaf dataset/train aug/Cerscospora/aug_0_3646.jpeg,Cercospora,excluded_pattern,,
ethiopian cofee leaf dataset/train aug/Cerscospora/aug_0_3647.jpeg,Cercospora,excluded_pattern,,
ethiopian cofee leaf dataset/train aug/Cerscospora/aug_0_3657.jpeg,Cercospora,excluded_pattern,,
ethiopian cofee leaf dataset/train aug/Cerscospora/aug_0_3662.jpeg,Cercospora,excluded_pattern,,
ethiopian cofee leaf dataset/train aug/Cerscospora/aug_0_3663.jpeg,Cercospora,excluded_pattern,,
ethiopian cofee leaf dataset/train aug/Cerscospora/aug_0_3667.jpeg,Cercospora,excluded_pattern,,
ethiopian cofee leaf dataset/train aug/Cerscospora/aug_0_3670.jpeg,Cercospora,excluded_pattern,,
ethiopian cofee leaf dataset/train aug/Cerscospora/aug_0_3672.jpeg,Cercospora,excluded_pattern,,
ethiopian cofee leaf dataset/train aug/Cerscospora/aug_0_3674.jpeg,Cercospora,excluded_pattern,,
ethiopian cofee leaf dataset/train aug/Cerscospora/aug_0_3679.jpeg,Cercospora,excluded_pattern,,
ethiopian cofee leaf dataset/train aug/Cerscospora/aug_0_3681.jpeg,Cercospora,excluded_pattern,,
ethiopian cofee leaf dataset/train aug/Cerscospora/aug_0_3682.jpeg,Cercospora,excluded_pattern,,
ethiopian cofee leaf dataset/train aug/Cerscospora/aug_0_3689.jpeg,Cercospora,excluded_pattern,,
ethiopian cofee leaf dataset/train aug/Cerscospora/aug_0_37.jpeg,Cercospora,excluded_pattern,,
ethiopian cofee leaf dataset/train aug/Cerscospora/aug_0_3705.jpeg,Cercospora,excluded_pattern,,
ethiopian cofee leaf dataset/train aug/Cerscospora/aug_0_3710.jpeg,Cercospora,excluded_pattern,,
ethiopian cofee leaf dataset/train aug/Cerscospora/aug_0_3715.jpeg,Cercospora,excluded_pattern,,
ethiopian cofee leaf dataset/train aug/Cerscospora/aug_0_3716.jpeg,Cercospora,excluded_pattern,,
ethiopian cofee leaf dataset/train aug/Cerscospora/aug_0_3717.jpeg,Cercospora,excluded_pattern,,
ethiopian cofee leaf dataset/train aug/Cerscospora/aug_0_372.jpeg,Cercospora,excluded_pattern,,
ethiopian cofee leaf dataset/train aug/Cerscospora/aug_0_373.jpeg,Cercospora,excluded_pattern,,
ethiopian cofee leaf dataset/train aug/Cerscospora/aug_0_3735.jpeg,Cercospora,excluded_pattern,,
ethiopian cofee leaf dataset/train aug/Cerscospora/aug_0_3737.jpeg,Cercospora,excluded_pattern,,
ethiopian cofee leaf dataset/train aug/Cerscospora/aug_0_3743.jpeg,Cercospora,excluded_pattern,,
ethiopian cofee leaf dataset/train aug/Cerscospora/aug_0_3744.jpeg,Cercospora,excluded_pattern,,
ethiopian cofee leaf dataset/train aug/Cerscospora/aug_0_3747.jpeg,Cercospora,excluded_pattern,,
ethiopian cofee leaf dataset/train aug/Cerscospora/aug_0_3750.jpeg,Cercospora,excluded_pattern,,
ethiopian cofee leaf dataset/train aug/Cerscospora/aug_0_3751.jpeg,Cercospora,excluded_pattern,,
ethiopian cofee leaf dataset/train aug/Cerscospora/aug_0_3756.jpeg,Cercospora,excluded_pattern,,
ethiopian cofee leaf dataset/train aug/Cerscospora/aug_0_3757.jpeg,Cercospora,excluded_pattern,,
ethiopian cofee leaf dataset/train aug/Cerscospora/aug_0_3758.jpeg,Cercospora,excluded_pattern,,
ethiopian cofee leaf dataset/train aug/Cerscospora/aug_0_376.jpeg,Cercospora,excluded_pattern,,
ethiopian cofee leaf dataset/train aug/Cerscospora/aug_0_3760.jpeg,Cercospora,excluded_pattern,,
ethiopian cofee leaf dataset/train aug/Cerscospora/aug_0_3761.jpeg,Cercospora,excluded_pattern,,
ethiopian cofee leaf dataset/train aug/Cerscospora/aug_0_3764.jpeg,Cercospora,excluded_pattern,,
ethiopian cofee leaf dataset/train aug/Cerscospora/aug_0_3773.jpeg,Cercospora,excluded_pattern,,
ethiopian cofee leaf dataset/train aug/Cerscospora/aug_0_3778.jpeg,Cercospora,excluded_pattern,,
ethiopian cofee leaf dataset/train aug/Cerscospora/aug_0_3780.jpeg,Cercospora,excluded_pattern,,
ethiopian cofee leaf dataset/train aug/Cerscospora/aug_0_3782.jpeg,Cercospora,excluded_pattern,,
ethiopian cofee leaf dataset/train aug/Cerscospora/aug_0_3783.jpeg,Cercospora,excluded_pattern,,
ethiopian cofee leaf dataset/train aug/Cerscospora/aug_0_3784.jpeg,Cercospora,excluded_pattern,,
ethiopian cofee leaf dataset/train aug/Cerscospora/aug_0_3789.jpeg,Cercospora,excluded_pattern,,
ethiopian cofee leaf dataset/train aug/Cerscospora/aug_0_3796.jpeg,Cercospora,excluded_pattern,,
ethiopian cofee leaf dataset/train aug/Cerscospora/aug_0_3797.jpeg,Cercospora,excluded_pattern,,
ethiopian cofee leaf dataset/train aug/Cerscospora/aug_0_3798.jpeg,Cercospora,excluded_pattern,,
ethiopian cofee leaf dataset/train aug/Cerscospora/aug_0_3802.jpeg,Cercospora,excluded_pattern,,
ethiopian cofee leaf dataset/train aug/Cerscospora/aug_0_3803.jpeg,Cercospora,excluded_pattern,,
ethiopian cofee leaf dataset/train aug/Cerscospora/aug_0_3805.jpeg,Cercospora,excluded_pattern,,
ethiopian cofee leaf dataset/train aug/Cerscospora/aug_0_3807.jpeg,Cercospora,excluded_pattern,,
ethiopian cofee leaf dataset/train aug/Cerscospora/aug_0_3810.jpeg,Cercospora,excluded_pattern,,
ethiopian cofee leaf dataset/train aug/Cerscospora/aug_0_3813.jpeg,Cercospora,excluded_pattern,,
ethiopian cofee leaf dataset/train aug/Cerscospora/aug_0_3819.jpeg,Cercospora,excluded_pattern,,
ethiopian cofee leaf dataset/train aug/Cerscospora/aug_0_3820.jpeg,Cercospora,excluded_pattern,,
ethiopian cofee leaf dataset/train aug/Cerscospora/aug_0_383.jpeg,Cercospora,excluded_pattern,,
ethiopian cofee leaf dataset/train aug/Cerscospora/aug_0_3830.jpeg,Cercospora,excluded_pattern,,
ethiopian cofee leaf dataset/train aug/Cerscospora/aug_0_3833.jpeg,Cercospora,excluded_pattern,,
ethiopian cofee leaf dataset/train aug/Cerscospora/aug_0_3836.jpeg,Cercospora,excluded_pattern,,
ethiopian cofee leaf dataset/train aug/Cerscospora/aug_0_3842.jpeg,Cercospora,excluded_pattern,,
ethiopian cofee leaf dataset/train aug/Cerscospora/aug_0_3847.jpeg,Cercospora,excluded_pattern,,
ethiopian cofee leaf dataset/train aug/Cerscospora/aug_0_385.jpeg,Cercospora,excluded_pattern,,
ethiopian cofee leaf dataset/train aug/Cerscospora/aug_0_3850.jpeg,Cercospora,excluded_pattern,,
ethiopian cofee leaf dataset/train aug/Cerscospora/aug_0_3854.jpeg,Cercospora,excluded_pattern,,
ethiopian cofee leaf dataset/train aug/Cerscospora/aug_0_3855.jpeg,Cercospora,excluded_pattern,,
ethiopian cofee leaf dataset/train aug/Cerscospora/aug_0_3861.jpeg,Cercospora,excluded_pattern,,
ethiopian cofee leaf dataset/train aug/Cerscospora/aug_0_3862.jpeg,Cercospora,excluded_pattern,,
ethiopian cofee leaf dataset/train aug/Cerscospora/aug_0_3864.jpeg,Cercospora,excluded_pattern,,
ethiopian cofee leaf dataset/train aug/Cerscospora/aug_0_3865.jpeg,Cercospora,excluded_pattern,,
ethiopian cofee leaf dataset/train aug/Cerscospora/aug_0_3869.jpeg,Cercospora,excluded_pattern,,
ethiopian cofee leaf dataset/train aug/Cerscospora/aug_0_387.jpeg,Cercospora,excluded_pattern,,
ethiopian cofee leaf dataset/train aug/Cerscospora/aug_0_3874.jpeg,Cercospora,excluded_pattern,,
ethiopian cofee leaf dataset/train aug/Cerscospora/aug_0_3886.jpeg,Cercospora,excluded_pattern,,
ethiopian cofee leaf dataset/train aug/Cerscospora/aug_0_3887.jpeg,Cercospora,excluded_pattern,,
ethiopian cofee leaf dataset/train aug/Cerscospora/aug_0_3889.jpeg,Cercospora,excluded_pattern,,
ethiopian cofee leaf dataset/train aug/Cerscospora/aug_0_3891.jpeg,Cercospora,excluded_pattern,,
ethiopian cofee leaf dataset/train aug/Cerscospora/aug_0_3899.jpeg,Cercospora,excluded_pattern,,
ethiopian cofee leaf dataset/train aug/Cerscospora/aug_0_3903.jpeg,Cercospora,excluded_pattern,,
ethiopian cofee leaf dataset/train aug/Cerscospora/aug_0_3909.jpeg,Cercospora,excluded_pattern,,
ethiopian cofee leaf dataset/train aug/Cerscospora/aug_0_3915.jpeg,Cercospora,excluded_pattern,,
ethiopian cofee leaf dataset/train aug/Cerscospora/aug_0_392.jpeg,Cercospora,excluded_pattern,,
ethiopian cofee leaf dataset/train aug/Cerscospora/aug_0_3922.jpeg,Cercospora,excluded_pattern,,
ethiopian cofee leaf dataset/train aug/Cerscospora/aug_0_3924.jpeg,Cercospora,excluded_pattern,,
ethiopian cofee leaf dataset/train aug/Cerscospora/aug_0_3928.jpeg,Cercospora,excluded_pattern,,
ethiopian cofee leaf dataset/train aug/Cerscospora/aug_0_3942.jpeg,Cercospora,excluded_pattern,,
ethiopian cofee leaf dataset/train aug/Cerscospora/aug_0_3945.jpeg,Cercospora,excluded_pattern,,
ethiopian cofee leaf dataset/train aug/Cerscospora/aug_0_3946.jpeg,Cercospora,excluded_pattern,,
ethiopian cofee leaf dataset/train aug/Cerscospora/aug_0_3947.jpeg,Cercospora,excluded_pattern,,
ethiopian cofee leaf dataset/train aug/Cerscospora/aug_0_3949.jpeg,Cercospora,excluded_pattern,,
ethiopian cofee leaf dataset/train aug/Cerscospora/aug_0_3951.jpeg,Cercospora,excluded_pattern,,
ethiopian cofee leaf dataset/train aug/Cerscospora/aug_0_3959.jpeg,Cercospora,excluded_pattern,,
ethiopian cofee leaf dataset/train aug/Cerscospora/aug_0_3961.jpeg,Cercospora,excluded_pattern,,
ethiopian cofee leaf dataset/train aug/Cerscospora/aug_0_3970.jpeg,Cercospora,excluded_pattern,,
ethiopian cofee leaf dataset/train aug/Cerscospora/aug_0_3975.jpeg,Cercospora,excluded_pattern,,
ethiopian cofee leaf dataset/train aug/Cerscospora/aug_0_3977.jpeg,Cercospora,excluded_pattern,,
ethiopian cofee leaf dataset/train aug/Cerscospora/aug_0_398.jpeg,Cercospora,excluded_pattern,,
ethiopian cofee leaf dataset/train aug/Cerscospora/aug_0_3982.jpeg,Cercospora,excluded_pattern,,
ethiopian cofee leaf dataset/train aug/Cerscospora/aug_0_3983.jpeg,Cercospora,excluded_pattern,,
ethiopian cofee leaf dataset/train aug/Cerscospora/aug_0_3984.jpeg,Cercospora,excluded_pattern,,
ethiopian cofee leaf dataset/train aug/Cerscospora/aug_0_3985.jpeg,Cercospora,excluded_pattern,,
ethiopian cofee leaf dataset/train aug/Cerscospora/aug_0_3987.jpeg,Cercospora,excluded_pattern,,
ethiopian cofee leaf dataset/train aug/Cerscospora/aug_0_3989.jpeg,Cercospora,excluded_pattern,,
ethiopian cofee leaf dataset/train aug/Cerscospora/aug_0_3990.jpeg,Cercospora,excluded_pattern,,
ethiopian cofee leaf dataset/train aug/Cerscospora/aug_0_3997.jpeg,Cercospora,excluded_pattern,,
ethiopian cofee leaf dataset/train aug/Cerscospora/aug_0_3999.jpeg,Cercospora,excluded_pattern,,
ethiopian cofee leaf dataset/train aug/Cerscospora/aug_0_40.jpeg,Cercospora,excluded_pattern,,
ethiopian cofee leaf dataset/train aug/Cerscospora/aug_0_4001.jpeg,Cercospora,excluded_pattern,,
ethiopian cofee leaf dataset/train aug/Cerscospora/aug_0_4006.jpeg,Cercospora,excluded_pattern,,
ethiopian cofee leaf dataset/train aug/Cerscospora/aug_0_4010.jpeg,Cercospora,excluded_pattern,,
ethiopian cofee leaf dataset/train aug/Cerscospora/aug_0_4013.jpeg,Cercospora,excluded_pattern,,
ethiopian cofee leaf dataset/train aug/Cerscospora/aug_0_4015.jpeg,Cercospora,excluded_pattern,,
ethiopian cofee leaf dataset/train aug/Cerscospora/aug_0_4023.jpeg,Cercospora,excluded_pattern,,
ethiopian cofee leaf dataset/train aug/Cerscospora/aug_0_4024.jpeg,Cercospora,excluded_pattern,,
ethiopian cofee leaf dataset/train aug/Cerscospora/aug_0_4027.jpeg,Cercospora,excluded_pattern,,
ethiopian cofee leaf dataset/train aug/Cerscospora/aug_0_4038.jpeg,Cercospora,excluded_pattern,,
ethiopian cofee leaf dataset/train aug/Cerscospora/aug_0_404.jpeg,Cercospora,excluded_pattern,,
ethiopian cofee leaf dataset/train aug/Cerscospora/aug_0_4040.jpeg,Cercospora,excluded_pattern,,
ethiopian cofee leaf dataset/train aug/Cerscospora/aug_0_4043.jpeg,Cercospora,excluded_pattern,,
ethiopian cofee leaf dataset/train aug/Cerscospora/aug_0_4044.jpeg,Cercospora,excluded_pattern,,
ethiopian cofee leaf dataset/train aug/Cerscospora/aug_0_4047.jpeg,Cercospora,excluded_pattern,,
ethiopian cofee leaf dataset/train aug/Cerscospora/aug_0_4055.jpeg,Cercospora,excluded_pattern,,
ethiopian cofee leaf dataset/train aug/Cerscospora/aug_0_4060.jpeg,Cercospora,excluded_pattern,,
ethiopian cofee leaf dataset/train aug/Cerscospora/aug_0_4065.jpeg,Cercospora,excluded_pattern,,
ethiopian cofee leaf dataset/train aug/Cerscospora/aug_0_4071.jpeg,Cercospora,excluded_pattern,,
ethiopian cofee leaf dataset/train aug/Cerscospora/aug_0_4076.jpeg,Cercospora,excluded_pattern,,
ethiopian cofee leaf dataset/train aug/Cerscospora/aug_0_4077.jpeg,Cercospora,excluded_pattern,,
ethiopian cofee leaf dataset/train aug/Cerscospora/aug_0_4088.jpeg,Cercospora,excluded_pattern,,
ethiopian cofee leaf dataset/train aug/Cerscospora/aug_0_4093.jpeg,Cercospora,excluded_pattern,,
ethiopian cofee leaf dataset/train aug/Cerscospora/aug_0_4094.jpeg,Cercospora,excluded_pattern,,
ethiopian cofee leaf dataset/train aug/Cerscospora/aug_0_4108.jpeg,Cercospora,excluded_pattern,,
ethiopian cofee leaf dataset/train aug/Cerscospora/aug_0_4119.jpeg,Cercospora,excluded_pattern,,
ethiopian cofee leaf dataset/train aug/Cerscospora/aug_0_412.jpeg,Cercospora,excluded_pattern,,
ethiopian cofee leaf dataset/train aug/Cerscospora/aug_0_4121.jpeg,Cercospora,excluded_pattern,,
ethiopian cofee leaf dataset/train aug/Cerscospora/aug_0_413.jpeg,Cercospora,excluded_pattern,,
ethiopian cofee leaf dataset/train aug/Cerscospora/aug_0_4131.jpeg,Cercospora,excluded_pattern,,
ethiopian cofee leaf dataset/train aug/Cerscospora/aug_0_4132.jpeg,Cercospora,excluded_pattern,,
ethiopian cofee leaf dataset/train aug/Cerscospora/aug_0_4134.jpeg,Cercospora,excluded_pattern,,
ethiopian cofee leaf dataset/train aug/Cerscospora/aug_0_4135.jpeg,Cercospora,excluded_pattern,,
ethiopian cofee leaf dataset/train aug/Cerscospora/aug_0_4136.jpeg,Cercospora,excluded_pattern,,
ethiopian cofee leaf dataset/train aug/Cerscospora/aug_0_4139.jpeg,Cercospora,excluded_pattern,,
ethiopian cofee leaf dataset/train aug/Cerscospora/aug_0_4143.jpeg,Cercospora,excluded_pattern,,
ethiopian cofee leaf dataset/train aug/Cerscospora/aug_0_4148.jpeg,Cercospora,excluded_pattern,,
ethiopian cofee leaf dataset/train aug/Cerscospora/aug_0_4151.jpeg,Cercospora,excluded_pattern,,
ethiopian cofee leaf dataset/train aug/Cerscospora/aug_0_4155.jpeg,Cercospora,excluded_pattern,,
ethiopian cofee leaf dataset/train aug/Cerscospora/aug_0_416.jpeg,Cercospora,excluded_pattern,,
ethiopian cofee leaf dataset/train aug/Cerscospora/aug_0_4161.jpeg,Cercospora,excluded_pattern,,
ethiopian cofee leaf dataset/train aug/Cerscospora/aug_0_4162.jpeg,Cercospora,excluded_pattern,,
ethiopian cofee leaf dataset/train aug/Cerscospora/aug_0_4168.jpeg,Cercospora,excluded_pattern,,
ethiopian cofee leaf dataset/train aug/Cerscospora/aug_0_417.jpeg,Cercospora,excluded_pattern,,
ethiopian cofee leaf dataset/train aug/Cerscospora/aug_0_4171.jpeg,Cercospora,excluded_pattern,,
ethiopian cofee leaf dataset/train aug/Cerscospora/aug_0_4173.jpeg,Cercospora,excluded_pattern,,
ethiopian cofee leaf dataset/train aug/Cerscospora/aug_0_4196.jpeg,Cercospora,excluded_pattern,,
ethiopian cofee leaf dataset/train aug/Cerscospora/aug_0_4197.jpeg,Cercospora,excluded_pattern,,
ethiopian cofee leaf dataset/train aug/Cerscospora/aug_0_420.jpeg,Cercospora,excluded_pattern,,
ethiopian cofee leaf dataset/train aug/Cerscospora/aug_0_4204.jpeg,Cercospora,excluded_pattern,,
ethiopian cofee leaf dataset/train aug/Cerscospora/aug_0_4207.jpeg,Cercospora,excluded_pattern,,
ethiopian cofee leaf dataset/train aug/Cerscospora/aug_0_421.jpeg,Cercospora,excluded_pattern,,
ethiopian cofee leaf dataset/train aug/Cerscospora/aug_0_4215.jpeg,Cercospora,excluded_pattern,,
ethiopian cofee leaf dataset/train aug/Cerscospora/aug_0_4216.jpeg,Cercospora,excluded_pattern,,
ethiopian cofee leaf dataset/train aug/Cerscospora/aug_0_4228.jpeg,Cercospora,excluded_pattern,,
ethiopian cofee leaf dataset/train aug/Cerscospora/aug_0_4229.jpeg,Cercospora,excluded_pattern,,
ethiopian cofee leaf dataset/train aug/Cerscospora/aug_0_4230.jpeg,Cercospora,excluded_pattern,,
ethiopian cofee leaf dataset/train aug/Cerscospora/aug_0_4232.jpeg,Cercospora,excluded_pattern,,
ethiopian cofee leaf dataset/train aug/Cerscospora/aug_0_4237.jpeg,Cercospora,excluded_pattern,,
ethiopian cofee leaf dataset/train aug/Cerscospora/aug_0_4238.jpeg,Cercospora,excluded_pattern,,
ethiopian cofee leaf dataset/train aug/Cerscospora/aug_0_4244.jpeg,Cercospora,excluded_pattern,,
ethiopian cofee leaf dataset/train aug/Cerscospora/aug_0_4246.jpeg,Cercospora,excluded_pattern,,
ethiopian cofee leaf dataset/train aug/Cerscospora/aug_0_4247.jpeg,Cercospora,excluded_pattern,,
ethiopian cofee leaf dataset/train aug/Cerscospora/aug_0_4249.jpeg,Cercospora,excluded_pattern,,
ethiopian cofee leaf dataset/train aug/Cerscospora/aug_0_4251.jpeg,Cercospora,excluded_pattern,,
ethiopian cofee leaf dataset/train aug/Cerscospora/aug_0_4258.jpeg,Cercospora,excluded_pattern,,
ethiopian cofee leaf dataset/train aug/Cerscospora/aug_0_4272.jpeg,Cercospora,excluded_pattern,,
ethiopian cofee leaf dataset/train aug/Cerscospora/aug_0_4274.jpeg,Cercospora,excluded_pattern,,
ethiopian cofee leaf dataset/train aug/Cerscospora/aug_0_4277.jpeg,Cercospora,excluded_pattern,,
ethiopian cofee leaf dataset/train aug/Cerscospora/aug_0_4279.jpeg,Cercospora,excluded_pattern,,
ethiopian cofee leaf dataset/train aug/Cerscospora/aug_0_428.jpeg,Cercospora,excluded_pattern,,
ethiopian cofee leaf dataset/train aug/Cerscospora/aug_0_4283.jpeg,Cercospora,excluded_pattern,,
ethiopian cofee leaf dataset/train aug/Cerscospora/aug_0_4287.jpeg,Cercospora,excluded_pattern,,
ethiopian cofee leaf dataset/train aug/Cerscospora/aug_0_4290.jpeg,Cercospora,excluded_pattern,,
ethiopian cofee leaf dataset/train aug/Cerscospora/aug_0_4292.jpeg,Cercospora,excluded_pattern,,
ethiopian cofee leaf dataset/train aug/Cerscospora/aug_0_4296.jpeg,Cercospora,excluded_pattern,,
ethiopian cofee leaf dataset/train aug/Cerscospora/aug_0_4303.jpeg,Cercospora,excluded_pattern,,
ethiopian cofee leaf dataset/train aug/Cerscospora/aug_0_4312.jpeg,Cercospora,excluded_pattern,,
ethiopian cofee leaf dataset/train aug/Cerscospora/aug_0_432.jpeg,Cercospora,excluded_pattern,,
ethiopian cofee leaf dataset/train aug/Cerscospora/aug_0_4320.jpeg,Cercospora,excluded_pattern,,
ethiopian cofee leaf dataset/train aug/Cerscospora/aug_0_4322.jpeg,Cercospora,excluded_pattern,,
ethiopian cofee leaf dataset/train aug/Cerscospora/aug_0_4323.jpeg,Cercospora,excluded_pattern,,
ethiopian cofee leaf dataset/train aug/Cerscospora/aug_0_4324.jpeg,Cercospora,excluded_pattern,,
ethiopian cofee leaf dataset/train aug/Cerscospora/aug_0_4326.jpeg,Cercospora,excluded_pattern,,
ethiopian cofee leaf dataset/train aug/Cerscospora/aug_0_4331.jpeg,Cercospora,excluded_pattern,,
ethiopian cofee leaf dataset/train aug/Cerscospora/aug_0_4332.jpeg,Cercospora,excluded_pattern,,
ethiopian cofee leaf dataset/train aug/Cerscospora/aug_0_4340.jpeg,Cercospora,excluded_pattern,,
ethiopian cofee leaf dataset/train aug/Cerscospora/aug_0_4347.jpeg,Cercospora,excluded_pattern,,
ethiopian cofee leaf dataset/train aug/Cerscospora/aug_0_4351.jpeg,Cercospora,excluded_pattern,,
ethiopian cofee leaf dataset/train aug/Cerscospora/aug_0_4352.jpeg,Cercospora,excluded_pattern,,
ethiopian cofee leaf dataset/train aug/Cerscospora/aug_0_4355.jpeg,Cercospora,excluded_pattern,,
ethiopian cofee leaf dataset/train aug/Cerscospora/aug_0_4359.jpeg,Cercospora,excluded_pattern,,
ethiopian cofee leaf dataset/train aug/Cerscospora/aug_0_4360.jpeg,Cercospora,excluded_pattern,,
ethiopian cofee leaf dataset/train aug/Cerscospora/aug_0_4362.jpeg,Cercospora,excluded_pattern,,
ethiopian cofee leaf dataset/train aug/Cerscospora/aug_0_4369.jpeg,Cercospora,excluded_pattern,,
ethiopian cofee leaf dataset/train aug/Cerscospora/aug_0_4370.jpeg,Cercospora,excluded_pattern,,
ethiopian cofee leaf dataset/train aug/Cerscospora/aug_0_4375.jpeg,Cercospora,excluded_pattern,,
ethiopian cofee leaf dataset/train aug/Cerscospora/aug_0_4378.jpeg,Cercospora,excluded_pattern,,
ethiopian cofee leaf dataset/train aug/Cerscospora/aug_0_4380.jpeg,Cercospora,excluded_pattern,,
ethiopian cofee leaf dataset/train aug/Cerscospora/aug_0_4381.jpeg,Cercospora,excluded_pattern,,
ethiopian cofee leaf dataset/train aug/Cerscospora/aug_0_4382.jpeg,Cercospora,excluded_pattern,,
ethiopian cofee leaf dataset/train aug/Cerscospora/aug_0_4384.jpeg,Cercospora,excluded_pattern,,
ethiopian cofee leaf dataset/train aug/Cerscospora/aug_0_4386.jpeg,Cercospora,excluded_pattern,,
ethiopian cofee leaf dataset/train aug/Cerscospora/aug_0_4388.jpeg,Cercospora,excluded_pattern,,
ethiopian cofee leaf dataset/train aug/Cerscospora/aug_0_4399.jpeg,Cercospora,excluded_pattern,,
ethiopian cofee leaf dataset/train aug/Cerscospora/aug_0_4400.jpeg,Cercospora,excluded_pattern,,
ethiopian cofee leaf dataset/train aug/Cerscospora/aug_0_4402.jpeg,Cercospora,excluded_pattern,,
ethiopian cofee leaf dataset/train aug/Cerscospora/aug_0_4403.jpeg,Cercospora,excluded_pattern,,
ethiopian cofee leaf dataset/train aug/Cerscospora/aug_0_4405.jpeg,Cercospora,excluded_pattern,,
ethiopian cofee leaf dataset/train aug/Cerscospora/aug_0_4406.jpeg,Cercospora,excluded_pattern,,
ethiopian cofee leaf dataset/train aug/Cerscospora/aug_0_4407.jpeg,Cercospora,excluded_pattern,,
ethiopian cofee leaf dataset/train aug/Cerscospora/aug_0_4410.jpeg,Cercospora,excluded_pattern,,
ethiopian cofee leaf dataset/train aug/Cerscospora/aug_0_4413.jpeg,Cercospora,excluded_pattern,,
ethiopian cofee leaf dataset/train aug/Cerscospora/aug_0_4417.jpeg,Cercospora,excluded_pattern,,
ethiopian cofee leaf dataset/train aug/Cerscospora/aug_0_4418.jpeg,Cercospora,excluded_pattern,,
ethiopian cofee leaf dataset/train aug/Cerscospora/aug_0_4419.jpeg,Cercospora,excluded_pattern,,
ethiopian cofee leaf dataset/train aug/Cerscospora/aug_0_442.jpeg,Cercospora,excluded_pattern,,
ethiopian cofee leaf dataset/train aug/Cerscospora/aug_0_4420.jpeg,Cercospora,excluded_pattern,,
ethiopian cofee leaf dataset/train aug/Cerscospora/aug_0_4425.jpeg,Cercospora,excluded_pattern,,
ethiopian cofee leaf dataset/train aug/Cerscospora/aug_0_4427.jpeg,Cercospora,excluded_pattern,,
ethiopian cofee leaf dataset/train aug/Cerscospora/aug_0_443.jpeg,Cercospora,excluded_pattern,,
ethiopian cofee leaf dataset/train aug/Cerscospora/aug_0_4437.jpeg,Cercospora,excluded_pattern,,
ethiopian cofee leaf dataset/train aug/Cerscospora/aug_0_4440.jpeg,Cercospora,excluded_pattern,,
ethiopian cofee leaf dataset/train aug/Cerscospora/aug_0_4443.jpeg,Cercospora,excluded_pattern,,
ethiopian cofee leaf dataset/train aug/Cerscospora/aug_0_4447.jpeg,Cercospora,excluded_pattern,,
ethiopian cofee leaf dataset/train aug/Cerscospora/aug_0_4448.jpeg,Cercospora,excluded_pattern,,
ethiopian cofee leaf dataset/train aug/Cerscospora/aug_0_4451.jpeg,Cercospora,excluded_pattern,,
ethiopian cofee leaf dataset/train aug/Cerscospora/aug_0_4452.jpeg,Cercospora,excluded_pattern,,
ethiopian cofee leaf dataset/train aug/Cerscospora/aug_0_4454.jpeg,Cercospora,excluded_pattern,,
ethiopian cofee leaf dataset/train aug/Cerscospora/aug_0_446.jpeg,Cercospora,excluded_pattern,,
ethiopian cofee leaf dataset/train aug/Cerscospora/aug_0_4474.jpeg,Cercospora,excluded_pattern,,
ethiopian cofee leaf dataset/train aug/Cerscospora/aug_0_4478.jpeg,Cercospora,excluded_pattern,,
ethiopian cofee leaf dataset/train aug/Cerscospora/aug_0_448.jpeg,Cercospora,excluded_pattern,,
ethiopian cofee leaf dataset/train aug/Cerscospora/aug_0_4484.jpeg,Cercospora,excluded_pattern,,
ethiopian cofee leaf dataset/train aug/Cerscospora/aug_0_449.jpeg,Cercospora,excluded_pattern,,
ethiopian cofee leaf dataset/train aug/Cerscospora/aug_0_4490.jpeg,Cercospora,excluded_pattern,,
ethiopian cofee leaf dataset/train aug/Cerscospora/aug_0_4495.jpeg,Cercospora,excluded_pattern,,
ethiopian cofee leaf dataset/train aug/Cerscospora/aug_0_4497.jpeg,Cercospora,excluded_pattern,,
ethiopian cofee leaf dataset/train aug/Cerscospora/aug_0_4501.jpeg,Cercospora,excluded_pattern,,
ethiopian cofee leaf dataset/train aug/Cerscospora/aug_0_4506.jpeg,Cercospora,excluded_pattern,,
ethiopian cofee leaf dataset/train aug/Cerscospora/aug_0_4510.jpeg,Cercospora,excluded_pattern,,
ethiopian cofee leaf dataset/train aug/Cerscospora/aug_0_4511.jpeg,Cercospora,excluded_pattern,,
ethiopian cofee leaf dataset/train aug/Cerscospora/aug_0_4512.jpeg,Cercospora,excluded_pattern,,
ethiopian cofee leaf dataset/train aug/Cerscospora/aug_0_4514.jpeg,Cercospora,excluded_pattern,,
ethiopian cofee leaf dataset/train aug/Cerscospora/aug_0_4517.jpeg,Cercospora,excluded_pattern,,
ethiopian cofee leaf dataset/train aug/Cerscospora/aug_0_4523.jpeg,Cercospora,excluded_pattern,,
ethiopian cofee leaf dataset/train aug/Cerscospora/aug_0_4534.jpeg,Cercospora,excluded_pattern,,
ethiopian cofee leaf dataset/train aug/Cerscospora/aug_0_4537.jpeg,Cercospora,excluded_pattern,,
ethiopian cofee leaf dataset/train aug/Cerscospora/aug_0_4538.jpeg,Cercospora,excluded_pattern,,
ethiopian cofee leaf dataset/train aug/Cerscospora/aug_0_454.jpeg,Cercospora,excluded_pattern,,
ethiopian cofee leaf dataset/train aug/Cerscospora/aug_0_4544.jpeg,Cercospora,excluded_pattern,,
ethiopian cofee leaf dataset/train aug/Cerscospora/aug_0_4546.jpeg,Cercospora,excluded_pattern,,
ethiopian cofee leaf dataset/train aug/Cerscospora/aug_0_4555.jpeg,Cercospora,excluded_pattern,,
ethiopian cofee leaf dataset/train aug/Cerscospora/aug_0_4556.jpeg,Cercospora,excluded_pattern,,
ethiopian cofee leaf dataset/train aug/Cerscospora/aug_0_4558.jpeg,Cercospora,excluded_pattern,,
ethiopian cofee leaf dataset/train aug/Cerscospora/aug_0_4564.jpeg,Cercospora,excluded_pattern,,
ethiopian cofee leaf dataset/train aug/Cerscospora/aug_0_4565.jpeg,Cercospora,excluded_pattern,,
ethiopian cofee leaf dataset/train aug/Cerscospora/aug_0_4570.jpeg,Cercospora,excluded_pattern,,
ethiopian cofee leaf dataset/train aug/Cerscospora/aug_0_4573.jpeg,Cercospora,excluded_pattern,,
ethiopian cofee leaf dataset/train aug/Cerscospora/aug_0_4575.jpeg,Cercospora,excluded_pattern,,
ethiopian cofee leaf dataset/train aug/Cerscospora/aug_0_4576.jpeg,Cercospora,excluded_pattern,,
ethiopian cofee leaf dataset/train aug/Cerscospora/aug_0_4577.jpeg,Cercospora,excluded_pattern,,
ethiopian cofee leaf dataset/train aug/Cerscospora/aug_0_4588.jpeg,Cercospora,excluded_pattern,,
ethiopian cofee leaf dataset/train aug/Cerscospora/aug_0_4591.jpeg,Cercospora,excluded_pattern,,
ethiopian cofee leaf dataset/train aug/Cerscospora/aug_0_4593.jpeg,Cercospora,excluded_pattern,,
ethiopian cofee leaf dataset/train aug/Cerscospora/aug_0_4597.jpeg,Cercospora,excluded_pattern,,
ethiopian cofee leaf dataset/train aug/Cerscospora/aug_0_460.jpeg,Cercospora,excluded_pattern,,
ethiopian cofee leaf dataset/train aug/Cerscospora/aug_0_4608.jpeg,Cercospora,excluded_pattern,,
ethiopian cofee leaf dataset/train aug/Cerscospora/aug_0_4610.jpeg,Cercospora,excluded_pattern,,
ethiopian cofee leaf dataset/train aug/Cerscospora/aug_0_4612.jpeg,Cercospora,excluded_pattern,,
ethiopian cofee leaf dataset/train aug/Cerscospora/aug_0_4614.jpeg,Cercospora,excluded_pattern,,
ethiopian cofee leaf dataset/train aug/Cerscospora/aug_0_4617.jpeg,Cercospora,excluded_pattern,,
ethiopian cofee leaf dataset/train aug/Cerscospora/aug_0_4619.jpeg,Cercospora,excluded_pattern,,
ethiopian cofee leaf dataset/train aug/Cerscospora/aug_0_4628.jpeg,Cercospora,excluded_pattern,,
ethiopian cofee leaf dataset/train aug/Cerscospora/aug_0_4630.jpeg,Cercospora,excluded_pattern,,
ethiopian cofee leaf dataset/train aug/Cerscospora/aug_0_4632.jpeg,Cercospora,excluded_pattern,,
ethiopian cofee leaf dataset/train aug/Cerscospora/aug_0_4634.jpeg,Cercospora,excluded_pattern,,
ethiopian cofee leaf dataset/train aug/Cerscospora/aug_0_4640.jpeg,Cercospora,excluded_pattern,,
ethiopian cofee leaf dataset/train aug/Cerscospora/aug_0_4641.jpeg,Cercospora,excluded_pattern,,
ethiopian cofee leaf dataset/train aug/Cerscospora/aug_0_4645.jpeg,Cercospora,excluded_pattern,,
ethiopian cofee leaf dataset/train aug/Cerscospora/aug_0_4647.jpeg,Cercospora,excluded_pattern,,
ethiopian cofee leaf dataset/train aug/Cerscospora/aug_0_4650.jpeg,Cercospora,excluded_pattern,,
ethiopian cofee leaf dataset/train aug/Cerscospora/aug_0_4651.jpeg,Cercospora,excluded_pattern,,
ethiopian cofee leaf dataset/train aug/Cerscospora/aug_0_4653.jpeg,Cercospora,excluded_pattern,,
ethiopian cofee leaf dataset/train aug/Cerscospora/aug_0_4660.jpeg,Cercospora,excluded_pattern,,
ethiopian cofee leaf dataset/train aug/Cerscospora/aug_0_467.jpeg,Cercospora,excluded_pattern,,
ethiopian cofee leaf dataset/train aug/Cerscospora/aug_0_4672.jpeg,Cercospora,excluded_pattern,,
ethiopian cofee leaf dataset/train aug/Cerscospora/aug_0_4675.jpeg,Cercospora,excluded_pattern,,
ethiopian cofee leaf dataset/train aug/Cerscospora/aug_0_4678.jpeg,Cercospora,excluded_pattern,,
ethiopian cofee leaf dataset/train aug/Cerscospora/aug_0_4679.jpeg,Cercospora,excluded_pattern,,
ethiopian cofee leaf dataset/train aug/Cerscospora/aug_0_468.jpeg,Cercospora,excluded_pattern,,
ethiopian cofee leaf dataset/train aug/Cerscospora/aug_0_4681.jpeg,Cercospora,excluded_pattern,,
ethiopian cofee leaf dataset/train aug/Cerscospora/aug_0_4686.jpeg,Cercospora,excluded_pattern,,
ethiopian cofee leaf dataset/train aug/Cerscospora/aug_0_4687.jpeg,Cercospora,excluded_pattern,,
ethiopian cofee leaf dataset/train aug/Cerscospora/aug_0_4690.jpeg,Cercospora,excluded_pattern,,
ethiopian cofee leaf dataset/train aug/Cerscospora/aug_0_4691.jpeg,Cercospora,excluded_pattern,,
ethiopian cofee leaf dataset/train aug/Cerscospora/aug_0_4694.jpeg,Cercospora,excluded_pattern,,
ethiopian cofee leaf dataset/train aug/Cerscospora/aug_0_4696.jpeg,Cercospora,excluded_pattern,,
ethiopian cofee leaf dataset/train aug/Cerscospora/aug_0_4697.jpeg,Cercospora,excluded_pattern,,
ethiopian cofee leaf dataset/train aug/Cerscospora/aug_0_47.jpeg,Cercospora,excluded_pattern,,
ethiopian cofee leaf dataset/train aug/Cerscospora/aug_0_4704.jpeg,Cercospora,excluded_pattern,,
ethiopian cofee leaf dataset/train aug/Cerscospora/aug_0_4709.jpeg,Cercospora,excluded_pattern,,
ethiopian cofee leaf dataset/train aug/Cerscospora/aug_0_4713.jpeg,Cercospora,excluded_pattern,,
ethiopian cofee leaf dataset/train aug/Cerscospora/aug_0_4714.jpeg,Cercospora,excluded_pattern,,
ethiopian cofee leaf dataset/train aug/Cerscospora/aug_0_4717.jpeg,Cercospora,excluded_pattern,,
ethiopian cofee leaf dataset/train aug/Cerscospora/aug_0_4721.jpeg,Cercospora,excluded_pattern,,
ethiopian cofee leaf dataset/train aug/Cerscospora/aug_0_4722.jpeg,Cercospora,excluded_pattern,,
ethiopian cofee leaf dataset/train aug/Cerscospora/aug_0_4723.jpeg,Cercospora,excluded_pattern,,
ethiopian cofee leaf dataset/train aug/Cerscospora/aug_0_4724.jpeg,Cercospora,excluded_pattern,,
ethiopian cofee leaf dataset/train aug/Cerscospora/aug_0_4726.jpeg,Cercospora,excluded_pattern,,
ethiopian cofee leaf dataset/train aug/Cerscospora/aug_0_4727.jpeg,Cercospora,excluded_pattern,,
ethiopian cofee leaf dataset/train aug/Cerscospora/aug_0_4729.jpeg,Cercospora,excluded_pattern,,
ethiopian cofee leaf dataset/train aug/Cerscospora/aug_0_4737.jpeg,Cercospora,excluded_pattern,,
ethiopian cofee leaf dataset/train aug/Cerscospora/aug_0_474.jpeg,Cercospora,excluded_pattern,,
ethiopian cofee leaf dataset/train aug/Cerscospora/aug_0_4744.jpeg,Cercospora,excluded_pattern,,
ethiopian cofee leaf dataset/train aug/Cerscospora/aug_0_4753.jpeg,Cercospora,excluded_pattern,,
ethiopian cofee leaf dataset/train aug/Cerscospora/aug_0_4762.jpeg,Cercospora,excluded_pattern,,
ethiopian cofee leaf dataset/train aug/Cerscospora/aug_0_4783.jpeg,Cercospora,excluded_pattern,,
ethiopian cofee leaf dataset/train aug/Cerscospora/aug_0_479.jpeg,Cercospora,excluded_pattern,,
ethiopian cofee leaf dataset/train aug/Cerscospora/aug_0_4793.jpeg,Cercospora,excluded_pattern,,
ethiopian cofee leaf dataset/train aug/Cerscospora/aug_0_4794.jpeg,Cercospora,excluded_pattern,,
ethiopian cofee leaf dataset/train aug/Cerscospora/aug_0_4795.jpeg,Cercospora,excluded_pattern,,
ethiopian cofee leaf dataset/train aug/Cerscospora/aug_0_4797.jpeg,Cercospora,excluded_pattern,,
ethiopian cofee leaf dataset/train aug/Cerscospora/aug_0_4799.jpeg,Cercospora,excluded_pattern,,
ethiopian cofee leaf dataset/train aug/Cerscospora/aug_0_4801.jpeg,Cercospora,excluded_pattern,,
ethiopian cofee leaf dataset/train aug/Cerscospora/aug_0_4814.jpeg,Cercospora,excluded_pattern,,
ethiopian cofee leaf dataset/train aug/Cerscospora/aug_0_4816.jpeg,Cercospora,excluded_pattern,,
ethiopian cofee leaf dataset/train aug/Cerscospora/aug_0_482.jpeg,Cercospora,excluded_pattern,,
ethiopian cofee leaf dataset/train aug/Cerscospora/aug_0_4821.jpeg,Cercospora,excluded_pattern,,
ethiopian cofee leaf dataset/train aug/Cerscospora/aug_0_4824.jpeg,Cercospora,excluded_pattern,,
ethiopian cofee leaf dataset/train aug/Cerscospora/aug_0_4825.jpeg,Cercospora,excluded_pattern,,
ethiopian cofee leaf dataset/train aug/Cerscospora/aug_0_4831.jpeg,Cercospora,excluded_pattern,,
ethiopian cofee leaf dataset/train aug/Cerscospora/aug_0_4834.jpeg,Cercospora,excluded_pattern,,
ethiopian cofee leaf dataset/train aug/Cerscospora/aug_0_4836.jpeg,Cercospora,excluded_pattern,,
ethiopian cofee leaf dataset/train aug/Cerscospora/aug_0_4841.jpeg,Cercospora,excluded_pattern,,
ethiopian cofee leaf dataset/train aug/Cerscospora/aug_0_4842.jpeg,Cercospora,excluded_pattern,,
ethiopian cofee leaf dataset/train aug/Cerscospora/aug_0_4847.jpeg,Cercospora,excluded_pattern,,
ethiopian cofee leaf dataset/train aug/Cerscospora/aug_0_4853.jpeg,Cercospora,excluded_pattern,,
ethiopian cofee leaf dataset/train aug/Cerscospora/aug_0_4855.jpeg,Cercospora,excluded_pattern,,
ethiopian cofee leaf dataset/train aug/Cerscospora/aug_0_4857.jpeg,Cercospora,excluded_pattern,,
ethiopian cofee leaf dataset/train aug/Cerscospora/aug_0_4859.jpeg,Cercospora,excluded_pattern,,
ethiopian cofee leaf dataset/train aug/Cerscospora/aug_0_486.jpeg,Cercospora,excluded_pattern,,
ethiopian cofee leaf dataset/train aug/Cerscospora/aug_0_4864.jpeg,Cercospora,excluded_pattern,,
ethiopian cofee leaf dataset/train aug/Cerscospora/aug_0_487.jpeg,Cercospora,excluded_pattern,,
ethiopian cofee leaf dataset/train aug/Cerscospora/aug_0_4875.jpeg,Cercospora,excluded_pattern,,
ethiopian cofee leaf dataset/train aug/Cerscospora/aug_0_4880.jpeg,Cercospora,excluded_pattern,,
ethiopian cofee leaf dataset/train aug/Cerscospora/aug_0_490.jpeg,Cercospora,excluded_pattern,,
ethiopian cofee leaf dataset/train aug/Cerscospora/aug_0_4904.jpeg,Cercospora,excluded_pattern,,
ethiopian cofee leaf dataset/train aug/Cerscospora/aug_0_4905.jpeg,Cercospora,excluded_pattern,,
ethiopian cofee leaf dataset/train aug/Cerscospora/aug_0_4912.jpeg,Cercospora,excluded_pattern,,
ethiopian cofee leaf dataset/train aug/Cerscospora/aug_0_4915.jpeg,Cercospora,excluded_pattern,,
ethiopian cofee leaf dataset/train aug/Cerscospora/aug_0_4916.jpeg,Cercospora,excluded_pattern,,
ethiopian cofee leaf dataset/train aug/Cerscospora/aug_0_4920.jpeg,Cercospora,excluded_pattern,,
ethiopian cofee leaf dataset/train aug/Cerscospora/aug_0_4925.jpeg,Cercospora,excluded_pattern,,
ethiopian cofee leaf dataset/train aug/Cerscospora/aug_0_4928.jpeg,Cercospora,excluded_pattern,,
ethiopian cofee leaf dataset/train aug/Cerscospora/aug_0_493.jpeg,Cercospora,excluded_pattern,,
ethiopian cofee leaf dataset/train aug/Cerscospora/aug_0_4930.jpeg,Cercospora,excluded_pattern,,
ethiopian cofee leaf dataset/train aug/Cerscospora/aug_0_4937.jpeg,Cercospora,excluded_pattern,,
ethiopian cofee leaf dataset/train aug/Cerscospora/aug_0_4942.jpeg,Cercospora,excluded_pattern,,
ethiopian cofee leaf dataset/train aug/Cerscospora/aug_0_4954.jpeg,Cercospora,excluded_pattern,,
ethiopian cofee leaf dataset/train aug/Cerscospora/aug_0_4959.jpeg,Cercospora,excluded_pattern,,
ethiopian cofee leaf dataset/train aug/Cerscospora/aug_0_4960.jpeg,Cercospora,excluded_pattern,,
ethiopian cofee leaf dataset/train aug/Cerscospora/aug_0_4961.jpeg,Cercospora,excluded_pattern,,
ethiopian cofee leaf dataset/train aug/Cerscospora/aug_0_4962.jpeg,Cercospora,excluded_pattern,,
ethiopian cofee leaf dataset/train aug/Cerscospora/aug_0_4967.jpeg,Cercospora,excluded_pattern,,
ethiopian cofee leaf dataset/train aug/Cerscospora/aug_0_4975.jpeg,Cercospora,excluded_pattern,,
ethiopian cofee leaf dataset/train aug/Cerscospora/aug_0_4976.jpeg,Cercospora,excluded_pattern,,
ethiopian cofee leaf dataset/train aug/Cerscospora/aug_0_498.jpeg,Cercospora,excluded_pattern,,
ethiopian cofee leaf dataset/train aug/Cerscospora/aug_0_4981.jpeg,Cercospora,excluded_pattern,,
ethiopian cofee leaf dataset/train aug/Cerscospora/aug_0_4986.jpeg,Cercospora,excluded_pattern,,
ethiopian cofee leaf dataset/train aug/Cerscospora/aug_0_4990.jpeg,Cercospora,excluded_pattern,,
ethiopian cofee leaf dataset/train aug/Cerscospora/aug_0_4992.jpeg,Cercospora,excluded_pattern,,
ethiopian cofee leaf dataset/train aug/Cerscospora/aug_0_50.jpeg,Cercospora,excluded_pattern,,
ethiopian cofee leaf dataset/train aug/Cerscospora/aug_0_5001.jpeg,Cercospora,excluded_pattern,,
ethiopian cofee leaf dataset/train aug/Cerscospora/aug_0_5002.jpeg,Cercospora,excluded_pattern,,
ethiopian cofee leaf dataset/train aug/Cerscospora/aug_0_5008.jpeg,Cercospora,excluded_pattern,,
ethiopian cofee leaf dataset/train aug/Cerscospora/aug_0_5010.jpeg,Cercospora,excluded_pattern,,
ethiopian cofee leaf dataset/train aug/Cerscospora/aug_0_5017.jpeg,Cercospora,excluded_pattern,,
ethiopian cofee leaf dataset/train aug/Cerscospora/aug_0_5018.jpeg,Cercospora,excluded_pattern,,
ethiopian cofee leaf dataset/train aug/Cerscospora/aug_0_502.jpeg,Cercospora,excluded_pattern,,
ethiopian cofee leaf dataset/train aug/Cerscospora/aug_0_5021.jpeg,Cercospora,excluded_pattern,,
ethiopian cofee leaf dataset/train aug/Cerscospora/aug_0_5022.jpeg,Cercospora,excluded_pattern,,
ethiopian cofee leaf dataset/train aug/Cerscospora/aug_0_5024.jpeg,Cercospora,excluded_pattern,,
ethiopian cofee leaf dataset/train aug/Cerscospora/aug_0_5026.jpeg,Cercospora,excluded_pattern,,
ethiopian cofee leaf dataset/train aug/Cerscospora/aug_0_5028.jpeg,Cercospora,excluded_pattern,,
ethiopian cofee leaf dataset/train aug/Cerscospora/aug_0_5031.jpeg,Cercospora,excluded_pattern,,
ethiopian cofee leaf dataset/train aug/Cerscospora/aug_0_5032.jpeg,Cercospora,excluded_pattern,,
ethiopian cofee leaf dataset/train aug/Cerscospora/aug_0_5037.jpeg,Cercospora,excluded_pattern,,
ethiopian cofee leaf dataset/train aug/Cerscospora/aug_0_5038.jpeg,Cercospora,excluded_pattern,,
ethiopian cofee leaf dataset/train aug/Cerscospora/aug_0_5040.jpeg,Cercospora,excluded_pattern,,
ethiopian cofee leaf dataset/train aug/Cerscospora/aug_0_5045.jpeg,Cercospora,excluded_pattern,,
ethiopian cofee leaf dataset/train aug/Cerscospora/aug_0_5046.jpeg,Cercospora,excluded_pattern,,
ethiopian cofee leaf dataset/train aug/Cerscospora/aug_0_5047.jpeg,Cercospora,excluded_pattern,,
ethiopian cofee leaf dataset/train aug/Cerscospora/aug_0_5049.jpeg,Cercospora,excluded_pattern,,
ethiopian cofee leaf dataset/train aug/Cerscospora/aug_0_5050.jpeg,Cercospora,excluded_pattern,,
ethiopian cofee leaf dataset/train aug/Cerscospora/aug_0_5051.jpeg,Cercospora,excluded_pattern,,
ethiopian cofee leaf dataset/train aug/Cerscospora/aug_0_5055.jpeg,Cercospora,excluded_pattern,,
ethiopian cofee leaf dataset/train aug/Cerscospora/aug_0_5059.jpeg,Cercospora,excluded_pattern,,
ethiopian cofee leaf dataset/train aug/Cerscospora/aug_0_5062.jpeg,Cercospora,excluded_pattern,,
ethiopian cofee leaf dataset/train aug/Cerscospora/aug_0_5068.jpeg,Cercospora,excluded_pattern,,
ethiopian cofee leaf dataset/train aug/Cerscospora/aug_0_508.jpeg,Cercospora,excluded_pattern,,
ethiopian cofee leaf dataset/train aug/Cerscospora/aug_0_5080.jpeg,Cercospora,excluded_pattern,,
ethiopian cofee leaf dataset/train aug/Cerscospora/aug_0_5083.jpeg,Cercospora,excluded_pattern,,
ethiopian cofee leaf dataset/train aug/Cerscospora/aug_0_5085.jpeg,Cercospora,excluded_pattern,,
ethiopian cofee leaf dataset/train aug/Cerscospora/aug_0_5086.jpeg,Cercospora,excluded_pattern,,
ethiopian cofee leaf dataset/train aug/Cerscospora/aug_0_5097.jpeg,Cercospora,excluded_pattern,,
ethiopian cofee leaf dataset/train aug/Cerscospora/aug_0_5099.jpeg,Cercospora,excluded_pattern,,
ethiopian cofee leaf dataset/train aug/Cerscospora/aug_0_5101.jpeg,Cercospora,excluded_pattern,,
ethiopian cofee leaf dataset/train aug/Cerscospora/aug_0_5108.jpeg,Cercospora,excluded_pattern,,
ethiopian cofee leaf dataset/train aug/Cerscospora/aug_0_5110.jpeg,Cercospora,excluded_pattern,,
ethiopian cofee leaf dataset/train aug/Cerscospora/aug_0_5111.jpeg,Cercospora,excluded_pattern,,
ethiopian cofee leaf dataset/train aug/Cerscospora/aug_0_5115.jpeg,Cercospora,excluded_pattern,,
ethiopian cofee leaf dataset/train aug/Cerscospora/aug_0_5117.jpeg,Cercospora,excluded_pattern,,
ethiopian cofee leaf dataset/train aug/Cerscospora/aug_0_512.jpeg,Cercospora,excluded_pattern,,
ethiopian cofee leaf dataset/train aug/Cerscospora/aug_0_5121.jpeg,Cercospora,excluded_pattern,,
ethiopian cofee leaf dataset/train aug/Cerscospora/aug_0_5124.jpeg,Cercospora,excluded_pattern,,
ethiopian cofee leaf dataset/train aug/Cerscospora/aug_0_5127.jpeg,Cercospora,excluded_pattern,,
ethiopian cofee leaf dataset/train aug/Cerscospora/aug_0_5133.jpeg,Cercospora,excluded_pattern,,
ethiopian cofee leaf dataset/train aug/Cerscospora/aug_0_5139.jpeg,Cercospora,excluded_pattern,,
ethiopian cofee leaf dataset/train aug/Cerscospora/aug_0_514.jpeg,Cercospora,excluded_pattern,,
ethiopian cofee leaf dataset/train aug/Cerscospora/aug_0_5144.jpeg,Cercospora,excluded_pattern,,
ethiopian cofee leaf dataset/train aug/Cerscospora/aug_0_5145.jpeg,Cercospora,excluded_pattern,,
ethiopian cofee leaf dataset/train aug/Cerscospora/aug_0_5146.jpeg,Cercospora,excluded_pattern,,
ethiopian cofee leaf dataset/train aug/Cerscospora/aug_0_5151.jpeg,Cercospora,excluded_pattern,,
ethiopian cofee leaf dataset/train aug/Cerscospora/aug_0_5152.jpeg,Cercospora,excluded_pattern,,
ethiopian cofee leaf dataset/train aug/Cerscospora/aug_0_5154.jpeg,Cercospora,excluded_pattern,,
ethiopian cofee leaf dataset/train aug/Cerscospora/aug_0_5156.jpeg,Cercospora,excluded_pattern,,
ethiopian cofee leaf dataset/train aug/Cerscospora/aug_0_5162.jpeg,Cercospora,excluded_pattern,,
ethiopian cofee leaf dataset/train aug/Cerscospora/aug_0_5165.jpeg,Cercospora,excluded_pattern,,
ethiopian cofee leaf dataset/train aug/Cerscospora/aug_0_5168.jpeg,Cercospora,excluded_pattern,,
ethiopian cofee leaf dataset/train aug/Cerscospora/aug_0_517.jpeg,Cercospora,excluded_pattern,,
ethiopian cofee leaf dataset/train aug/Cerscospora/aug_0_5170.jpeg,Cercospora,excluded_pattern,,
ethiopian cofee leaf dataset/train aug/Cerscospora/aug_0_5172.jpeg,Cercospora,excluded_pattern,,
ethiopian cofee leaf dataset/train aug/Cerscospora/aug_0_5182.jpeg,Cercospora,excluded_pattern,,
ethiopian cofee leaf dataset/train aug/Cerscospora/aug_0_5186.jpeg,Cercospora,excluded_pattern,,
ethiopian cofee leaf dataset/train aug/Cerscospora/aug_0_5187.jpeg,Cercospora,excluded_pattern,,
ethiopian cofee leaf dataset/train aug/Cerscospora/aug_0_519.jpeg,Cercospora,excluded_pattern,,
ethiopian cofee leaf dataset/train aug/Cerscospora/aug_0_5198.jpeg,Cercospora,excluded_pattern,,
ethiopian cofee leaf dataset/train aug/Cerscospora/aug_0_52.jpeg,Cercospora,excluded_pattern,,
ethiopian cofee leaf dataset/train aug/Cerscospora/aug_0_5200.jpeg,Cercospora,excluded_pattern,,
ethiopian cofee leaf dataset/train aug/Cerscospora/aug_0_5204.jpeg,Cercospora,excluded_pattern,,
ethiopian cofee leaf dataset/train aug/Cerscospora/aug_0_5205.jpeg,Cercospora,excluded_pattern,,
ethiopian cofee leaf dataset/train aug/Cerscospora/aug_0_5208.jpeg,Cercospora,excluded_pattern,,
ethiopian cofee leaf dataset/train aug/Cerscospora/aug_0_5211.jpeg,Cercospora,excluded_pattern,,
ethiopian cofee leaf dataset/train aug/Cerscospora/aug_0_5213.jpeg,Cercospora,excluded_pattern,,
ethiopian cofee leaf dataset/train aug/Cerscospora/aug_0_5218.jpeg,Cercospora,excluded_pattern,,
ethiopian cofee leaf dataset/train aug/Cerscospora/aug_0_5223.jpeg,Cercospora,excluded_pattern,,
ethiopian cofee leaf dataset/train aug/Cerscospora/aug_0_5233.jpeg,Cercospora,excluded_pattern,,
ethiopian cofee leaf dataset/train aug/Cerscospora/aug_0_5234.jpeg,Cercospora,excluded_pattern,,
ethiopian cofee leaf dataset/train aug/Cerscospora/aug_0_5239.jpeg,Cercospora,excluded_pattern,,
ethiopian cofee leaf dataset/train aug/Cerscospora/aug_0_524.jpeg,Cercospora,excluded_pattern,,
ethiopian cofee leaf dataset/train aug/Cerscospora/aug_0_5240.jpeg,Cercospora,excluded_pattern,,
ethiopian cofee leaf dataset/train aug/Cerscospora/aug_0_5242.jpeg,Cercospora,excluded_pattern,,
ethiopian cofee leaf dataset/train aug/Cerscospora/aug_0_5248.jpeg,Cercospora,excluded_pattern,,
ethiopian cofee leaf dataset/train aug/Cerscospora/aug_0_5250.jpeg,Cercospora,excluded_pattern,,
ethiopian cofee leaf dataset/train aug/Cerscospora/aug_0_5252.jpeg,Cercospora,excluded_pattern,,
ethiopian cofee leaf dataset/train aug/Cerscospora/aug_0_5255.jpeg,Cercospora,excluded_pattern,,
ethiopian cofee leaf dataset/train aug/Cerscospora/aug_0_5259.jpeg,Cercospora,excluded_pattern,,
ethiopian cofee leaf dataset/train aug/Cerscospora/aug_0_5260.jpeg,Cercospora,excluded_pattern,,
ethiopian cofee leaf dataset/train aug/Cerscospora/aug_0_5262.jpeg,Cercospora,excluded_pattern,,
ethiopian cofee leaf dataset/train aug/Cerscospora/aug_0_5269.jpeg,Cercospora,excluded_pattern,,
ethiopian cofee leaf dataset/train aug/Cerscospora/aug_0_5274.jpeg,Cercospora,excluded_pattern,,
ethiopian cofee leaf dataset/train aug/Cerscospora/aug_0_5277.jpeg,Cercospora,excluded_pattern,,
ethiopian cofee leaf dataset/train aug/Cerscospora/aug_0_5280.jpeg,Cercospora,excluded_pattern,,
ethiopian cofee leaf dataset/train aug/Cerscospora/aug_0_5281.jpeg,Cercospora,excluded_pattern,,
ethiopian cofee leaf dataset/train aug/Cerscospora/aug_0_5290.jpeg,Cercospora,excluded_pattern,,
ethiopian cofee leaf dataset/train aug/Cerscospora/aug_0_5291.jpeg,Cercospora,excluded_pattern,,
ethiopian cofee leaf dataset/train aug/Cerscospora/aug_0_5295.jpeg,Cercospora,excluded_pattern,,
ethiopian cofee leaf dataset/train aug/Cerscospora/aug_0_5299.jpeg,Cercospora,excluded_pattern,,
ethiopian cofee leaf dataset/train aug/Cerscospora/aug_0_5300.jpeg,Cercospora,excluded_pattern,,
ethiopian cofee leaf dataset/train aug/Cerscospora/aug_0_5302.jpeg,Cercospora,excluded_pattern,,
ethiopian cofee leaf dataset/train aug/Cerscospora/aug_0_5304.jpeg,Cercospora,excluded_pattern,,
ethiopian cofee leaf dataset/train aug/Cerscospora/aug_0_5307.jpeg,Cercospora,excluded_pattern,,
ethiopian cofee leaf dataset/train aug/Cerscospora/aug_0_5308.jpeg,Cercospora,excluded_pattern,,
ethiopian cofee leaf dataset/train aug/Cerscospora/aug_0_5311.jpeg,Cercospora,excluded_pattern,,
ethiopian cofee leaf dataset/train aug/Cerscospora/aug_0_5314.jpeg,Cercospora,excluded_pattern,,
ethiopian cofee leaf dataset/train aug/Cerscospora/aug_0_5318.jpeg,Cercospora,excluded_pattern,,
ethiopian cofee leaf dataset/train aug/Cerscospora/aug_0_5321.jpeg,Cercospora,excluded_pattern,,
ethiopian cofee leaf dataset/train aug/Cerscospora/aug_0_5324.jpeg,Cercospora,excluded_pattern,,
ethiopian cofee leaf dataset/train aug/Cerscospora/aug_0_5326.jpeg,Cercospora,excluded_pattern,,
ethiopian cofee leaf dataset/train aug/Cerscospora/aug_0_5329.jpeg,Cercospora,excluded_pattern,,
ethiopian cofee leaf dataset/train aug/Cerscospora/aug_0_5336.jpeg,Cercospora,excluded_pattern,,
ethiopian cofee leaf dataset/train aug/Cerscospora/aug_0_5343.jpeg,Cercospora,excluded_pattern,,
ethiopian cofee leaf dataset/train aug/Cerscospora/aug_0_5344.jpeg,Cercospora,excluded_pattern,,
ethiopian cofee leaf dataset/train aug/Cerscospora/aug_0_5346.jpeg,Cercospora,excluded_pattern,,
ethiopian cofee leaf dataset/train aug/Cerscospora/aug_0_5347.jpeg,Cercospora,excluded_pattern,,
ethiopian cofee leaf dataset/train aug/Cerscospora/aug_0_5352.jpeg,Cercospora,excluded_pattern,,
ethiopian cofee leaf dataset/train aug/Cerscospora/aug_0_5355.jpeg,Cercospora,excluded_pattern,,
ethiopian cofee leaf dataset/train aug/Cerscospora/aug_0_5361.jpeg,Cercospora,excluded_pattern,,
ethiopian cofee leaf dataset/train aug/Cerscospora/aug_0_5362.jpeg,Cercospora,excluded_pattern,,
ethiopian cofee leaf dataset/train aug/Cerscospora/aug_0_5363.jpeg,Cercospora,excluded_pattern,,
ethiopian cofee leaf dataset/train aug/Cerscospora/aug_0_537.jpeg,Cercospora,excluded_pattern,,
ethiopian cofee leaf dataset/train aug/Cerscospora/aug_0_5370.jpeg,Cercospora,excluded_pattern,,
ethiopian cofee leaf dataset/train aug/Cerscospora/aug_0_5378.jpeg,Cercospora,excluded_pattern,,
ethiopian cofee leaf dataset/train aug/Cerscospora/aug_0_5381.jpeg,Cercospora,excluded_pattern,,
ethiopian cofee leaf dataset/train aug/Cerscospora/aug_0_5386.jpeg,Cercospora,excluded_pattern,,
ethiopian cofee leaf dataset/train aug/Cerscospora/aug_0_5387.jpeg,Cercospora,excluded_pattern,,
ethiopian cofee leaf dataset/train aug/Cerscospora/aug_0_5390.jpeg,Cercospora,excluded_pattern,,
ethiopian cofee leaf dataset/train aug/Cerscospora/aug_0_5394.jpeg,Cercospora,excluded_pattern,,
ethiopian cofee leaf dataset/train aug/Cerscospora/aug_0_5397.jpeg,Cercospora,excluded_pattern,,
ethiopian cofee leaf dataset/train aug/Cerscospora/aug_0_5399.jpeg,Cercospora,excluded_pattern,,
ethiopian cofee leaf dataset/train aug/Cerscospora/aug_0_5401.jpeg,Cercospora,excluded_pattern,,
ethiopian cofee leaf dataset/train aug/Cerscospora/aug_0_5402.jpeg,Cercospora,excluded_pattern,,
ethiopian cofee leaf dataset/train aug/Cerscospora/aug_0_5405.jpeg,Cercospora,excluded_pattern,,
ethiopian cofee leaf dataset/train aug/Cerscospora/aug_0_5407.jpeg,Cercospora,excluded_pattern,,
ethiopian cofee leaf dataset/train aug/Cerscospora/aug_0_5408.jpeg,Cercospora,excluded_pattern,,
ethiopian cofee leaf dataset/train aug/Cerscospora/aug_0_5412.jpeg,Cercospora,excluded_pattern,,
ethiopian cofee leaf dataset/train aug/Cerscospora/aug_0_5415.jpeg,Cercospora,excluded_pattern,,
ethiopian cofee leaf dataset/train aug/Cerscospora/aug_0_5417.jpeg,Cercospora,excluded_pattern,,
ethiopian cofee leaf dataset/train aug/Cerscospora/aug_0_5425.jpeg,Cercospora,excluded_pattern,,
ethiopian cofee leaf dataset/train aug/Cerscospora/aug_0_5427.jpeg,Cercospora,excluded_pattern,,
ethiopian cofee leaf dataset/train aug/Cerscospora/aug_0_5429.jpeg,Cercospora,excluded_pattern,,
ethiopian cofee leaf dataset/train aug/Cerscospora/aug_0_5431.jpeg,Cercospora,excluded_pattern,,
ethiopian cofee leaf dataset/train aug/Cerscospora/aug_0_5443.jpeg,Cercospora,excluded_pattern,,
ethiopian cofee leaf dataset/train aug/Cerscospora/aug_0_5445.jpeg,Cercospora,excluded_pattern,,
ethiopian cofee leaf dataset/train aug/Cerscospora/aug_0_5447.jpeg,Cercospora,excluded_pattern,,
ethiopian cofee leaf dataset/train aug/Cerscospora/aug_0_5448.jpeg,Cercospora,excluded_pattern,,
ethiopian cofee leaf dataset/train aug/Cerscospora/aug_0_5449.jpeg,Cercospora,excluded_pattern,,
ethiopian cofee leaf dataset/train aug/Cerscospora/aug_0_5450.jpeg,Cercospora,excluded_pattern,,
ethiopian cofee leaf dataset/train aug/Cerscospora/aug_0_5454.jpeg,Cercospora,excluded_pattern,,
ethiopian cofee leaf dataset/train aug/Cerscospora/aug_0_5465.jpeg,Cercospora,excluded_pattern,,
ethiopian cofee leaf dataset/train aug/Cerscospora/aug_0_5467.jpeg,Cercospora,excluded_pattern,,
ethiopian cofee leaf dataset/train aug/Cerscospora/aug_0_5468.jpeg,Cercospora,excluded_pattern,,
ethiopian cofee leaf dataset/train aug/Cerscospora/aug_0_5470.jpeg,Cercospora,excluded_pattern,,
ethiopian cofee leaf dataset/train aug/Cerscospora/aug_0_5471.jpeg,Cercospora,excluded_pattern,,
ethiopian cofee leaf dataset/train aug/Cerscospora/aug_0_5472.jpeg,Cercospora,excluded_pattern,,
ethiopian cofee leaf dataset/train aug/Cerscospora/aug_0_5476.jpeg,Cercospora,excluded_pattern,,
ethiopian cofee leaf dataset/train aug/Cerscospora/aug_0_548.jpeg,Cercospora,excluded_pattern,,
ethiopian cofee leaf dataset/train aug/Cerscospora/aug_0_5482.jpeg,Cercospora,excluded_pattern,,
ethiopian cofee leaf dataset/train aug/Cerscospora/aug_0_5483.jpeg,Cercospora,excluded_pattern,,
ethiopian cofee leaf dataset/train aug/Cerscospora/aug_0_5487.jpeg,Cercospora,excluded_pattern,,
ethiopian cofee leaf dataset/train aug/Cerscospora/aug_0_5488.jpeg,Cercospora,excluded_pattern,,
ethiopian cofee leaf dataset/train aug/Cerscospora/aug_0_5491.jpeg,Cercospora,excluded_pattern,,
ethiopian cofee leaf dataset/train aug/Cerscospora/aug_0_5492.jpeg,Cercospora,excluded_pattern,,
ethiopian cofee leaf dataset/train aug/Cerscospora/aug_0_5494.jpeg,Cercospora,excluded_pattern,,
ethiopian cofee leaf dataset/train aug/Cerscospora/aug_0_5499.jpeg,Cercospora,excluded_pattern,,
ethiopian cofee leaf dataset/train aug/Cerscospora/aug_0_5503.jpeg,Cercospora,excluded_pattern,,
ethiopian cofee leaf dataset/train aug/Cerscospora/aug_0_5505.jpeg,Cercospora,excluded_pattern,,
ethiopian cofee leaf dataset/train aug/Cerscospora/aug_0_5508.jpeg,Cercospora,excluded_pattern,,
ethiopian cofee leaf dataset/train aug/Cerscospora/aug_0_551.jpeg,Cercospora,excluded_pattern,,
ethiopian cofee leaf dataset/train aug/Cerscospora/aug_0_5511.jpeg,Cercospora,excluded_pattern,,
ethiopian cofee leaf dataset/train aug/Cerscospora/aug_0_5513.jpeg,Cercospora,excluded_pattern,,
ethiopian cofee leaf dataset/train aug/Cerscospora/aug_0_5516.jpeg,Cercospora,excluded_pattern,,
ethiopian cofee leaf dataset/train aug/Cerscospora/aug_0_5524.jpeg,Cercospora,excluded_pattern,,
ethiopian cofee leaf dataset/train aug/Cerscospora/aug_0_5525.jpeg,Cercospora,excluded_pattern,,
ethiopian cofee leaf dataset/train aug/Cerscospora/aug_0_5526.jpeg,Cercospora,excluded_pattern,,
ethiopian cofee leaf dataset/train aug/Cerscospora/aug_0_5530.jpeg,Cercospora,excluded_pattern,,
ethiopian cofee leaf dataset/train aug/Cerscospora/aug_0_5532.jpeg,Cercospora,excluded_pattern,,
ethiopian cofee leaf dataset/train aug/Cerscospora/aug_0_5534.jpeg,Cercospora,excluded_pattern,,
ethiopian cofee leaf dataset/train aug/Cerscospora/aug_0_5539.jpeg,Cercospora,excluded_pattern,,
ethiopian cofee leaf dataset/train aug/Cerscospora/aug_0_555.jpeg,Cercospora,excluded_pattern,,
ethiopian cofee leaf dataset/train aug/Cerscospora/aug_0_5558.jpeg,Cercospora,excluded_pattern,,
ethiopian cofee leaf dataset/train aug/Cerscospora/aug_0_5559.jpeg,Cercospora,excluded_pattern,,
ethiopian cofee leaf dataset/train aug/Cerscospora/aug_0_5561.jpeg,Cercospora,excluded_pattern,,
ethiopian cofee leaf dataset/train aug/Cerscospora/aug_0_5562.jpeg,Cercospora,excluded_pattern,,
ethiopian cofee leaf dataset/train aug/Cerscospora/aug_0_5564.jpeg,Cercospora,excluded_pattern,,
ethiopian cofee leaf dataset/train aug/Cerscospora/aug_0_5567.jpeg,Cercospora,excluded_pattern,,
ethiopian cofee leaf dataset/train aug/Cerscospora/aug_0_5569.jpeg,Cercospora,excluded_pattern,,
ethiopian cofee leaf dataset/train aug/Cerscospora/aug_0_5571.jpeg,Cercospora,excluded_pattern,,
ethiopian cofee leaf dataset/train aug/Cerscospora/aug_0_5581.jpeg,Cercospora,excluded_pattern,,
ethiopian cofee leaf dataset/train aug/Cerscospora/aug_0_5589.jpeg,Cercospora,excluded_pattern,,
ethiopian cofee leaf dataset/train aug/Cerscospora/aug_0_5590.jpeg,Cercospora,excluded_pattern,,
ethiopian cofee leaf dataset/train aug/Cerscospora/aug_0_5592.jpeg,Cercospora,excluded_pattern,,
ethiopian cofee leaf dataset/train aug/Cerscospora/aug_0_5593.jpeg,Cercospora,excluded_pattern,,
ethiopian cofee leaf dataset/train aug/Cerscospora/aug_0_5594.jpeg,Cercospora,excluded_pattern,,
ethiopian cofee leaf dataset/train aug/Cerscospora/aug_0_5601.jpeg,Cercospora,excluded_pattern,,
ethiopian cofee leaf dataset/train aug/Cerscospora/aug_0_5605.jpeg,Cercospora,excluded_pattern,,
ethiopian cofee leaf dataset/train aug/Cerscospora/aug_0_561.jpeg,Cercospora,excluded_pattern,,
ethiopian cofee leaf dataset/train aug/Cerscospora/aug_0_5611.jpeg,Cercospora,excluded_pattern,,
ethiopian cofee leaf dataset/train aug/Cerscospora/aug_0_5613.jpeg,Cercospora,excluded_pattern,,
ethiopian cofee leaf dataset/train aug/Cerscospora/aug_0_5614.jpeg,Cercospora,excluded_pattern,,
ethiopian cofee leaf dataset/train aug/Cerscospora/aug_0_5617.jpeg,Cercospora,excluded_pattern,,
ethiopian cofee leaf dataset/train aug/Cerscospora/aug_0_5618.jpeg,Cercospora,excluded_pattern,,
ethiopian cofee leaf dataset/train aug/Cerscospora/aug_0_5625.jpeg,Cercospora,excluded_pattern,,
ethiopian cofee leaf dataset/train aug/Cerscospora/aug_0_5632.jpeg,Cercospora,excluded_pattern,,
ethiopian cofee leaf dataset/train aug/Cerscospora/aug_0_5637.jpeg,Cercospora,excluded_pattern,,
ethiopian cofee leaf dataset/train aug/Cerscospora/aug_0_5638.jpeg,Cercospora,excluded_pattern,,
ethiopian cofee leaf dataset/train aug/Cerscospora/aug_0_5639.jpeg,Cercospora,excluded_pattern,,
ethiopian cofee leaf dataset/train aug/Cerscospora/aug_0_564.jpeg,Cercospora,excluded_pattern,,
ethiopian cofee leaf dataset/train aug/Cerscospora/aug_0_5647.jpeg,Cercospora,excluded_pattern,,
ethiopian cofee leaf dataset/train aug/Cerscospora/aug_0_565.jpeg,Cercospora,excluded_pattern,,
ethiopian cofee leaf dataset/train aug/Cerscospora/aug_0_5652.jpeg,Cercospora,excluded_pattern,,
ethiopian cofee leaf dataset/train aug/Cerscospora/aug_0_5654.jpeg,Cercospora,excluded_pattern,,
ethiopian cofee leaf dataset/train aug/Cerscospora/aug_0_5655.jpeg,Cercospora,excluded_pattern,,
ethiopian cofee leaf dataset/train aug/Cerscospora/aug_0_5658.jpeg,Cercospora,excluded_pattern,,
ethiopian cofee leaf dataset/train aug/Cerscospora/aug_0_566.jpeg,Cercospora,excluded_pattern,,
ethiopian cofee leaf dataset/train aug/Cerscospora/aug_0_5662.jpeg,Cercospora,excluded_pattern,,
ethiopian cofee leaf dataset/train aug/Cerscospora/aug_0_5664.jpeg,Cercospora,excluded_pattern,,
ethiopian cofee leaf dataset/train aug/Cerscospora/aug_0_5666.jpeg,Cercospora,excluded_pattern,,
ethiopian cofee leaf dataset/train aug/Cerscospora/aug_0_5672.jpeg,Cercospora,excluded_pattern,,
ethiopian cofee leaf dataset/train aug/Cerscospora/aug_0_5674.jpeg,Cercospora,excluded_pattern,,
ethiopian cofee leaf dataset/train aug/Cerscospora/aug_0_5676.jpeg,Cercospora,excluded_pattern,,
ethiopian cofee leaf dataset/train aug/Cerscospora/aug_0_5679.jpeg,Cercospora,excluded_pattern,,
ethiopian cofee leaf dataset/train aug/Cerscospora/aug_0_5687.jpeg,Cercospora,excluded_pattern,,
ethiopian cofee leaf dataset/train aug/Cerscospora/aug_0_569.jpeg,Cercospora,excluded_pattern,,
ethiopian cofee leaf dataset/train aug/Cerscospora/aug_0_5692.jpeg,Cercospora,excluded_pattern,,
ethiopian cofee leaf dataset/train aug/Cerscospora/aug_0_57.jpeg,Cercospora,excluded_pattern,,
ethiopian cofee leaf dataset/train aug/Cerscospora/aug_0_5703.jpeg,Cercospora,excluded_pattern,,
ethiopian cofee leaf dataset/train aug/Cerscospora/aug_0_5704.jpeg,Cercospora,excluded_pattern,,
ethiopian cofee leaf dataset/train aug/Cerscospora/aug_0_5706.jpeg,Cercospora,excluded_pattern,,
ethiopian cofee leaf dataset/train aug/Cerscospora/aug_0_5709.jpeg,Cercospora,excluded_pattern,,
ethiopian cofee leaf dataset/train aug/Cerscospora/aug_0_5710.jpeg,Cercospora,excluded_pattern,,
ethiopian cofee leaf dataset/train aug/Cerscospora/aug_0_5713.jpeg,Cercospora,excluded_pattern,,
ethiopian cofee leaf dataset/train aug/Cerscospora/aug_0_5716.jpeg,Cercospora,excluded_pattern,,
ethiopian cofee leaf dataset/train aug/Cerscospora/aug_0_5724.jpeg,Cercospora,excluded_pattern,,
ethiopian cofee leaf dataset/train aug/Cerscospora/aug_0_5730.jpeg,Cercospora,excluded_pattern,,
ethiopian cofee leaf dataset/train aug/Cerscospora/aug_0_5732.jpeg,Cercospora,excluded_pattern,,
ethiopian cofee leaf dataset/train aug/Cerscospora/aug_0_5736.jpeg,Cercospora,excluded_pattern,,
ethiopian cofee leaf dataset/train aug/Cerscospora/aug_0_574.jpeg,Cercospora,excluded_pattern,,
ethiopian cofee leaf dataset/train aug/Cerscospora/aug_0_5741.jpeg,Cercospora,excluded_pattern,,
ethiopian cofee leaf dataset/train aug/Cerscospora/aug_0_5742.jpeg,Cercospora,excluded_pattern,,
ethiopian cofee leaf dataset/train aug/Cerscospora/aug_0_5745.jpeg,Cercospora,excluded_pattern,,
ethiopian cofee leaf dataset/train aug/Cerscospora/aug_0_5746.jpeg,Cercospora,excluded_pattern,,
ethiopian cofee leaf dataset/train aug/Cerscospora/aug_0_5748.jpeg,Cercospora,excluded_pattern,,
ethiopian cofee leaf dataset/train aug/Cerscospora/aug_0_5749.jpeg,Cercospora,excluded_pattern,,
ethiopian cofee leaf dataset/train aug/Cerscospora/aug_0_5754.jpeg,Cercospora,excluded_pattern,,
ethiopian cofee leaf dataset/train aug/Cerscospora/aug_0_5755.jpeg,Cercospora,excluded_pattern,,
ethiopian cofee leaf dataset/train aug/Cerscospora/aug_0_5756.jpeg,Cercospora,excluded_pattern,,
ethiopian cofee leaf dataset/train aug/Cerscospora/aug_0_5758.jpeg,Cercospora,excluded_pattern,,
ethiopian cofee leaf dataset/train aug/Cerscospora/aug_0_5759.jpeg,Cercospora,excluded_pattern,,
ethiopian cofee leaf dataset/train aug/Cerscospora/aug_0_576.jpeg,Cercospora,excluded_pattern,,
ethiopian cofee leaf dataset/train aug/Cerscospora/aug_0_5764.jpeg,Cercospora,excluded_pattern,,
ethiopian cofee leaf dataset/train aug/Cerscospora/aug_0_5766.jpeg,Cercospora,excluded_pattern,,
ethiopian cofee leaf dataset/train aug/Cerscospora/aug_0_5772.jpeg,Cercospora,excluded_pattern,,
ethiopian cofee leaf dataset/train aug/Cerscospora/aug_0_5782.jpeg,Cercospora,excluded_pattern,,
ethiopian cofee leaf dataset/train aug/Cerscospora/aug_0_5783.jpeg,Cercospora,excluded_pattern,,
ethiopian cofee leaf dataset/train aug/Cerscospora/aug_0_5799.jpeg,Cercospora,excluded_pattern,,
ethiopian cofee leaf dataset/train aug/Cerscospora/aug_0_580.jpeg,Cercospora,excluded_pattern,,
ethiopian cofee leaf dataset/train aug/Cerscospora/aug_0_5805.jpeg,Cercospora,excluded_pattern,,
ethiopian cofee leaf dataset/train aug/Cerscospora/aug_0_5806.jpeg,Cercospora,excluded_pattern,,
ethiopian cofee leaf dataset/train aug/Cerscospora/aug_0_5817.jpeg,Cercospora,excluded_pattern,,
ethiopian cofee leaf dataset/train aug/Cerscospora/aug_0_5819.jpeg,Cercospora,excluded_pattern,,
ethiopian cofee leaf dataset/train aug/Cerscospora/aug_0_582.jpeg,Cercospora,excluded_pattern,,
ethiopian cofee leaf dataset/train aug/Cerscospora/aug_0_5821.jpeg,Cercospora,excluded_pattern,,
ethiopian cofee leaf dataset/train aug/Cerscospora/aug_0_5830.jpeg,Cercospora,excluded_pattern,,
ethiopian cofee leaf dataset/train aug/Cerscospora/aug_0_5835.jpeg,Cercospora,excluded_pattern,,
ethiopian cofee leaf dataset/train aug/Cerscospora/aug_0_5836.jpeg,Cercospora,excluded_pattern,,
ethiopian cofee leaf dataset/train aug/Cerscospora/aug_0_5837.jpeg,Cercospora,excluded_pattern,,
ethiopian cofee leaf dataset/train aug/Cerscospora/aug_0_5843.jpeg,Cercospora,excluded_pattern,,
ethiopian cofee leaf dataset/train aug/Cerscospora/aug_0_5849.jpeg,Cercospora,excluded_pattern,,
ethiopian cofee leaf dataset/train aug/Cerscospora/aug_0_585.jpeg,Cercospora,excluded_pattern,,
ethiopian cofee leaf dataset/train aug/Cerscospora/aug_0_5850.jpeg,Cercospora,excluded_pattern,,
ethiopian cofee leaf dataset/train aug/Cerscospora/aug_0_5852.jpeg,Cercospora,excluded_pattern,,
ethiopian cofee leaf dataset/train aug/Cerscospora/aug_0_5853.jpeg,Cercospora,excluded_pattern,,
ethiopian cofee leaf dataset/train aug/Cerscospora/aug_0_5855.jpeg,Cercospora,excluded_pattern,,
ethiopian cofee leaf dataset/train aug/Cerscospora/aug_0_5857.jpeg,Cercospora,excluded_pattern,,
ethiopian cofee leaf dataset/train aug/Cerscospora/aug_0_5859.jpeg,Cercospora,excluded_pattern,,
ethiopian cofee leaf dataset/train aug/Cerscospora/aug_0_5866.jpeg,Cercospora,excluded_pattern,,
ethiopian cofee leaf dataset/train aug/Cerscospora/aug_0_5867.jpeg,Cercospora,excluded_pattern,,
ethiopian cofee leaf dataset/train aug/Cerscospora/aug_0_5868.jpeg,Cercospora,excluded_pattern,,
ethiopian cofee leaf dataset/train aug/Cerscospora/aug_0_5869.jpeg,Cercospora,excluded_pattern,,
ethiopian cofee leaf dataset/train aug/Cerscospora/aug_0_5870.jpeg,Cercospora,excluded_pattern,,
ethiopian cofee leaf dataset/train aug/Cerscospora/aug_0_5872.jpeg,Cercospora,excluded_pattern,,
ethiopian cofee leaf dataset/train aug/Cerscospora/aug_0_5875.jpeg,Cercospora,excluded_pattern,,
ethiopian cofee leaf dataset/train aug/Cerscospora/aug_0_5877.jpeg,Cercospora,excluded_pattern,,
ethiopian cofee leaf dataset/train aug/Cerscospora/aug_0_5878.jpeg,Cercospora,excluded_pattern,,
ethiopian cofee leaf dataset/train aug/Cerscospora/aug_0_588.jpeg,Cercospora,excluded_pattern,,
ethiopian cofee leaf dataset/train aug/Cerscospora/aug_0_5889.jpeg,Cercospora,excluded_pattern,,
ethiopian cofee leaf dataset/train aug/Cerscospora/aug_0_5893.jpeg,Cercospora,excluded_pattern,,
ethiopian cofee leaf dataset/train aug/Cerscospora/aug_0_5896.jpeg,Cercospora,excluded_pattern,,
ethiopian cofee leaf dataset/train aug/Cerscospora/aug_0_59.jpeg,Cercospora,excluded_pattern,,
ethiopian cofee leaf dataset/train aug/Cerscospora/aug_0_5906.jpeg,Cercospora,excluded_pattern,,
ethiopian cofee leaf dataset/train aug/Cerscospora/aug_0_5909.jpeg,Cercospora,excluded_pattern,,
ethiopian cofee leaf dataset/train aug/Cerscospora/aug_0_5911.jpeg,Cercospora,excluded_pattern,,
ethiopian cofee leaf dataset/train aug/Cerscospora/aug_0_5913.jpeg,Cercospora,excluded_pattern,,
ethiopian cofee leaf dataset/train aug/Cerscospora/aug_0_5918.jpeg,Cercospora,excluded_pattern,,
ethiopian cofee leaf dataset/train aug/Cerscospora/aug_0_592.jpeg,Cercospora,excluded_pattern,,
ethiopian cofee leaf dataset/train aug/Cerscospora/aug_0_5920.jpeg,Cercospora,excluded_pattern,,
ethiopian cofee leaf dataset/train aug/Cerscospora/aug_0_5922.jpeg,Cercospora,excluded_pattern,,
ethiopian cofee leaf dataset/train aug/Cerscospora/aug_0_5924.jpeg,Cercospora,excluded_pattern,,
ethiopian cofee leaf dataset/train aug/Cerscospora/aug_0_5927.jpeg,Cercospora,excluded_pattern,,
ethiopian cofee leaf dataset/train aug/Cerscospora/aug_0_5935.jpeg,Cercospora,excluded_pattern,,
ethiopian cofee leaf dataset/train aug/Cerscospora/aug_0_5939.jpeg,Cercospora,excluded_pattern,,
ethiopian cofee leaf dataset/train aug/Cerscospora/aug_0_5952.jpeg,Cercospora,excluded_pattern,,
ethiopian cofee leaf dataset/train aug/Cerscospora/aug_0_5953.jpeg,Cercospora,excluded_pattern,,
ethiopian cofee leaf dataset/train aug/Cerscospora/aug_0_5955.jpeg,Cercospora,excluded_pattern,,
ethiopian cofee leaf dataset/train aug/Cerscospora/aug_0_5957.jpeg,Cercospora,excluded_pattern,,
ethiopian cofee leaf dataset/train aug/Cerscospora/aug_0_5959.jpeg,Cercospora,excluded_pattern,,
ethiopian cofee leaf dataset/train aug/Cerscospora/aug_0_5961.jpeg,Cercospora,excluded_pattern,,
ethiopian cofee leaf dataset/train aug/Cerscospora/aug_0_5962.jpeg,Cercospora,excluded_pattern,,
ethiopian cofee leaf dataset/train aug/Cerscospora/aug_0_5963.jpeg,Cercospora,excluded_pattern,,
ethiopian cofee leaf dataset/train aug/Cerscospora/aug_0_5965.jpeg,Cercospora,excluded_pattern,,
ethiopian cofee leaf dataset/train aug/Cerscospora/aug_0_597.jpeg,Cercospora,excluded_pattern,,
ethiopian cofee leaf dataset/train aug/Cerscospora/aug_0_5970.jpeg,Cercospora,excluded_pattern,,
ethiopian cofee leaf dataset/train aug/Cerscospora/aug_0_5972.jpeg,Cercospora,excluded_pattern,,
ethiopian cofee leaf dataset/train aug/Cerscospora/aug_0_5977.jpeg,Cercospora,excluded_pattern,,
ethiopian cofee leaf dataset/train aug/Cerscospora/aug_0_5979.jpeg,Cercospora,excluded_pattern,,
ethiopian cofee leaf dataset/train aug/Cerscospora/aug_0_5985.jpeg,Cercospora,excluded_pattern,,
ethiopian cofee leaf dataset/train aug/Cerscospora/aug_0_5990.jpeg,Cercospora,excluded_pattern,,
ethiopian cofee leaf dataset/train aug/Cerscospora/aug_0_5991.jpeg,Cercospora,excluded_pattern,,
ethiopian cofee leaf dataset/train aug/Cerscospora/aug_0_5995.jpeg,Cercospora,excluded_pattern,,
ethiopian cofee leaf dataset/train aug/Cerscospora/aug_0_6.jpeg,Cercospora,excluded_pattern,,
ethiopian cofee leaf dataset/train aug/Cerscospora/aug_0_6002.jpeg,Cercospora,excluded_pattern,,
ethiopian cofee leaf dataset/train aug/Cerscospora/aug_0_6005.jpeg,Cercospora,excluded_pattern,,
ethiopian cofee leaf dataset/train aug/Cerscospora/aug_0_6006.jpeg,Cercospora,excluded_pattern,,
ethiopian cofee leaf dataset/train aug/Cerscospora/aug_0_6007.jpeg,Cercospora,excluded_pattern,,
ethiopian cofee leaf dataset/train aug/Cerscospora/aug_0_6008.jpeg,Cercospora,excluded_pattern,,
ethiopian cofee leaf dataset/train aug/Cerscospora/aug_0_6011.jpeg,Cercospora,excluded_pattern,,
ethiopian cofee leaf dataset/train aug/Cerscospora/aug_0_6012.jpeg,Cercospora,excluded_pattern,,
ethiopian cofee leaf dataset/train aug/Cerscospora/aug_0_6013.jpeg,Cercospora,excluded_pattern,,
ethiopian cofee leaf dataset/train aug/Cerscospora/aug_0_6017.jpeg,Cercospora,excluded_pattern,,
ethiopian cofee leaf dataset/train aug/Cerscospora/aug_0_602.jpeg,Cercospora,excluded_pattern,,
ethiopian cofee leaf dataset/train aug/Cerscospora/aug_0_6029.jpeg,Cercospora,excluded_pattern,,
ethiopian cofee leaf dataset/train aug/Cerscospora/aug_0_6038.jpeg,Cercospora,excluded_pattern,,
ethiopian cofee leaf dataset/train aug/Cerscospora/aug_0_6052.jpeg,Cercospora,excluded_pattern,,
ethiopian cofee leaf dataset/train aug/Cerscospora/aug_0_6056.jpeg,Cercospora,excluded_pattern,,
ethiopian cofee leaf dataset/train aug/Cerscospora/aug_0_6061.jpeg,Cercospora,excluded_pattern,,
ethiopian cofee leaf dataset/train aug/Cerscospora/aug_0_6064.jpeg,Cercospora,excluded_pattern,,
ethiopian cofee leaf dataset/train aug/Cerscospora/aug_0_6072.jpeg,Cercospora,excluded_pattern,,
ethiopian cofee leaf dataset/train aug/Cerscospora/aug_0_6074.jpeg,Cercospora,excluded_pattern,,
ethiopian cofee leaf dataset/train aug/Cerscospora/aug_0_6084.jpeg,Cercospora,excluded_pattern,,
ethiopian cofee leaf dataset/train aug/Cerscospora/aug_0_609.jpeg,Cercospora,excluded_pattern,,
ethiopian cofee leaf dataset/train aug/Cerscospora/aug_0_6091.jpeg,Cercospora,excluded_pattern,,
ethiopian cofee leaf dataset/train aug/Cerscospora/aug_0_6092.jpeg,Cercospora,excluded_pattern,,
ethiopian cofee leaf dataset/train aug/Cerscospora/aug_0_6094.jpeg,Cercospora,excluded_pattern,,
ethiopian cofee leaf dataset/train aug/Cerscospora/aug_0_6096.jpeg,Cercospora,excluded_pattern,,
ethiopian cofee leaf dataset/train aug/Cerscospora/aug_0_61.jpeg,Cercospora,excluded_pattern,,
ethiopian cofee leaf dataset/train aug/Cerscospora/aug_0_6101.jpeg,Cercospora,excluded_pattern,,
ethiopian cofee leaf dataset/train aug/Cerscospora/aug_0_6104.jpeg,Cercospora,excluded_pattern,,
ethiopian cofee leaf dataset/train aug/Cerscospora/aug_0_6105.jpeg,Cercospora,excluded_pattern,,
ethiopian cofee leaf dataset/train aug/Cerscospora/aug_0_611.jpeg,Cercospora,excluded_pattern,,
ethiopian cofee leaf dataset/train aug/Cerscospora/aug_0_6111.jpeg,Cercospora,excluded_pattern,,
ethiopian cofee leaf dataset/train aug/Cerscospora/aug_0_6112.jpeg,Cercospora,excluded_pattern,,
ethiopian cofee leaf dataset/train aug/Cerscospora/aug_0_6115.jpeg,Cercospora,excluded_pattern,,
ethiopian cofee leaf dataset/train aug/Cerscospora/aug_0_6116.jpeg,Cercospora,excluded_pattern,,
ethiopian cofee leaf dataset/train aug/Cerscospora/aug_0_6121.jpeg,Cercospora,excluded_pattern,,
ethiopian cofee leaf dataset/train aug/Cerscospora/aug_0_6122.jpeg,Cercospora,excluded_pattern,,
ethiopian cofee leaf dataset/train aug/Cerscospora/aug_0_613.jpeg,Cercospora,excluded_pattern,,
ethiopian cofee leaf dataset/train aug/Cerscospora/aug_0_6131.jpeg,Cercospora,excluded_pattern,,
ethiopian cofee leaf dataset/train aug/Cerscospora/aug_0_6132.jpeg,Cercospora,excluded_pattern,,
ethiopian cofee leaf dataset/train aug/Cerscospora/aug_0_6138.jpeg,Cercospora,excluded_pattern,,
ethiopian cofee leaf dataset/train aug/Cerscospora/aug_0_6143.jpeg,Cercospora,excluded_pattern,,
ethiopian cofee leaf dataset/train aug/Cerscospora/aug_0_6146.jpeg,Cercospora,excluded_pattern,,
ethiopian cofee leaf dataset/train aug/Cerscospora/aug_0_615.jpeg,Cercospora,excluded_pattern,,
ethiopian cofee leaf dataset/train aug/Cerscospora/aug_0_6151.jpeg,Cercospora,excluded_pattern,,
ethiopian cofee leaf dataset/train aug/Cerscospora/aug_0_6153.jpeg,Cercospora,excluded_pattern,,
ethiopian cofee leaf dataset/train aug/Cerscospora/aug_0_6156.jpeg,Cercospora,excluded_pattern,,
ethiopian cofee leaf dataset/train aug/Cerscospora/aug_0_6157.jpeg,Cercospora,excluded_pattern,,
ethiopian cofee leaf dataset/train aug/Cerscospora/aug_0_6164.jpeg,Cercospora,excluded_pattern,,
ethiopian cofee leaf dataset/train aug/Cerscospora/aug_0_6165.jpeg,Cercospora,excluded_pattern,,
ethiopian cofee leaf dataset/train aug/Cerscospora/aug_0_6166.jpeg,Cercospora,excluded_pattern,,
ethiopian cofee leaf dataset/train aug/Cerscospora/aug_0_6172.jpeg,Cercospora,excluded_pattern,,
ethiopian cofee leaf dataset/train aug/Cerscospora/aug_0_6174.jpeg,Cercospora,excluded_pattern,,
ethiopian cofee leaf dataset/train aug/Cerscospora/aug_0_6175.jpeg,Cercospora,excluded_pattern,,
ethiopian cofee leaf dataset/train aug/Cerscospora/aug_0_6176.jpeg,Cercospora,excluded_pattern,,
ethiopian cofee leaf dataset/train aug/Cerscospora/aug_0_6177.jpeg,Cercospora,excluded_pattern,,
ethiopian cofee leaf dataset/train aug/Cerscospora/aug_0_6182.jpeg,Cercospora,excluded_pattern,,
ethiopian cofee leaf dataset/train aug/Cerscospora/aug_0_6183.jpeg,Cercospora,excluded_pattern,,
ethiopian cofee leaf dataset/train aug/Cerscospora/aug_0_6184.jpeg,Cercospora,excluded_pattern,,
ethiopian cofee leaf dataset/train aug/Cerscospora/aug_0_6185.jpeg,Cercospora,excluded_pattern,,
ethiopian cofee leaf dataset/train aug/Cerscospora/aug_0_6193.jpeg,Cercospora,excluded_pattern,,
ethiopian cofee leaf dataset/train aug/Cerscospora/aug_0_6198.jpeg,Cercospora,excluded_pattern,,
ethiopian cofee leaf dataset/train aug/Cerscospora/aug_0_620.jpeg,Cercospora,excluded_pattern,,
ethiopian cofee leaf dataset/train aug/Cerscospora/aug_0_6212.jpeg,Cercospora,excluded_pattern,,
ethiopian cofee leaf dataset/train aug/Cerscospora/aug_0_6215.jpeg,Cercospora,excluded_pattern,,
ethiopian cofee leaf dataset/train aug/Cerscospora/aug_0_6219.jpeg,Cercospora,excluded_pattern,,
ethiopian cofee leaf dataset/train aug/Cerscospora/aug_0_6221.jpeg,Cercospora,excluded_pattern,,
ethiopian cofee leaf dataset/train aug/Cerscospora/aug_0_6222.jpeg,Cercospora,excluded_pattern,,
ethiopian cofee leaf dataset/train aug/Cerscospora/aug_0_6226.jpeg,Cercospora,excluded_pattern,,
ethiopian cofee leaf dataset/train aug/Cerscospora/aug_0_6228.jpeg,Cercospora,excluded_pattern,,
ethiopian cofee leaf dataset/train aug/Cerscospora/aug_0_6230.jpeg,Cercospora,excluded_pattern,,
ethiopian cofee leaf dataset/train aug/Cerscospora/aug_0_6231.jpeg,Cercospora,excluded_pattern,,
ethiopian cofee leaf dataset/train aug/Cerscospora/aug_0_6235.jpeg,Cercospora,excluded_pattern,,
ethiopian cofee leaf dataset/train aug/Cerscospora/aug_0_6236.jpeg,Cercospora,excluded_pattern,,
ethiopian cofee leaf dataset/train aug/Cerscospora/aug_0_6237.jpeg,Cercospora,excluded_pattern,,
ethiopian cofee leaf dataset/train aug/Cerscospora/aug_0_624.jpeg,Cercospora,excluded_pattern,,
ethiopian cofee leaf dataset/train aug/Cerscospora/aug_0_6247.jpeg,Cercospora,excluded_pattern,,
ethiopian cofee leaf dataset/train aug/Cerscospora/aug_0_6249.jpeg,Cercospora,excluded_pattern,,
ethiopian cofee leaf dataset/train aug/Cerscospora/aug_0_6250.jpeg,Cercospora,excluded_pattern,,
ethiopian cofee leaf dataset/train aug/Cerscospora/aug_0_6253.jpeg,Cercospora,excluded_pattern,,
ethiopian cofee leaf dataset/train aug/Cerscospora/aug_0_6256.jpeg,Cercospora,excluded_pattern,,
ethiopian cofee leaf dataset/train aug/Cerscospora/aug_0_6264.jpeg,Cercospora,excluded_pattern,,
ethiopian cofee leaf dataset/train aug/Cerscospora/aug_0_6265.jpeg,Cercospora,excluded_pattern,,
ethiopian cofee leaf dataset/train aug/Cerscospora/aug_0_627.jpeg,Cercospora,excluded_pattern,,
ethiopian cofee leaf dataset/train aug/Cerscospora/aug_0_6272.jpeg,Cercospora,excluded_pattern,,
ethiopian cofee leaf dataset/train aug/Cerscospora/aug_0_6274.jpeg,Cercospora,excluded_pattern,,
ethiopian cofee leaf dataset/train aug/Cerscospora/aug_0_6277.jpeg,Cercospora,excluded_pattern,,
ethiopian cofee leaf dataset/train aug/Cerscospora/aug_0_628.jpeg,Cercospora,excluded_pattern,,
ethiopian cofee leaf dataset/train aug/Cerscospora/aug_0_6283.jpeg,Cercospora,excluded_pattern,,
ethiopian cofee leaf dataset/train aug/Cerscospora/aug_0_6288.jpeg,Cercospora,excluded_pattern,,
ethiopian cofee leaf dataset/train aug/Cerscospora/aug_0_6289.jpeg,Cercospora,excluded_pattern,,
ethiopian cofee leaf dataset/train aug/Cerscospora/aug_0_6290.jpeg,Cercospora,excluded_pattern,,
ethiopian cofee leaf dataset/train aug/Cerscospora/aug_0_6291.jpeg,Cercospora,excluded_pattern,,
ethiopian cofee leaf dataset/train aug/Cerscospora/aug_0_6295.jpeg,Cercospora,excluded_pattern,,
ethiopian cofee leaf dataset/train aug/Cerscospora/aug_0_6297.jpeg,Cercospora,excluded_pattern,,
ethiopian cofee leaf dataset/train aug/Cerscospora/aug_0_6298.jpeg,Cercospora,excluded_pattern,,
ethiopian cofee leaf dataset/train aug/Cerscospora/aug_0_630.jpeg,Cercospora,excluded_pattern,,
ethiopian cofee leaf dataset/train aug/Cerscospora/aug_0_6311.jpeg,Cercospora,excluded_pattern,,
ethiopian cofee leaf dataset/train aug/Cerscospora/aug_0_6312.jpeg,Cercospora,excluded_pattern,,
ethiopian cofee leaf dataset/train aug/Cerscospora/aug_0_6314.jpeg,Cercospora,excluded_pattern,,
ethiopian cofee leaf dataset/train aug/Cerscospora/aug_0_6325.jpeg,Cercospora,excluded_pattern,,
ethiopian cofee leaf dataset/train aug/Cerscospora/aug_0_6326.jpeg,Cercospora,excluded_pattern,,
ethiopian cofee leaf dataset/train aug/Cerscospora/aug_0_6331.jpeg,Cercospora,excluded_pattern,,
ethiopian cofee leaf dataset/train aug/Cerscospora/aug_0_6335.jpeg,Cercospora,excluded_pattern,,
ethiopian cofee leaf dataset/train aug/Cerscospora/aug_0_6338.jpeg,Cercospora,excluded_pattern,,
ethiopian cofee leaf dataset/train aug/Cerscospora/aug_0_6347.jpeg,Cercospora,excluded_pattern,,
ethiopian cofee leaf dataset/train aug/Cerscospora/aug_0_6349.jpeg,Cercospora,excluded_pattern,,
ethiopian cofee leaf dataset/train aug/Cerscospora/aug_0_6350.jpeg,Cercospora,excluded_pattern,,
ethiopian cofee leaf dataset/train aug/Cerscospora/aug_0_6354.jpeg,Cercospora,excluded_pattern,,
ethiopian cofee leaf dataset/train aug/Cerscospora/aug_0_6361.jpeg,Cercospora,excluded_pattern,,
ethiopian cofee leaf dataset/train aug/Cerscospora/aug_0_6362.jpeg,Cercospora,excluded_pattern,,
ethiopian cofee leaf dataset/train aug/Cerscospora/aug_0_6365.jpeg,Cercospora,excluded_pattern,,
ethiopian cofee leaf dataset/train aug/Cerscospora/aug_0_6366.jpeg,Cercospora,excluded_pattern,,
ethiopian cofee leaf dataset/train aug/Cerscospora/aug_0_6373.jpeg,Cercospora,excluded_pattern,,
ethiopian cofee leaf dataset/train aug/Cerscospora/aug_0_6374.jpeg,Cercospora,excluded_pattern,,
ethiopian cofee leaf dataset/train aug/Cerscospora/aug_0_6376.jpeg,Cercospora,excluded_pattern,,
ethiopian cofee leaf dataset/train aug/Cerscospora/aug_0_6377.jpeg,Cercospora,excluded_pattern,,
ethiopian cofee leaf dataset/train aug/Cerscospora/aug_0_6378.jpeg,Cercospora,excluded_pattern,,
ethiopian cofee leaf dataset/train aug/Cerscospora/aug_0_6379.jpeg,Cercospora,excluded_pattern,,
ethiopian cofee leaf dataset/train aug/Cerscospora/aug_0_6390.jpeg,Cercospora,excluded_pattern,,
ethiopian cofee leaf dataset/train aug/Cerscospora/aug_0_6395.jpeg,Cercospora,excluded_pattern,,
ethiopian cofee leaf dataset/train aug/Cerscospora/aug_0_6396.jpeg,Cercospora,excluded_pattern,,
ethiopian cofee leaf dataset/train aug/Cerscospora/aug_0_6397.jpeg,Cercospora,excluded_pattern,,
ethiopian cofee leaf dataset/train aug/Cerscospora/aug_0_6401.jpeg,Cercospora,excluded_pattern,,
ethiopian cofee leaf dataset/train aug/Cerscospora/aug_0_6408.jpeg,Cercospora,excluded_pattern,,
ethiopian cofee leaf dataset/train aug/Cerscospora/aug_0_6409.jpeg,Cercospora,excluded_pattern,,
ethiopian cofee leaf dataset/train aug/Cerscospora/aug_0_6410.jpeg,Cercospora,excluded_pattern,,
ethiopian cofee leaf dataset/train aug/Cerscospora/aug_0_6415.jpeg,Cercospora,excluded_pattern,,
ethiopian cofee leaf dataset/train aug/Cerscospora/aug_0_6418.jpeg,Cercospora,excluded_pattern,,
ethiopian cofee leaf dataset/train aug/Cerscospora/aug_0_6419.jpeg,Cercospora,excluded_pattern,,
ethiopian cofee leaf dataset/train aug/Cerscospora/aug_0_642.jpeg,Cercospora,excluded_pattern,,
ethiopian cofee leaf dataset/train aug/Cerscospora/aug_0_6425.jpeg,Cercospora,excluded_pattern,,
ethiopian cofee leaf dataset/train aug/Cerscospora/aug_0_643.jpeg,Cercospora,excluded_pattern,,
ethiopian cofee leaf dataset/train aug/Cerscospora/aug_0_6441.jpeg,Cercospora,excluded_pattern,,
ethiopian cofee leaf dataset/train aug/Cerscospora/aug_0_6442.jpeg,Cercospora,excluded_pattern,,
ethiopian cofee leaf dataset/train aug/Cerscospora/aug_0_6445.jpeg,Cercospora,excluded_pattern,,
ethiopian cofee leaf dataset/train aug/Cerscospora/aug_0_645.jpeg,Cercospora,excluded_pattern,,
ethiopian cofee leaf dataset/train aug/Cerscospora/aug_0_6455.jpeg,Cercospora,excluded_pattern,,
ethiopian cofee leaf dataset/train aug/Cerscospora/aug_0_6466.jpeg,Cercospora,excluded_pattern,,
ethiopian cofee leaf dataset/train aug/Cerscospora/aug_0_6467.jpeg,Cercospora,excluded_pattern,,
ethiopian cofee leaf dataset/train aug/Cerscospora/aug_0_6471.jpeg,Cercospora,excluded_pattern,,
ethiopian cofee leaf dataset/train aug/Cerscospora/aug_0_6472.jpeg,Cercospora,excluded_pattern,,
ethiopian cofee leaf dataset/train aug/Cerscospora/aug_0_6474.jpeg,Cercospora,excluded_pattern,,
ethiopian cofee leaf dataset/train aug/Cerscospora/aug_0_6475.jpeg,Cercospora,excluded_pattern,,
ethiopian cofee leaf dataset/train aug/Cerscospora/aug_0_6476.jpeg,Cercospora,excluded_pattern,,
ethiopian cofee leaf dataset/train aug/Cerscospora/aug_0_6480.jpeg,Cercospora,excluded_pattern,,
ethiopian cofee leaf dataset/train aug/Cerscospora/aug_0_6482.jpeg,Cercospora,excluded_pattern,,
ethiopian cofee leaf dataset/train aug/Cerscospora/aug_0_6483.jpeg,Cercospora,excluded_pattern,,
ethiopian cofee leaf dataset/train aug/Cerscospora/aug_0_6484.jpeg,Cercospora,excluded_pattern,,
ethiopian cofee leaf dataset/train aug/Cerscospora/aug_0_6487.jpeg,Cercospora,excluded_pattern,,
ethiopian cofee leaf dataset/train aug/Cerscospora/aug_0_6491.jpeg,Cercospora,excluded_pattern,,
ethiopian cofee leaf dataset/train aug/Cerscospora/aug_0_6496.jpeg,Cercospora,excluded_pattern,,
ethiopian cofee leaf dataset/train aug/Cerscospora/aug_0_6498.jpeg,Cercospora,excluded_pattern,,
ethiopian cofee leaf dataset/train aug/Cerscospora/aug_0_6499.jpeg,Cercospora,excluded_pattern,,
ethiopian cofee leaf dataset/train aug/Cerscospora/aug_0_65.jpeg,Cercospora,excluded_pattern,,
ethiopian cofee leaf dataset/train aug/Cerscospora/aug_0_650.jpeg,Cercospora,excluded_pattern,,
ethiopian cofee leaf dataset/train aug/Cerscospora/aug_0_6502.jpeg,Cercospora,excluded_pattern,,
ethiopian cofee leaf dataset/train aug/Cerscospora/aug_0_6503.jpeg,Cercospora,excluded_pattern,,
ethiopian cofee leaf dataset/train aug/Cerscospora/aug_0_6505.jpeg,Cercospora,excluded_pattern,,
ethiopian cofee leaf dataset/train aug/Cerscospora/aug_0_6515.jpeg,Cercospora,excluded_pattern,,
ethiopian cofee leaf dataset/train aug/Cerscospora/aug_0_6518.jpeg,Cercospora,excluded_pattern,,
ethiopian cofee leaf dataset/train aug/Cerscospora/aug_0_652.jpeg,Cercospora,excluded_pattern,,
ethiopian cofee leaf dataset/train aug/Cerscospora/aug_0_6521.jpeg,Cercospora,excluded_pattern,,
ethiopian cofee leaf dataset/train aug/Cerscospora/aug_0_6523.jpeg,Cercospora,excluded_pattern,,
ethiopian cofee leaf dataset/train aug/Cerscospora/aug_0_6524.jpeg,Cercospora,excluded_pattern,,
ethiopian cofee leaf dataset/train aug/Cerscospora/aug_0_6530.jpeg,Cercospora,excluded_pattern,,
ethiopian cofee leaf dataset/train aug/Cerscospora/aug_0_6531.jpeg,Cercospora,excluded_pattern,,
ethiopian cofee leaf dataset/train aug/Cerscospora/aug_0_6537.jpeg,Cercospora,excluded_pattern,,
ethiopian cofee leaf dataset/train aug/Cerscospora/aug_0_654.jpeg,Cercospora,excluded_pattern,,
ethiopian cofee leaf dataset/train aug/Cerscospora/aug_0_6541.jpeg,Cercospora,excluded_pattern,,
ethiopian cofee leaf dataset/train aug/Cerscospora/aug_0_6543.jpeg,Cercospora,excluded_pattern,,
ethiopian cofee leaf dataset/train aug/Cerscospora/aug_0_6545.jpeg,Cercospora,excluded_pattern,,
ethiopian cofee leaf dataset/train aug/Cerscospora/aug_0_6546.jpeg,Cercospora,excluded_pattern,,
ethiopian cofee leaf dataset/train aug/Cerscospora/aug_0_6547.jpeg,Cercospora,excluded_pattern,,
ethiopian cofee leaf dataset/train aug/Cerscospora/aug_0_6548.jpeg,Cercospora,excluded_pattern,,
ethiopian cofee leaf dataset/train aug/Cerscospora/aug_0_6552.jpeg,Cercospora,excluded_pattern,,
ethiopian cofee leaf dataset/train aug/Cerscospora/aug_0_6556.jpeg,Cercospora,excluded_pattern,,
ethiopian cofee leaf dataset/train aug/Cerscospora/aug_0_6557.jpeg,Cercospora,excluded_pattern,,
ethiopian cofee leaf dataset/train aug/Cerscospora/aug_0_6559.jpeg,Cercospora,excluded_pattern,,
ethiopian cofee leaf dataset/train aug/Cerscospora/aug_0_6560.jpeg,Cercospora,excluded_pattern,,
ethiopian cofee leaf dataset/train aug/Cerscospora/aug_0_6562.jpeg,Cercospora,excluded_pattern,,
ethiopian cofee leaf dataset/train aug/Cerscospora/aug_0_6565.jpeg,Cercospora,excluded_pattern,,
ethiopian cofee leaf dataset/train aug/Cerscospora/aug_0_6567.jpeg,Cercospora,excluded_pattern,,
ethiopian cofee leaf dataset/train aug/Cerscospora/aug_0_6582.jpeg,Cercospora,excluded_pattern,,
ethiopian cofee leaf dataset/train aug/Cerscospora/aug_0_6585.jpeg,Cercospora,excluded_pattern,,
ethiopian cofee leaf dataset/train aug/Cerscospora/aug_0_6586.jpeg,Cercospora,excluded_pattern,,
ethiopian cofee leaf dataset/train aug/Cerscospora/aug_0_6587.jpeg,Cercospora,excluded_pattern,,
ethiopian cofee leaf dataset/train aug/Cerscospora/aug_0_659.jpeg,Cercospora,excluded_pattern,,
ethiopian cofee leaf dataset/train aug/Cerscospora/aug_0_6594.jpeg,Cercospora,excluded_pattern,,
ethiopian cofee leaf dataset/train aug/Cerscospora/aug_0_6599.jpeg,Cercospora,excluded_pattern,,
ethiopian cofee leaf dataset/train aug/Cerscospora/aug_0_6600.jpeg,Cercospora,excluded_pattern,,
ethiopian cofee leaf dataset/train aug/Cerscospora/aug_0_6603.jpeg,Cercospora,excluded_pattern,,
ethiopian cofee leaf dataset/train aug/Cerscospora/aug_0_6605.jpeg,Cercospora,excluded_pattern,,
ethiopian cofee leaf dataset/train aug/Cerscospora/aug_0_6609.jpeg,Cercospora,excluded_pattern,,
ethiopian cofee leaf dataset/train aug/Cerscospora/aug_0_6611.jpeg,Cercospora,excluded_pattern,,
ethiopian cofee leaf dataset/train aug/Cerscospora/aug_0_6618.jpeg,Cercospora,excluded_pattern,,
ethiopian cofee leaf dataset/train aug/Cerscospora/aug_0_6622.jpeg,Cercospora,excluded_pattern,,
ethiopian cofee leaf dataset/train aug/Cerscospora/aug_0_6624.jpeg,Cercospora,excluded_pattern,,
ethiopian cofee leaf dataset/train aug/Cerscospora/aug_0_6626.jpeg,Cercospora,excluded_pattern,,
ethiopian cofee leaf dataset/train aug/Cerscospora/aug_0_6630.jpeg,Cercospora,excluded_pattern,,
ethiopian cofee leaf dataset/train aug/Cerscospora/aug_0_6634.jpeg,Cercospora,excluded_pattern,,
ethiopian cofee leaf dataset/train aug/Cerscospora/aug_0_6635.jpeg,Cercospora,excluded_pattern,,
ethiopian cofee leaf dataset/train aug/Cerscospora/aug_0_6636.jpeg,Cercospora,excluded_pattern,,
ethiopian cofee leaf dataset/train aug/Cerscospora/aug_0_6637.jpeg,Cercospora,excluded_pattern,,
ethiopian cofee leaf dataset/train aug/Cerscospora/aug_0_6638.jpeg,Cercospora,excluded_pattern,,
ethiopian cofee leaf dataset/train aug/Cerscospora/aug_0_6642.jpeg,Cercospora,excluded_pattern,,
ethiopian cofee leaf dataset/train aug/Cerscospora/aug_0_6649.jpeg,Cercospora,excluded_pattern,,
ethiopian cofee leaf dataset/train aug/Cerscospora/aug_0_6659.jpeg,Cercospora,excluded_pattern,,
ethiopian cofee leaf dataset/train aug/Cerscospora/aug_0_6671.jpeg,Cercospora,excluded_pattern,,
ethiopian cofee leaf dataset/train aug/Cerscospora/aug_0_6672.jpeg,Cercospora,excluded_pattern,,
ethiopian cofee leaf dataset/train aug/Cerscospora/aug_0_6673.jpeg,Cercospora,excluded_pattern,,
ethiopian cofee leaf dataset/train aug/Cerscospora/aug_0_6675.jpeg,Cercospora,excluded_pattern,,
ethiopian cofee leaf dataset/train aug/Cerscospora/aug_0_6678.jpeg,Cercospora,excluded_pattern,,
ethiopian cofee leaf dataset/train aug/Cerscospora/aug_0_6679.jpeg,Cercospora,excluded_pattern,,
ethiopian cofee leaf dataset/train aug/Cerscospora/aug_0_6683.jpeg,Cercospora,excluded_pattern,,
ethiopian cofee leaf dataset/train aug/Cerscospora/aug_0_6695.jpeg,Cercospora,excluded_pattern,,
ethiopian cofee leaf dataset/train aug/Cerscospora/aug_0_6696.jpeg,Cercospora,excluded_pattern,,
ethiopian cofee leaf dataset/train aug/Cerscospora/aug_0_6698.jpeg,Cercospora,excluded_pattern,,
ethiopian cofee leaf dataset/train aug/Cerscospora/aug_0_67.jpeg,Cercospora,excluded_pattern,,
ethiopian cofee leaf dataset/train aug/Cerscospora/aug_0_6702.jpeg,Cercospora,excluded_pattern,,
ethiopian cofee leaf dataset/train aug/Cerscospora/aug_0_6707.jpeg,Cercospora,excluded_pattern,,
ethiopian cofee leaf dataset/train aug/Cerscospora/aug_0_6708.jpeg,Cercospora,excluded_pattern,,
ethiopian cofee leaf dataset/train aug/Cerscospora/aug_0_671.jpeg,Cercospora,excluded_pattern,,
ethiopian cofee leaf dataset/train aug/Cerscospora/aug_0_672.jpeg,Cercospora,excluded_pattern,,
ethiopian cofee leaf dataset/train aug/Cerscospora/aug_0_6720.jpeg,Cercospora,excluded_pattern,,
ethiopian cofee leaf dataset/train aug/Cerscospora/aug_0_6721.jpeg,Cercospora,excluded_pattern,,
ethiopian cofee leaf dataset/train aug/Cerscospora/aug_0_673.jpeg,Cercospora,excluded_pattern,,
ethiopian cofee leaf dataset/train aug/Cerscospora/aug_0_6730.jpeg,Cercospora,excluded_pattern,,
ethiopian cofee leaf dataset/train aug/Cerscospora/aug_0_6733.jpeg,Cercospora,excluded_pattern,,
ethiopian cofee leaf dataset/train aug/Cerscospora/aug_0_6736.jpeg,Cercospora,excluded_pattern,,
ethiopian cofee leaf dataset/train aug/Cerscospora/aug_0_6740.jpeg,Cercospora,excluded_pattern,,
ethiopian cofee leaf dataset/train aug/Cerscospora/aug_0_6743.jpeg,Cercospora,excluded_pattern,,
ethiopian cofee leaf dataset/train aug/Cerscospora/aug_0_6748.jpeg,Cercospora,excluded_pattern,,
ethiopian cofee leaf dataset/train aug/Cerscospora/aug_0_675.jpeg,Cercospora,excluded_pattern,,
ethiopian cofee leaf dataset/train aug/Cerscospora/aug_0_6755.jpeg,Cercospora,excluded_pattern,,
ethiopian cofee leaf dataset/train aug/Cerscospora/aug_0_6758.jpeg,Cercospora,excluded_pattern,,
ethiopian cofee leaf dataset/train aug/Cerscospora/aug_0_6759.jpeg,Cercospora,excluded_pattern,,
ethiopian cofee leaf dataset/train aug/Cerscospora/aug_0_6761.jpeg,Cercospora,excluded_pattern,,
ethiopian cofee leaf dataset/train aug/Cerscospora/aug_0_6765.jpeg,Cercospora,excluded_pattern,,
ethiopian cofee leaf dataset/train aug/Cerscospora/aug_0_6766.jpeg,Cercospora,excluded_pattern,,
ethiopian cofee leaf dataset/train aug/Cerscospora/aug_0_6773.jpeg,Cercospora,excluded_pattern,,
ethiopian cofee leaf dataset/train aug/Cerscospora/aug_0_6778.jpeg,Cercospora,excluded_pattern,,
ethiopian cofee leaf dataset/train aug/Cerscospora/aug_0_6779.jpeg,Cercospora,excluded_pattern,,
ethiopian cofee leaf dataset/train aug/Cerscospora/aug_0_678.jpeg,Cercospora,excluded_pattern,,
ethiopian cofee leaf dataset/train aug/Cerscospora/aug_0_6781.jpeg,Cercospora,excluded_pattern,,
ethiopian cofee leaf dataset/train aug/Cerscospora/aug_0_6789.jpeg,Cercospora,excluded_pattern,,
ethiopian cofee leaf dataset/train aug/Cerscospora/aug_0_6792.jpeg,Cercospora,excluded_pattern,,
ethiopian cofee leaf dataset/train aug/Cerscospora/aug_0_6797.jpeg,Cercospora,excluded_pattern,,
ethiopian cofee leaf dataset/train aug/Cerscospora/aug_0_6803.jpeg,Cercospora,excluded_pattern,,
ethiopian cofee leaf dataset/train aug/Cerscospora/aug_0_6804.jpeg,Cercospora,excluded_pattern,,
ethiopian cofee leaf dataset/train aug/Cerscospora/aug_0_6807.jpeg,Cercospora,excluded_pattern,,
ethiopian cofee leaf dataset/train aug/Cerscospora/aug_0_6811.jpeg,Cercospora,excluded_pattern,,
ethiopian cofee leaf dataset/train aug/Cerscospora/aug_0_6814.jpeg,Cercospora,excluded_pattern,,
ethiopian cofee leaf dataset/train aug/Cerscospora/aug_0_6817.jpeg,Cercospora,excluded_pattern,,
ethiopian cofee leaf dataset/train aug/Cerscospora/aug_0_6818.jpeg,Cercospora,excluded_pattern,,
ethiopian cofee leaf dataset/train aug/Cerscospora/aug_0_6820.jpeg,Cercospora,excluded_pattern,,
ethiopian cofee leaf dataset/train aug/Cerscospora/aug_0_6821.jpeg,Cercospora,excluded_pattern,,
ethiopian cofee leaf dataset/train aug/Cerscospora/aug_0_6822.jpeg,Cercospora,excluded_pattern,,
ethiopian cofee leaf dataset/train aug/Cerscospora/aug_0_6823.jpeg,Cercospora,excluded_pattern,,
ethiopian cofee leaf dataset/train aug/Cerscospora/aug_0_6828.jpeg,Cercospora,excluded_pattern,,
ethiopian cofee leaf dataset/train aug/Cerscospora/aug_0_6829.jpeg,Cercospora,excluded_pattern,,
ethiopian cofee leaf dataset/train aug/Cerscospora/aug_0_6841.jpeg,Cercospora,excluded_pattern,,
ethiopian cofee leaf dataset/train aug/Cerscospora/aug_0_6851.jpeg,Cercospora,excluded_pattern,,
ethiopian cofee leaf dataset/train aug/Cerscospora/aug_0_6853.jpeg,Cercospora,excluded_pattern,,
ethiopian cofee leaf dataset/train aug/Cerscospora/aug_0_6856.jpeg,Cercospora,excluded_pattern,,
ethiopian cofee leaf dataset/train aug/Cerscospora/aug_0_6857.jpeg,Cercospora,excluded_pattern,,
ethiopian cofee leaf dataset/train aug/Cerscospora/aug_0_686.jpeg,Cercospora,excluded_pattern,,
ethiopian cofee leaf dataset/train aug/Cerscospora/aug_0_6862.jpeg,Cercospora,excluded_pattern,,
ethiopian cofee leaf dataset/train aug/Cerscospora/aug_0_6866.jpeg,Cercospora,excluded_pattern,,
ethiopian cofee leaf dataset/train aug/Cerscospora/aug_0_6867.jpeg,Cercospora,excluded_pattern,,
ethiopian cofee leaf dataset/train aug/Cerscospora/aug_0_687.jpeg,Cercospora,excluded_pattern,,
ethiopian cofee leaf dataset/train aug/Cerscospora/aug_0_6870.jpeg,Cercospora,excluded_pattern,,
ethiopian cofee leaf dataset/train aug/Cerscospora/aug_0_6871.jpeg,Cercospora,excluded_pattern,,
ethiopian cofee leaf dataset/train aug/Cerscospora/aug_0_6880.jpeg,Cercospora,excluded_pattern,,
ethiopian cofee leaf dataset/train aug/Cerscospora/aug_0_6884.jpeg,Cercospora,excluded_pattern,,
ethiopian cofee leaf dataset/train aug/Cerscospora/aug_0_6887.jpeg,Cercospora,excluded_pattern,,
ethiopian cofee leaf dataset/train aug/Cerscospora/aug_0_6891.jpeg,Cercospora,excluded_pattern,,
ethiopian cofee leaf dataset/train aug/Cerscospora/aug_0_6896.jpeg,Cercospora,excluded_pattern,,
ethiopian cofee leaf dataset/train aug/Cerscospora/aug_0_6901.jpeg,Cercospora,excluded_pattern,,
ethiopian cofee leaf dataset/train aug/Cerscospora/aug_0_6904.jpeg,Cercospora,excluded_pattern,,
ethiopian cofee leaf dataset/train aug/Cerscospora/aug_0_6907.jpeg,Cercospora,excluded_pattern,,
ethiopian cofee leaf dataset/train aug/Cerscospora/aug_0_691.jpeg,Cercospora,excluded_pattern,,
ethiopian cofee leaf dataset/train aug/Cerscospora/aug_0_6911.jpeg,Cercospora,excluded_pattern,,
ethiopian cofee leaf dataset/train aug/Cerscospora/aug_0_6915.jpeg,Cercospora,excluded_pattern,,
ethiopian cofee leaf dataset/train aug/Cerscospora/aug_0_6922.jpeg,Cercospora,excluded_pattern,,
ethiopian cofee leaf dataset/train aug/Cerscospora/aug_0_6925.jpeg,Cercospora,excluded_pattern,,
ethiopian cofee leaf dataset/train aug/Cerscospora/aug_0_6928.jpeg,Cercospora,excluded_pattern,,
ethiopian cofee leaf dataset/train aug/Cerscospora/aug_0_6929.jpeg,Cercospora,excluded_pattern,,
ethiopian cofee leaf dataset/train aug/Cerscospora/aug_0_693.jpeg,Cercospora,excluded_pattern,,
ethiopian cofee leaf dataset/train aug/Cerscospora/aug_0_6937.jpeg,Cercospora,excluded_pattern,,
ethiopian cofee leaf dataset/train aug/Cerscospora/aug_0_694.jpeg,Cercospora,excluded_pattern,,
ethiopian cofee leaf dataset/train aug/Cerscospora/aug_0_6941.jpeg,Cercospora,excluded_pattern,,
ethiopian cofee leaf dataset/train aug/Cerscospora/aug_0_6943.jpeg,Cercospora,excluded_pattern,,
ethiopian cofee leaf dataset/train aug/Cerscospora/aug_0_6947.jpeg,Cercospora,excluded_pattern,,
ethiopian cofee leaf dataset/train aug/Cerscospora/aug_0_6949.jpeg,Cercospora,excluded_pattern,,
ethiopian cofee leaf dataset/train aug/Cerscospora/aug_0_695.jpeg,Cercospora,excluded_pattern,,
ethiopian cofee leaf dataset/train aug/Cerscospora/aug_0_6955.jpeg,Cercospora,excluded_pattern,,
ethiopian cofee leaf dataset/train aug/Cerscospora/aug_0_6956.jpeg,Cercospora,excluded_pattern,,
ethiopian cofee leaf dataset/train aug/Cerscospora/aug_0_6958.jpeg,Cercospora,excluded_pattern,,
ethiopian cofee leaf dataset/train aug/Cerscospora/aug_0_696.jpeg,Cercospora,excluded_pattern,,
ethiopian cofee leaf dataset/train aug/Cerscospora/aug_0_6962.jpeg,Cercospora,excluded_pattern,,
ethiopian cofee leaf dataset/train aug/Cerscospora/aug_0_6964.jpeg,Cercospora,excluded_pattern,,
ethiopian cofee leaf dataset/train aug/Cerscospora/aug_0_6967.jpeg,Cercospora,excluded_pattern,,
ethiopian cofee leaf dataset/train aug/Cerscospora/aug_0_6968.jpeg,Cercospora,excluded_pattern,,
ethiopian cofee leaf dataset/train aug/Cerscospora/aug_0_6971.jpeg,Cercospora,excluded_pattern,,
ethiopian cofee leaf dataset/train aug/Cerscospora/aug_0_6974.jpeg,Cercospora,excluded_pattern,,
ethiopian cofee leaf dataset/train aug/Cerscospora/aug_0_6975.jpeg,Cercospora,excluded_pattern,,
ethiopian cofee leaf dataset/train aug/Cerscospora/aug_0_6976.jpeg,Cercospora,excluded_pattern,,
ethiopian cofee leaf dataset/train aug/Cerscospora/aug_0_6980.jpeg,Cercospora,excluded_pattern,,
ethiopian cofee leaf dataset/train aug/Cerscospora/aug_0_6983.jpeg,Cercospora,excluded_pattern,,
ethiopian cofee leaf dataset/train aug/Cerscospora/aug_0_6984.jpeg,Cercospora,excluded_pattern,,
ethiopian cofee leaf dataset/train aug/Cerscospora/aug_0_6990.jpeg,Cercospora,excluded_pattern,,
ethiopian cofee leaf dataset/train aug/Cerscospora/aug_0_6992.jpeg,Cercospora,excluded_pattern,,
ethiopian cofee leaf dataset/train aug/Cerscospora/aug_0_6993.jpeg,Cercospora,excluded_pattern,,
ethiopian cofee leaf dataset/train aug/Cerscospora/aug_0_7000.jpeg,Cercospora,excluded_pattern,,
ethiopian cofee leaf dataset/train aug/Cerscospora/aug_0_7006.jpeg,Cercospora,excluded_pattern,,
ethiopian cofee leaf dataset/train aug/Cerscospora/aug_0_7007.jpeg,Cercospora,excluded_pattern,,
ethiopian cofee leaf dataset/train aug/Cerscospora/aug_0_7009.jpeg,Cercospora,excluded_pattern,,
ethiopian cofee leaf dataset/train aug/Cerscospora/aug_0_7011.jpeg,Cercospora,excluded_pattern,,
ethiopian cofee leaf dataset/train aug/Cerscospora/aug_0_7014.jpeg,Cercospora,excluded_pattern,,
ethiopian cofee leaf dataset/train aug/Cerscospora/aug_0_7016.jpeg,Cercospora,excluded_pattern,,
ethiopian cofee leaf dataset/train aug/Cerscospora/aug_0_7018.jpeg,Cercospora,excluded_pattern,,
ethiopian cofee leaf dataset/train aug/Cerscospora/aug_0_7021.jpeg,Cercospora,excluded_pattern,,
ethiopian cofee leaf dataset/train aug/Cerscospora/aug_0_7029.jpeg,Cercospora,excluded_pattern,,
ethiopian cofee leaf dataset/train aug/Cerscospora/aug_0_7033.jpeg,Cercospora,excluded_pattern,,
ethiopian cofee leaf dataset/train aug/Cerscospora/aug_0_7040.jpeg,Cercospora,excluded_pattern,,
ethiopian cofee leaf dataset/train aug/Cerscospora/aug_0_7041.jpeg,Cercospora,excluded_pattern,,
ethiopian cofee leaf dataset/train aug/Cerscospora/aug_0_7045.jpeg,Cercospora,excluded_pattern,,
ethiopian cofee leaf dataset/train aug/Cerscospora/aug_0_705.jpeg,Cercospora,excluded_pattern,,
ethiopian cofee leaf dataset/train aug/Cerscospora/aug_0_7050.jpeg,Cercospora,excluded_pattern,,
ethiopian cofee leaf dataset/train aug/Cerscospora/aug_0_7056.jpeg,Cercospora,excluded_pattern,,
ethiopian cofee leaf dataset/train aug/Cerscospora/aug_0_7061.jpeg,Cercospora,excluded_pattern,,
ethiopian cofee leaf dataset/train aug/Cerscospora/aug_0_7062.jpeg,Cercospora,excluded_pattern,,
ethiopian cofee leaf dataset/train aug/Cerscospora/aug_0_7065.jpeg,Cercospora,excluded_pattern,,
ethiopian cofee leaf dataset/train aug/Cerscospora/aug_0_7067.jpeg,Cercospora,excluded_pattern,,
ethiopian cofee leaf dataset/train aug/Cerscospora/aug_0_7068.jpeg,Cercospora,excluded_pattern,,
ethiopian cofee leaf dataset/train aug/Cerscospora/aug_0_7069.jpeg,Cercospora,excluded_pattern,,
ethiopian cofee leaf dataset/train aug/Cerscospora/aug_0_707.jpeg,Cercospora,excluded_pattern,,
ethiopian cofee leaf dataset/train aug/Cerscospora/aug_0_7071.jpeg,Cercospora,excluded_pattern,,
ethiopian cofee leaf dataset/train aug/Cerscospora/aug_0_7085.jpeg,Cercospora,excluded_pattern,,
ethiopian cofee leaf dataset/train aug/Cerscospora/aug_0_7087.jpeg,Cercospora,excluded_pattern,,
ethiopian cofee leaf dataset/train aug/Cerscospora/aug_0_7089.jpeg,Cercospora,excluded_pattern,,
ethiopian cofee leaf dataset/train aug/Cerscospora/aug_0_7096.jpeg,Cercospora,excluded_pattern,,
ethiopian cofee leaf dataset/train aug/Cerscospora/aug_0_7098.jpeg,Cercospora,excluded_pattern,,
ethiopian cofee leaf dataset/train aug/Cerscospora/aug_0_71.jpeg,Cercospora,excluded_pattern,,
ethiopian cofee leaf dataset/train aug/Cerscospora/aug_0_710.jpeg,Cercospora,excluded_pattern,,
ethiopian cofee leaf dataset/train aug/Cerscospora/aug_0_7101.jpeg,Cercospora,excluded_pattern,,
ethiopian cofee leaf dataset/train aug/Cerscospora/aug_0_711.jpeg,Cercospora,excluded_pattern,,
ethiopian cofee leaf dataset/train aug/Cerscospora/aug_0_7110.jpeg,Cercospora,excluded_pattern,,
ethiopian cofee leaf dataset/train aug/Cerscospora/aug_0_7112.jpeg,Cercospora,excluded_pattern,,
ethiopian cofee leaf dataset/train aug/Cerscospora/aug_0_7115.jpeg,Cercospora,excluded_pattern,,
ethiopian cofee leaf dataset/train aug/Cerscospora/aug_0_7121.jpeg,Cercospora,excluded_pattern,,
ethiopian cofee leaf dataset/train aug/Cerscospora/aug_0_7127.jpeg,Cercospora,excluded_pattern,,
ethiopian cofee leaf dataset/train aug/Cerscospora/aug_0_7134.jpeg,Cercospora,excluded_pattern,,
ethiopian cofee leaf dataset/train aug/Cerscospora/aug_0_7143.jpeg,Cercospora,excluded_pattern,,
ethiopian cofee leaf dataset/train aug/Cerscospora/aug_0_7148.jpeg,Cercospora,excluded_pattern,,
ethiopian cofee leaf dataset/train aug/Cerscospora/aug_0_7151.jpeg,Cercospora,excluded_pattern,,
ethiopian cofee leaf dataset/train aug/Cerscospora/aug_0_7159.jpeg,Cercospora,excluded_pattern,,
ethiopian cofee leaf dataset/train aug/Cerscospora/aug_0_7164.jpeg,Cercospora,excluded_pattern,,
ethiopian cofee leaf dataset/train aug/Cerscospora/aug_0_717.jpeg,Cercospora,excluded_pattern,,
ethiopian cofee leaf dataset/train aug/Cerscospora/aug_0_7170.jpeg,Cercospora,excluded_pattern,,
ethiopian cofee leaf dataset/train aug/Cerscospora/aug_0_7181.jpeg,Cercospora,excluded_pattern,,
ethiopian cofee leaf dataset/train aug/Cerscospora/aug_0_7187.jpeg,Cercospora,excluded_pattern,,
ethiopian cofee leaf dataset/train aug/Cerscospora/aug_0_7189.jpeg,Cercospora,excluded_pattern,,
ethiopian cofee leaf dataset/train aug/Cerscospora/aug_0_719.jpeg,Cercospora,excluded_pattern,,
ethiopian cofee leaf dataset/train aug/Cerscospora/aug_0_7191.jpeg,Cercospora,excluded_pattern,,
ethiopian cofee leaf dataset/train aug/Cerscospora/aug_0_7194.jpeg,Cercospora,excluded_pattern,,
ethiopian cofee leaf dataset/train aug/Cerscospora/aug_0_7196.jpeg,Cercospora,excluded_pattern,,
ethiopian cofee leaf dataset/train aug/Cerscospora/aug_0_7198.jpeg,Cercospora,excluded_pattern,,
ethiopian cofee leaf dataset/train aug/Cerscospora/aug_0_7204.jpeg,Cercospora,excluded_pattern,,
ethiopian cofee leaf dataset/train aug/Cerscospora/aug_0_7210.jpeg,Cercospora,excluded_pattern,,
ethiopian cofee leaf dataset/train aug/Cerscospora/aug_0_7212.jpeg,Cercospora,excluded_pattern,,
ethiopian cofee leaf dataset/train aug/Cerscospora/aug_0_7213.jpeg,Cercospora,excluded_pattern,,
ethiopian cofee leaf dataset/train aug/Cerscospora/aug_0_7220.jpeg,Cercospora,excluded_pattern,,
ethiopian cofee leaf dataset/train aug/Cerscospora/aug_0_7224.jpeg,Cercospora,excluded_pattern,,
ethiopian cofee leaf dataset/train aug/Cerscospora/aug_0_7225.jpeg,Cercospora,excluded_pattern,,
ethiopian cofee leaf dataset/train aug/Cerscospora/aug_0_7226.jpeg,Cercospora,excluded_pattern,,
ethiopian cofee leaf dataset/train aug/Cerscospora/aug_0_723.jpeg,Cercospora,excluded_pattern,,
ethiopian cofee leaf dataset/train aug/Cerscospora/aug_0_7237.jpeg,Cercospora,excluded_pattern,,
ethiopian cofee leaf dataset/train aug/Cerscospora/aug_0_7244.jpeg,Cercospora,excluded_pattern,,
ethiopian cofee leaf dataset/train aug/Cerscospora/aug_0_7248.jpeg,Cercospora,excluded_pattern,,
ethiopian cofee leaf dataset/train aug/Cerscospora/aug_0_7250.jpeg,Cercospora,excluded_pattern,,
ethiopian cofee leaf dataset/train aug/Cerscospora/aug_0_7252.jpeg,Cercospora,excluded_pattern,,
ethiopian cofee leaf dataset/train aug/Cerscospora/aug_0_7253.jpeg,Cercospora,excluded_pattern,,
ethiopian cofee leaf dataset/train aug/Cerscospora/aug_0_7256.jpeg,Cercospora,excluded_pattern,,
ethiopian cofee leaf dataset/train aug/Cerscospora/aug_0_7258.jpeg,Cercospora,excluded_pattern,,
ethiopian cofee leaf dataset/train aug/Cerscospora/aug_0_726.jpeg,Cercospora,excluded_pattern,,
ethiopian cofee leaf dataset/train aug/Cerscospora/aug_0_7263.jpeg,Cercospora,excluded_pattern,,
ethiopian cofee leaf dataset/train aug/Cerscospora/aug_0_7264.jpeg,Cercospora,excluded_pattern,,
ethiopian cofee leaf dataset/train aug/Cerscospora/aug_0_7266.jpeg,Cercospora,excluded_pattern,,
ethiopian cofee leaf dataset/train aug/Cerscospora/aug_0_7267.jpeg,Cercospora,excluded_pattern,,
ethiopian cofee leaf dataset/train aug/Cerscospora/aug_0_7273.jpeg,Cercospora,excluded_pattern,,
ethiopian cofee leaf dataset/train aug/Cerscospora/aug_0_7274.jpeg,Cercospora,excluded_pattern,,
ethiopian cofee leaf dataset/train aug/Cerscospora/aug_0_7276.jpeg,Cercospora,excluded_pattern,,
ethiopian cofee leaf dataset/train aug/Cerscospora/aug_0_728.jpeg,Cercospora,excluded_pattern,,
ethiopian cofee leaf dataset/train aug/Cerscospora/aug_0_7280.jpeg,Cercospora,excluded_pattern,,
ethiopian cofee leaf dataset/train aug/Cerscospora/aug_0_7281.jpeg,Cercospora,excluded_pattern,,
ethiopian cofee leaf dataset/train aug/Cerscospora/aug_0_7283.jpeg,Cercospora,excluded_pattern,,
ethiopian cofee leaf dataset/train aug/Cerscospora/aug_0_7284.jpeg,Cercospora,excluded_pattern,,
ethiopian cofee leaf dataset/train aug/Cerscospora/aug_0_7287.jpeg,Cercospora,excluded_pattern,,
ethiopian cofee leaf dataset/train aug/Cerscospora/aug_0_7288.jpeg,Cercospora,excluded_pattern,,
ethiopian cofee leaf dataset/train aug/Cerscospora/aug_0_7296.jpeg,Cercospora,excluded_pattern,,
ethiopian cofee leaf dataset/train aug/Cerscospora/aug_0_7297.jpeg,Cercospora,excluded_pattern,,
ethiopian cofee leaf dataset/train aug/Cerscospora/aug_0_7299.jpeg,Cercospora,excluded_pattern,,
ethiopian cofee leaf dataset/train aug/Cerscospora/aug_0_730.jpeg,Cercospora,excluded_pattern,,
ethiopian cofee leaf dataset/train aug/Cerscospora/aug_0_7304.jpeg,Cercospora,excluded_pattern,,
ethiopian cofee leaf dataset/train aug/Cerscospora/aug_0_7306.jpeg,Cercospora,excluded_pattern,,
ethiopian cofee leaf dataset/train aug/Cerscospora/aug_0_7308.jpeg,Cercospora,excluded_pattern,,
ethiopian cofee leaf dataset/train aug/Cerscospora/aug_0_731.jpeg,Cercospora,excluded_pattern,,
ethiopian cofee leaf dataset/train aug/Cerscospora/aug_0_7310.jpeg,Cercospora,excluded_pattern,,
ethiopian cofee leaf dataset/train aug/Cerscospora/aug_0_7315.jpeg,Cercospora,excluded_pattern,,
ethiopian cofee leaf dataset/train aug/Cerscospora/aug_0_7317.jpeg,Cercospora,excluded_pattern,,
ethiopian cofee leaf dataset/train aug/Cerscospora/aug_0_7322.jpeg,Cercospora,excluded_pattern,,
ethiopian cofee leaf dataset/train aug/Cerscospora/aug_0_7326.jpeg,Cercospora,excluded_pattern,,
ethiopian cofee leaf dataset/train aug/Cerscospora/aug_0_7327.jpeg,Cercospora,excluded_pattern,,
ethiopian cofee leaf dataset/train aug/Cerscospora/aug_0_7332.jpeg,Cercospora,excluded_pattern,,
ethiopian cofee leaf dataset/train aug/Cerscospora/aug_0_7334.jpeg,Cercospora,excluded_pattern,,
ethiopian cofee leaf dataset/train aug/Cerscospora/aug_0_7336.jpeg,Cercospora,excluded_pattern,,
ethiopian cofee leaf dataset/train aug/Cerscospora/aug_0_7337.jpeg,Cercospora,excluded_pattern,,
ethiopian cofee leaf dataset/train aug/Cerscospora/aug_0_7338.jpeg,Cercospora,excluded_pattern,,
ethiopian cofee leaf dataset/train aug/Cerscospora/aug_0_734.jpeg,Cercospora,excluded_pattern,,
ethiopian cofee leaf dataset/train aug/Cerscospora/aug_0_7340.jpeg,Cercospora,excluded_pattern,,
ethiopian cofee leaf dataset/train aug/Cerscospora/aug_0_7343.jpeg,Cercospora,excluded_pattern,,
ethiopian cofee leaf dataset/train aug/Cerscospora/aug_0_7345.jpeg,Cercospora,excluded_pattern,,
ethiopian cofee leaf dataset/train aug/Cerscospora/aug_0_7347.jpeg,Cercospora,excluded_pattern,,
ethiopian cofee leaf dataset/train aug/Cerscospora/aug_0_7351.jpeg,Cercospora,excluded_pattern,,
ethiopian cofee leaf dataset/train aug/Cerscospora/aug_0_7353.jpeg,Cercospora,excluded_pattern,,
ethiopian cofee leaf dataset/train aug/Cerscospora/aug_0_7354.jpeg,Cercospora,excluded_pattern,,
ethiopian cofee leaf dataset/train aug/Cerscospora/aug_0_7358.jpeg,Cercospora,excluded_pattern,,
ethiopian cofee leaf dataset/train aug/Cerscospora/aug_0_7360.jpeg,Cercospora,excluded_pattern,,
ethiopian cofee leaf dataset/train aug/Cerscospora/aug_0_7366.jpeg,Cercospora,excluded_pattern,,
ethiopian cofee leaf dataset/train aug/Cerscospora/aug_0_737.jpeg,Cercospora,excluded_pattern,,
ethiopian cofee leaf dataset/train aug/Cerscospora/aug_0_7370.jpeg,Cercospora,excluded_pattern,,
ethiopian cofee leaf dataset/train aug/Cerscospora/aug_0_7372.jpeg,Cercospora,excluded_pattern,,
ethiopian cofee leaf dataset/train aug/Cerscospora/aug_0_7373.jpeg,Cercospora,excluded_pattern,,
ethiopian cofee leaf dataset/train aug/Cerscospora/aug_0_7377.jpeg,Cercospora,excluded_pattern,,
ethiopian cofee leaf dataset/train aug/Cerscospora/aug_0_7378.jpeg,Cercospora,excluded_pattern,,
ethiopian cofee leaf dataset/train aug/Cerscospora/aug_0_7379.jpeg,Cercospora,excluded_pattern,,
ethiopian cofee leaf dataset/train aug/Cerscospora/aug_0_738.jpeg,Cercospora,excluded_pattern,,
ethiopian cofee leaf dataset/train aug/Cerscospora/aug_0_7382.jpeg,Cercospora,excluded_pattern,,
ethiopian cofee leaf dataset/train aug/Cerscospora/aug_0_7383.jpeg,Cercospora,excluded_pattern,,
ethiopian cofee leaf dataset/train aug/Cerscospora/aug_0_7385.jpeg,Cercospora,excluded_pattern,,
ethiopian cofee leaf dataset/train aug/Cerscospora/aug_0_7388.jpeg,Cercospora,excluded_pattern,,
ethiopian cofee leaf dataset/train aug/Cerscospora/aug_0_7389.jpeg,Cercospora,excluded_pattern,,
ethiopian cofee leaf dataset/train aug/Cerscospora/aug_0_7391.jpeg,Cercospora,excluded_pattern,,
ethiopian cofee leaf dataset/train aug/Cerscospora/aug_0_7398.jpeg,Cercospora,excluded_pattern,,
ethiopian cofee leaf dataset/train aug/Cerscospora/aug_0_7406.jpeg,Cercospora,excluded_pattern,,
ethiopian cofee leaf dataset/train aug/Cerscospora/aug_0_741.jpeg,Cercospora,excluded_pattern,,
ethiopian cofee leaf dataset/train aug/Cerscospora/aug_0_7410.jpeg,Cercospora,excluded_pattern,,
ethiopian cofee leaf dataset/train aug/Cerscospora/aug_0_7412.jpeg,Cercospora,excluded_pattern,,
ethiopian cofee leaf dataset/train aug/Cerscospora/aug_0_7414.jpeg,Cercospora,excluded_pattern,,
ethiopian cofee leaf dataset/train aug/Cerscospora/aug_0_7415.jpeg,Cercospora,excluded_pattern,,
ethiopian cofee leaf dataset/train aug/Cerscospora/aug_0_7416.jpeg,Cercospora,excluded_pattern,,
ethiopian cofee leaf dataset/train aug/Cerscospora/aug_0_7418.jpeg,Cercospora,excluded_pattern,,
ethiopian cofee leaf dataset/train aug/Cerscospora/aug_0_7419.jpeg,Cercospora,excluded_pattern,,
ethiopian cofee leaf dataset/train aug/Cerscospora/aug_0_7428.jpeg,Cercospora,excluded_pattern,,
ethiopian cofee leaf dataset/train aug/Cerscospora/aug_0_743.jpeg,Cercospora,excluded_pattern,,
ethiopian cofee leaf dataset/train aug/Cerscospora/aug_0_7434.jpeg,Cercospora,excluded_pattern,,
ethiopian cofee leaf dataset/train aug/Cerscospora/aug_0_7439.jpeg,Cercospora,excluded_pattern,,
ethiopian cofee leaf dataset/train aug/Cerscospora/aug_0_7440.jpeg,Cercospora,excluded_pattern,,
ethiopian cofee leaf dataset/train aug/Cerscospora/aug_0_7441.jpeg,Cercospora,excluded_pattern,,
ethiopian cofee leaf dataset/train aug/Cerscospora/aug_0_7443.jpeg,Cercospora,excluded_pattern,,
ethiopian cofee leaf dataset/train aug/Cerscospora/aug_0_7445.jpeg,Cercospora,excluded_pattern,,
ethiopian cofee leaf dataset/train aug/Cerscospora/aug_0_7448.jpeg,Cercospora,excluded_pattern,,
ethiopian cofee leaf dataset/train aug/Cerscospora/aug_0_745.jpeg,Cercospora,excluded_pattern,,
ethiopian cofee leaf dataset/train aug/Cerscospora/aug_0_7450.jpeg,Cercospora,excluded_pattern,,
ethiopian cofee leaf dataset/train aug/Cerscospora/aug_0_7452.jpeg,Cercospora,excluded_pattern,,
ethiopian cofee leaf dataset/train aug/Cerscospora/aug_0_7455.jpeg,Cercospora,excluded_pattern,,
ethiopian cofee leaf dataset/train aug/Cerscospora/aug_0_746.jpeg,Cercospora,excluded_pattern,,
ethiopian cofee leaf dataset/train aug/Cerscospora/aug_0_7460.jpeg,Cercospora,excluded_pattern,,
ethiopian cofee leaf dataset/train aug/Cerscospora/aug_0_7464.jpeg,Cercospora,excluded_pattern,,
ethiopian cofee leaf dataset/train aug/Cerscospora/aug_0_7474.jpeg,Cercospora,excluded_pattern,,
ethiopian cofee leaf dataset/train aug/Cerscospora/aug_0_7483.jpeg,Cercospora,excluded_pattern,,
ethiopian cofee leaf dataset/train aug/Cerscospora/aug_0_7485.jpeg,Cercospora,excluded_pattern,,
ethiopian cofee leaf dataset/train aug/Cerscospora/aug_0_7486.jpeg,Cercospora,excluded_pattern,,
ethiopian cofee leaf dataset/train aug/Cerscospora/aug_0_7492.jpeg,Cercospora,excluded_pattern,,
ethiopian cofee leaf dataset/train aug/Cerscospora/aug_0_7493.jpeg,Cercospora,excluded_pattern,,
ethiopian cofee leaf dataset/train aug/Cerscospora/aug_0_7495.jpeg,Cercospora,excluded_pattern,,
ethiopian cofee leaf dataset/train aug/Cerscospora/aug_0_7498.jpeg,Cercospora,excluded_pattern,,
ethiopian cofee leaf dataset/train aug/Cerscospora/aug_0_7499.jpeg,Cercospora,excluded_pattern,,
ethiopian cofee leaf dataset/train aug/Cerscospora/aug_0_75.jpeg,Cercospora,excluded_pattern,,
ethiopian cofee leaf dataset/train aug/Cerscospora/aug_0_750.jpeg,Cercospora,excluded_pattern,,
ethiopian cofee leaf dataset/train aug/Cerscospora/aug_0_7502.jpeg,Cercospora,excluded_pattern,,
ethiopian cofee leaf dataset/train aug/Cerscospora/aug_0_751.jpeg,Cercospora,excluded_pattern,,
ethiopian cofee leaf dataset/train aug/Cerscospora/aug_0_7513.jpeg,Cercospora,excluded_pattern,,
ethiopian cofee leaf dataset/train aug/Cerscospora/aug_0_7517.jpeg,Cercospora,excluded_pattern,,
ethiopian cofee leaf dataset/train aug/Cerscospora/aug_0_7521.jpeg,Cercospora,excluded_pattern,,
ethiopian cofee leaf dataset/train aug/Cerscospora/aug_0_753.jpeg,Cercospora,excluded_pattern,,
ethiopian cofee leaf dataset/train aug/Cerscospora/aug_0_7530.jpeg,Cercospora,excluded_pattern,,
ethiopian cofee leaf dataset/train aug/Cerscospora/aug_0_7531.jpeg,Cercospora,excluded_pattern,,
ethiopian cofee leaf dataset/train aug/Cerscospora/aug_0_7532.jpeg,Cercospora,excluded_pattern,,
ethiopian cofee leaf dataset/train aug/Cerscospora/aug_0_7534.jpeg,Cercospora,excluded_pattern,,
ethiopian cofee leaf dataset/train aug/Cerscospora/aug_0_7540.jpeg,Cercospora,excluded_pattern,,
ethiopian cofee leaf dataset/train aug/Cerscospora/aug_0_7541.jpeg,Cercospora,excluded_pattern,,
ethiopian cofee leaf dataset/train aug/Cerscospora/aug_0_7544.jpeg,Cercospora,excluded_pattern,,
ethiopian cofee leaf dataset/train aug/Cerscospora/aug_0_7547.jpeg,Cercospora,excluded_pattern,,
ethiopian cofee leaf dataset/train aug/Cerscospora/aug_0_7548.jpeg,Cercospora,excluded_pattern,,
ethiopian cofee leaf dataset/train aug/Cerscospora/aug_0_7553.jpeg,Cercospora,excluded_pattern,,
ethiopian cofee leaf dataset/train aug/Cerscospora/aug_0_7558.jpeg,Cercospora,excluded_pattern,,
ethiopian cofee leaf dataset/train aug/Cerscospora/aug_0_7561.jpeg,Cercospora,excluded_pattern,,
ethiopian cofee leaf dataset/train aug/Cerscospora/aug_0_7562.jpeg,Cercospora,excluded_pattern,,
ethiopian cofee leaf dataset/train aug/Cerscospora/aug_0_7565.jpeg,Cercospora,excluded_pattern,,
ethiopian cofee leaf dataset/train aug/Cerscospora/aug_0_7574.jpeg,Cercospora,excluded_pattern,,
ethiopian cofee leaf dataset/train aug/Cerscospora/aug_0_7575.jpeg,Cercospora,excluded_pattern,,
ethiopian cofee leaf dataset/train aug/Cerscospora/aug_0_7583.jpeg,Cercospora,excluded_pattern,,
ethiopian cofee leaf dataset/train aug/Cerscospora/aug_0_7585.jpeg,Cercospora,excluded_pattern,,
ethiopian cofee leaf dataset/train aug/Cerscospora/aug_0_7589.jpeg,Cercospora,excluded_pattern,,
ethiopian cofee leaf dataset/train aug/Cerscospora/aug_0_759.jpeg,Cercospora,excluded_pattern,,
ethiopian cofee leaf dataset/train aug/Cerscospora/aug_0_7591.jpeg,Cercospora,excluded_pattern,,
ethiopian cofee leaf dataset/train aug/Cerscospora/aug_0_7592.jpeg,Cercospora,excluded_pattern,,
ethiopian cofee leaf dataset/train aug/Cerscospora/aug_0_7593.jpeg,Cercospora,excluded_pattern,,
ethiopian cofee leaf dataset/train aug/Cerscospora/aug_0_7594.jpeg,Cercospora,excluded_pattern,,
ethiopian cofee leaf dataset/train aug/Cerscospora/aug_0_7602.jpeg,Cercospora,excluded_pattern,,
ethiopian cofee leaf dataset/train aug/Cerscospora/aug_0_7603.jpeg,Cercospora,excluded_pattern,,
ethiopian cofee leaf dataset/train aug/Cerscospora/aug_0_7608.jpeg,Cercospora,excluded_pattern,,
ethiopian cofee leaf dataset/train aug/Cerscospora/aug_0_7615.jpeg,Cercospora,excluded_pattern,,
ethiopian cofee leaf dataset/train aug/Cerscospora/aug_0_7617.jpeg,Cercospora,excluded_pattern,,
ethiopian cofee leaf dataset/train aug/Cerscospora/aug_0_7628.jpeg,Cercospora,excluded_pattern,,
ethiopian cofee leaf dataset/train aug/Cerscospora/aug_0_7643.jpeg,Cercospora,excluded_pattern,,
ethiopian cofee leaf dataset/train aug/Cerscospora/aug_0_7645.jpeg,Cercospora,excluded_pattern,,
ethiopian cofee leaf dataset/train aug/Cerscospora/aug_0_7650.jpeg,Cercospora,excluded_pattern,,
ethiopian cofee leaf dataset/train aug/Cerscospora/aug_0_7659.jpeg,Cercospora,excluded_pattern,,
ethiopian cofee leaf dataset/train aug/Cerscospora/aug_0_7664.jpeg,Cercospora,excluded_pattern,,
ethiopian cofee leaf dataset/train aug/Cerscospora/aug_0_7666.jpeg,Cercospora,excluded_pattern,,
ethiopian cofee leaf dataset/train aug/Cerscospora/aug_0_7667.jpeg,Cercospora,excluded_pattern,,
ethiopian cofee leaf dataset/train aug/Cerscospora/aug_0_7671.jpeg,Cercospora,excluded_pattern,,
ethiopian cofee leaf dataset/train aug/Cerscospora/aug_0_7673.jpeg,Cercospora,excluded_pattern,,
ethiopian cofee leaf dataset/train aug/Cerscospora/aug_0_7678.jpeg,Cercospora,excluded_pattern,,
ethiopian cofee leaf dataset/train aug/Cerscospora/aug_0_768.jpeg,Cercospora,excluded_pattern,,
ethiopian cofee leaf dataset/train aug/Cerscospora/aug_0_7680.jpeg,Cercospora,excluded_pattern,,
ethiopian cofee leaf dataset/train aug/Cerscospora/aug_0_7681.jpeg,Cercospora,excluded_pattern,,
ethiopian cofee leaf dataset/train aug/Cerscospora/aug_0_7686.jpeg,Cercospora,excluded_pattern,,
ethiopian cofee leaf dataset/train aug/Cerscospora/aug_0_7698.jpeg,Cercospora,excluded_pattern,,
ethiopian cofee leaf dataset/train aug/Cerscospora/aug_0_7699.jpeg,Cercospora,excluded_pattern,,
ethiopian cofee leaf dataset/train aug/Cerscospora/aug_0_77.jpeg,Cercospora,excluded_pattern,,
ethiopian cofee leaf dataset/train aug/Cerscospora/aug_0_770.jpeg,Cercospora,excluded_pattern,,
ethiopian cofee leaf dataset/train aug/Cerscospora/aug_0_7707.jpeg,Cercospora,excluded_pattern,,
ethiopian cofee leaf dataset/train aug/Cerscospora/aug_0_7717.jpeg,Cercospora,excluded_pattern,,
ethiopian cofee leaf dataset/train aug/Cerscospora/aug_0_7718.jpeg,Cercospora,excluded_pattern,,
ethiopian cofee leaf dataset/train aug/Cerscospora/aug_0_772.jpeg,Cercospora,excluded_pattern,,
ethiopian cofee leaf dataset/train aug/Cerscospora/aug_0_7727.jpeg,Cercospora,excluded_pattern,,
ethiopian cofee leaf dataset/train aug/Cerscospora/aug_0_7728.jpeg,Cercospora,excluded_pattern,,
ethiopian cofee leaf dataset/train aug/Cerscospora/aug_0_773.jpeg,Cercospora,excluded_pattern,,
ethiopian cofee leaf dataset/train aug/Cerscospora/aug_0_7740.jpeg,Cercospora,excluded_pattern,,
ethiopian cofee leaf dataset/train aug/Cerscospora/aug_0_7741.jpeg,Cercospora,excluded_pattern,,
ethiopian cofee leaf dataset/train aug/Cerscospora/aug_0_7746.jpeg,Cercospora,excluded_pattern,,
ethiopian cofee leaf dataset/train aug/Cerscospora/aug_0_775.jpeg,Cercospora,excluded_pattern,,
ethiopian cofee leaf dataset/train aug/Cerscospora/aug_0_7752.jpeg,Cercospora,excluded_pattern,,
ethiopian cofee leaf dataset/train aug/Cerscospora/aug_0_7759.jpeg,Cercospora,excluded_pattern,,
ethiopian cofee leaf dataset/train aug/Cerscospora/aug_0_7763.jpeg,Cercospora,excluded_pattern,,
ethiopian cofee leaf dataset/train aug/Cerscospora/aug_0_7766.jpeg,Cercospora,excluded_pattern,,
ethiopian cofee leaf dataset/train aug/Cerscospora/aug_0_777.jpeg,Cercospora,excluded_pattern,,
ethiopian cofee leaf dataset/train aug/Cerscospora/aug_0_7773.jpeg,Cercospora,excluded_pattern,,
ethiopian cofee leaf dataset/train aug/Cerscospora/aug_0_7774.jpeg,Cercospora,excluded_pattern,,
ethiopian cofee leaf dataset/train aug/Cerscospora/aug_0_7775.jpeg,Cercospora,excluded_pattern,,
ethiopian cofee leaf dataset/train aug/Cerscospora/aug_0_7778.jpeg,Cercospora,excluded_pattern,,
ethiopian cofee leaf dataset/train aug/Cerscospora/aug_0_7781.jpeg,Cercospora,excluded_pattern,,
ethiopian cofee leaf dataset/train aug/Cerscospora/aug_0_7786.jpeg,Cercospora,excluded_pattern,,
ethiopian cofee leaf dataset/train aug/Cerscospora/aug_0_7788.jpeg,Cercospora,excluded_pattern,,
ethiopian cofee leaf dataset/train aug/Cerscospora/aug_0_7790.jpeg,Cercospora,excluded_pattern,,
ethiopian cofee leaf dataset/train aug/Cerscospora/aug_0_7797.jpeg,Cercospora,excluded_pattern,,
ethiopian cofee leaf dataset/train aug/Cerscospora/aug_0_7798.jpeg,Cercospora,excluded_pattern,,
ethiopian cofee leaf dataset/train aug/Cerscospora/aug_0_7799.jpeg,Cercospora,excluded_pattern,,
ethiopian cofee leaf dataset/train aug/Cerscospora/aug_0_78.jpeg,Cercospora,excluded_pattern,,
ethiopian cofee leaf dataset/train aug/Cerscospora/aug_0_780.jpeg,Cercospora,excluded_pattern,,
ethiopian cofee leaf dataset/train aug/Cerscospora/aug_0_7800.jpeg,Cercospora,excluded_pattern,,
ethiopian cofee leaf dataset/train aug/Cerscospora/aug_0_7802.jpeg,Cercospora,excluded_pattern,,
ethiopian cofee leaf dataset/train aug/Cerscospora/aug_0_7805.jpeg,Cercospora,excluded_pattern,,
ethiopian cofee leaf dataset/train aug/Cerscospora/aug_0_7812.jpeg,Cercospora,excluded_pattern,,
ethiopian cofee leaf dataset/train aug/Cerscospora/aug_0_7815.jpeg,Cercospora,excluded_pattern,,
ethiopian cofee leaf dataset/train aug/Cerscospora/aug_0_7817.jpeg,Cercospora,excluded_pattern,,
ethiopian cofee leaf dataset/train aug/Cerscospora/aug_0_7819.jpeg,Cercospora,excluded_pattern,,
ethiopian cofee leaf dataset/train aug/Cerscospora/aug_0_7822.jpeg,Cercospora,excluded_pattern,,
ethiopian cofee leaf dataset/train aug/Cerscospora/aug_0_7826.jpeg,Cercospora,excluded_pattern,,
ethiopian cofee leaf dataset/train aug/Cerscospora/aug_0_7831.jpeg,Cercospora,excluded_pattern,,
ethiopian cofee leaf dataset/train aug/Cerscospora/aug_0_7835.jpeg,Cercospora,excluded_pattern,,
ethiopian cofee leaf dataset/train aug/Cerscospora/aug_0_7842.jpeg,Cercospora,excluded_pattern,,
ethiopian cofee leaf dataset/train aug/Cerscospora/aug_0_7844.jpeg,Cercospora,excluded_pattern,,
ethiopian cofee leaf dataset/train aug/Cerscospora/aug_0_7851.jpeg,Cercospora,excluded_pattern,,
ethiopian cofee leaf dataset/train aug/Cerscospora/aug_0_7852.jpeg,Cercospora,excluded_pattern,,
ethiopian cofee leaf dataset/train aug/Cerscospora/aug_0_7855.jpeg,Cercospora,excluded_pattern,,
ethiopian cofee leaf dataset/train aug/Cerscospora/aug_0_7858.jpeg,Cercospora,excluded_pattern,,
ethiopian cofee leaf dataset/train aug/Cerscospora/aug_0_7860.jpeg,Cercospora,excluded_pattern,,
ethiopian cofee leaf dataset/train aug/Cerscospora/aug_0_7861.jpeg,Cercospora,excluded_pattern,,
ethiopian cofee leaf dataset/train aug/Cerscospora/aug_0_7866.jpeg,Cercospora,excluded_pattern,,
ethiopian cofee leaf dataset/train aug/Cerscospora/aug_0_7869.jpeg,Cercospora,excluded_pattern,,
ethiopian cofee leaf dataset/train aug/Cerscospora/aug_0_787.jpeg,Cercospora,excluded_pattern,,
ethiopian cofee leaf dataset/train aug/Cerscospora/aug_0_7878.jpeg,Cercospora,excluded_pattern,,
ethiopian cofee leaf dataset/train aug/Cerscospora/aug_0_7881.jpeg,Cercospora,excluded_pattern,,
ethiopian cofee leaf dataset/train aug/Cerscospora/aug_0_7883.jpeg,Cercospora,excluded_pattern,,
ethiopian cofee leaf dataset/train aug/Cerscospora/aug_0_7891.jpeg,Cercospora,excluded_pattern,,
ethiopian cofee leaf dataset/train aug/Cerscospora/aug_0_7892.jpeg,Cercospora,excluded_pattern,,
ethiopian cofee leaf dataset/train aug/Cerscospora/aug_0_7897.jpeg,Cercospora,excluded_pattern,,
ethiopian cofee leaf dataset/train aug/Cerscospora/aug_0_7898.jpeg,Cercospora,excluded_pattern,,
ethiopian cofee leaf dataset/train aug/Cerscospora/aug_0_7908.jpeg,Cercospora,excluded_pattern,,
ethiopian cofee leaf dataset/train aug/Cerscospora/aug_0_7911.jpeg,Cercospora,excluded_pattern,,
ethiopian cofee leaf dataset/train aug/Cerscospora/aug_0_7912.jpeg,Cercospora,excluded_pattern,,
ethiopian cofee leaf dataset/train aug/Cerscospora/aug_0_7915.jpeg,Cercospora,excluded_pattern,,
ethiopian cofee leaf dataset/train aug/Cerscospora/aug_0_792.jpeg,Cercospora,excluded_pattern,,
ethiopian cofee leaf dataset/train aug/Cerscospora/aug_0_7921.jpeg,Cercospora,excluded_pattern,,
ethiopian cofee leaf dataset/train aug/Cerscospora/aug_0_7922.jpeg,Cercospora,excluded_pattern,,
ethiopian cofee leaf dataset/train aug/Cerscospora/aug_0_7924.jpeg,Cercospora,excluded_pattern,,
ethiopian cofee leaf dataset/train aug/Cerscospora/aug_0_7925.jpeg,Cercospora,excluded_pattern,,
ethiopian cofee leaf dataset/train aug/Cerscospora/aug_0_793.jpeg,Cercospora,excluded_pattern,,
ethiopian cofee leaf dataset/train aug/Cerscospora/aug_0_7932.jpeg,Cercospora,excluded_pattern,,
ethiopian cofee leaf dataset/train aug/Cerscospora/aug_0_7935.jpeg,Cercospora,excluded_pattern,,
ethiopian cofee leaf dataset/train aug/Cerscospora/aug_0_7941.jpeg,Cercospora,excluded_pattern,,
ethiopian cofee leaf dataset/train aug/Cerscospora/aug_0_7954.jpeg,Cercospora,excluded_pattern,,
ethiopian cofee leaf dataset/train aug/Cerscospora/aug_0_7955.jpeg,Cercospora,excluded_pattern,,
ethiopian cofee leaf dataset/train aug/Cerscospora/aug_0_7958.jpeg,Cercospora,excluded_pattern,,
ethiopian cofee leaf dataset/train aug/Cerscospora/aug_0_7970.jpeg,Cercospora,excluded_pattern,,
ethiopian cofee leaf dataset/train aug/Cerscospora/aug_0_7971.jpeg,Cercospora,excluded_pattern,,
ethiopian cofee leaf dataset/train aug/Cerscospora/aug_0_7974.jpeg,Cercospora,excluded_pattern,,
ethiopian cofee leaf dataset/train aug/Cerscospora/aug_0_7975.jpeg,Cercospora,excluded_pattern,,
ethiopian cofee leaf dataset/train aug/Cerscospora/aug_0_7988.jpeg,Cercospora,excluded_pattern,,
ethiopian cofee leaf dataset/train aug/Cerscospora/aug_0_799.jpeg,Cercospora,excluded_pattern,,
ethiopian cofee leaf dataset/train aug/Cerscospora/aug_0_7990.jpeg,Cercospora,excluded_pattern,,
ethiopian cofee leaf dataset/train aug/Cerscospora/aug_0_7992.jpeg,Cercospora,excluded_pattern,,
ethiopian cofee leaf dataset/train aug/Cerscospora/aug_0_7996.jpeg,Cercospora,excluded_pattern,,
ethiopian cofee leaf dataset/train aug/Cerscospora/aug_0_7999.jpeg,Cercospora,excluded_pattern,,
ethiopian cofee leaf dataset/train aug/Cerscospora/aug_0_800.jpeg,Cercospora,excluded_pattern,,
ethiopian cofee leaf dataset/train aug/Cerscospora/aug_0_8000.jpeg,Cercospora,excluded_pattern,,
ethiopian cofee leaf dataset/train aug/Cerscospora/aug_0_8001.jpeg,Cercospora,excluded_pattern,,
ethiopian cofee leaf dataset/train aug/Cerscospora/aug_0_8004.jpeg,Cercospora,excluded_pattern,,
ethiopian cofee leaf dataset/train aug/Cerscospora/aug_0_8007.jpeg,Cercospora,excluded_pattern,,
ethiopian cofee leaf dataset/train aug/Cerscospora/aug_0_8011.jpeg,Cercospora,excluded_pattern,,
ethiopian cofee leaf dataset/train aug/Cerscospora/aug_0_8013.jpeg,Cercospora,excluded_pattern,,
ethiopian cofee leaf dataset/train aug/Cerscospora/aug_0_8019.jpeg,Cercospora,excluded_pattern,,
ethiopian cofee leaf dataset/train aug/Cerscospora/aug_0_802.jpeg,Cercospora,excluded_pattern,,
ethiopian cofee leaf dataset/train aug/Cerscospora/aug_0_8020.jpeg,Cercospora,excluded_pattern,,
ethiopian cofee leaf dataset/train aug/Cerscospora/aug_0_803.jpeg,Cercospora,excluded_pattern,,
ethiopian cofee leaf dataset/train aug/Cerscospora/aug_0_8058.jpeg,Cercospora,excluded_pattern,,
ethiopian cofee leaf dataset/train aug/Cerscospora/aug_0_806.jpeg,Cercospora,excluded_pattern,,
ethiopian cofee leaf dataset/train aug/Cerscospora/aug_0_8100.jpeg,Cercospora,excluded_pattern,,
ethiopian cofee leaf dataset/train aug/Cerscospora/aug_0_8103.jpeg,Cercospora,excluded_pattern,,
ethiopian cofee leaf dataset/train aug/Cerscospora/aug_0_811.jpeg,Cercospora,excluded_pattern,,
ethiopian cofee leaf dataset/train aug/Cerscospora/aug_0_8114.jpeg,Cercospora,excluded_pattern,,
ethiopian cofee leaf dataset/train aug/Cerscospora/aug_0_8119.jpeg,Cercospora,excluded_pattern,,
ethiopian cofee leaf dataset/train aug/Cerscospora/aug_0_8121.jpeg,Cercospora,excluded_pattern,,
ethiopian cofee leaf dataset/train aug/Cerscospora/aug_0_8122.jpeg,Cercospora,excluded_pattern,,
ethiopian cofee leaf dataset/train aug/Cerscospora/aug_0_8130.jpeg,Cercospora,excluded_pattern,,
ethiopian cofee leaf dataset/train aug/Cerscospora/aug_0_8133.jpeg,Cercospora,excluded_pattern,,
ethiopian cofee leaf dataset/train aug/Cerscospora/aug_0_8138.jpeg,Cercospora,excluded_pattern,,
ethiopian cofee leaf dataset/train aug/Cerscospora/aug_0_814.jpeg,Cercospora,excluded_pattern,,
ethiopian cofee leaf dataset/train aug/Cerscospora/aug_0_815.jpeg,Cercospora,excluded_pattern,,
ethiopian cofee leaf dataset/train aug/Cerscospora/aug_0_817.jpeg,Cercospora,excluded_pattern,,
ethiopian cofee leaf dataset/train aug/Cerscospora/aug_0_818.jpeg,Cercospora,excluded_pattern,,
ethiopian cofee leaf dataset/train aug/Cerscospora/aug_0_821.jpeg,Cercospora,excluded_pattern,,
ethiopian cofee leaf dataset/train aug/Cerscospora/aug_0_829.jpeg,Cercospora,excluded_pattern,,
ethiopian cofee leaf dataset/train aug/Cerscospora/aug_0_83.jpeg,Cercospora,excluded_pattern,,
ethiopian cofee leaf dataset/train aug/Cerscospora/aug_0_830.jpeg,Cercospora,excluded_pattern,,
ethiopian cofee leaf dataset/train aug/Cerscospora/aug_0_836.jpeg,Cercospora,excluded_pattern,,
ethiopian cofee leaf dataset/train aug/Cerscospora/aug_0_837.jpeg,Cercospora,excluded_pattern,,
ethiopian cofee leaf dataset/train aug/Cerscospora/aug_0_840.jpeg,Cercospora,excluded_pattern,,
ethiopian cofee leaf dataset/train aug/Cerscospora/aug_0_841.jpeg,Cercospora,excluded_pattern,,
ethiopian cofee leaf dataset/train aug/Cerscospora/aug_0_845.jpeg,Cercospora,excluded_pattern,,
ethiopian cofee leaf dataset/train aug/Cerscospora/aug_0_846.jpeg,Cercospora,excluded_pattern,,
ethiopian cofee leaf dataset/train aug/Cerscospora/aug_0_85.jpeg,Cercospora,excluded_pattern,,
ethiopian cofee leaf dataset/train aug/Cerscospora/aug_0_857.jpeg,Cercospora,excluded_pattern,,
ethiopian cofee leaf dataset/train aug/Cerscospora/aug_0_864.jpeg,Cercospora,excluded_pattern,,
ethiopian cofee leaf dataset/train aug/Cerscospora/aug_0_871.jpeg,Cercospora,excluded_pattern,,
ethiopian cofee leaf dataset/train aug/Cerscospora/aug_0_872.jpeg,Cercospora,excluded_pattern,,
ethiopian cofee leaf dataset/train aug/Cerscospora/aug_0_876.jpeg,Cercospora,excluded_pattern,,
ethiopian cofee leaf dataset/train aug/Cerscospora/aug_0_877.jpeg,Cercospora,excluded_pattern,,
ethiopian cofee leaf dataset/train aug/Cerscospora/aug_0_883.jpeg,Cercospora,excluded_pattern,,
ethiopian cofee leaf dataset/train aug/Cerscospora/aug_0_888.jpeg,Cercospora,excluded_pattern,,
ethiopian cofee leaf dataset/train aug/Cerscospora/aug_0_892.jpeg,Cercospora,excluded_pattern,,
ethiopian cofee leaf dataset/train aug/Cerscospora/aug_0_898.jpeg,Cercospora,excluded_pattern,,
ethiopian cofee leaf dataset/train aug/Cerscospora/aug_0_9.jpeg,Cercospora,excluded_pattern,,
ethiopian cofee leaf dataset/train aug/Cerscospora/aug_0_902.jpeg,Cercospora,excluded_pattern,,
ethiopian cofee leaf dataset/train aug/Cerscospora/aug_0_91.jpeg,Cercospora,excluded_pattern,,
ethiopian cofee leaf dataset/train aug/Cerscospora/aug_0_913.jpeg,Cercospora,excluded_pattern,,
ethiopian cofee leaf dataset/train aug/Cerscospora/aug_0_915.jpeg,Cercospora,excluded_pattern,,
ethiopian cofee leaf dataset/train aug/Cerscospora/aug_0_916.jpeg,Cercospora,excluded_pattern,,
ethiopian cofee leaf dataset/train aug/Cerscospora/aug_0_926.jpeg,Cercospora,excluded_pattern,,
ethiopian cofee leaf dataset/train aug/Cerscospora/aug_0_93.jpeg,Cercospora,excluded_pattern,,
ethiopian cofee leaf dataset/train aug/Cerscospora/aug_0_931.jpeg,Cercospora,excluded_pattern,,
ethiopian cofee leaf dataset/train aug/Cerscospora/aug_0_932.jpeg,Cercospora,excluded_pattern,,
ethiopian cofee leaf dataset/train aug/Cerscospora/aug_0_933.jpeg,Cercospora,excluded_pattern,,
ethiopian cofee leaf dataset/train aug/Cerscospora/aug_0_936.jpeg,Cercospora,excluded_pattern,,
ethiopian cofee leaf dataset/train aug/Cerscospora/aug_0_939.jpeg,Cercospora,excluded_pattern,,
ethiopian cofee leaf dataset/train aug/Cerscospora/aug_0_940.jpeg,Cercospora,excluded_pattern,,
ethiopian cofee leaf dataset/train aug/Cerscospora/aug_0_945.jpeg,Cercospora,excluded_pattern,,
ethiopian cofee leaf dataset/train aug/Cerscospora/aug_0_955.jpeg,Cercospora,excluded_pattern,,
ethiopian cofee leaf dataset/train aug/Cerscospora/aug_0_961.jpeg,Cercospora,excluded_pattern,,
ethiopian cofee leaf dataset/train aug/Cerscospora/aug_0_963.jpeg,Cercospora,excluded_pattern,,
ethiopian cofee leaf dataset/train aug/Cerscospora/aug_0_964.jpeg,Cercospora,excluded_pattern,,
ethiopian cofee leaf dataset/train aug/Cerscospora/aug_0_974.jpeg,Cercospora,excluded_pattern,,
ethiopian cofee leaf dataset/train aug/Cerscospora/aug_0_977.jpeg,Cercospora,excluded_pattern,,
ethiopian cofee leaf dataset/train aug/Cerscospora/aug_0_980.jpeg,Cercospora,excluded_pattern,,
ethiopian cofee leaf dataset/train aug/Cerscospora/aug_0_983.jpeg,Cercospora,excluded_pattern,,
ethiopian cofee leaf dataset/train aug/Cerscospora/aug_0_987.jpeg,Cercospora,excluded_pattern,,
ethiopian cofee leaf dataset/train aug/Cerscospora/aug_0_99.jpeg,Cercospora,excluded_pattern,,
ethiopian cofee leaf dataset/train aug/Cerscospora/aug_0_990.jpeg,Cercospora,excluded_pattern,,
ethiopian cofee leaf dataset/train aug/Cerscospora/aug_0_993.jpeg,Cercospora,excluded_pattern,,
ethiopian cofee leaf dataset/train aug/Cerscospora/aug_0_994.jpeg,Cercospora,excluded_pattern,,
ethiopian cofee leaf dataset/train aug/Cerscospora/aug_0_995.jpeg,Cercospora,excluded_pattern,,
ethiopian cofee leaf dataset/train aug/Healthy/1595.jpg,Healthy,conflict,,
ethiopian cofee leaf dataset/train aug/Healthy/1596.jpg,Healthy,conflict,,
ethiopian cofee leaf dataset/train aug/Healthy/1597.jpg,Healthy,conflict,,
ethiopian cofee leaf dataset/train aug/Healthy/1598.jpg,Healthy,conflict,,
ethiopian cofee leaf dataset/train aug/Healthy/1599.jpg,Healthy,conflict,,
ethiopian cofee leaf dataset/train aug/Healthy/1600.jpg,Healthy,conflict,,
ethiopian cofee leaf dataset/train aug/Healthy/1601.jpg,Healthy,conflict,,
ethiopian cofee leaf dataset/train aug/Healthy/1602.jpg,Healthy,conflict,,
ethiopian cofee leaf dataset/train aug/Healthy/1603.jpg,Healthy,conflict,,
ethiopian cofee leaf dataset/train aug/Healthy/C10P10E1.jpg,Healthy,duplicate,,ethiopian cofee leaf dataset/test/Healthy/C10P10E1.jpg
ethiopian cofee leaf dataset/train aug/Healthy/C10P10H1.jpg,Healthy,duplicate,,ethiopian cofee leaf dataset/test/Healthy/C10P10H1.jpg
ethiopian cofee leaf dataset/train aug/Healthy/C10P11E1.jpg,Healthy,duplicate,,ethiopian cofee leaf dataset/test/Healthy/C10P11E1.jpg
ethiopian cofee leaf dataset/train aug/Healthy/C10P11H1.jpg,Healthy,duplicate,,ethiopian cofee leaf dataset/test/Healthy/C10P11H1.jpg
ethiopian cofee leaf dataset/train aug/Healthy/C10P12E1.jpg,Healthy,duplicate,,ethiopian cofee leaf dataset/test/Healthy/C10P12E1.jpg
ethiopian cofee leaf dataset/train aug/Healthy/C10P12H1.jpg,Healthy,duplicate,,ethiopian cofee leaf dataset/test/Healthy/C10P12H1.jpg
ethiopian cofee leaf dataset/train aug/Healthy/C10P13E1.jpg,Healthy,duplicate,,ethiopian cofee leaf dataset/test/Healthy/C10P13E1.jpg
ethiopian cofee leaf dataset/train aug/Healthy/C10P13H1.jpg,Healthy,duplicate,,ethiopian cofee leaf dataset/test/Healthy/C10P13H1.jpg
ethiopian cofee leaf dataset/train aug/Healthy/C10P14E1.jpg,Healthy,duplicate,,ethiopian cofee leaf dataset/test/Healthy/C10P14E1.jpg
ethiopian cofee leaf dataset/train aug/Healthy/C10P14H1.jpg,Healthy,duplicate,,ethiopian cofee leaf dataset/test/Healthy/C10P14H1.jpg
ethiopian cofee leaf dataset/train aug/Healthy/C10P15E1.jpg,Healthy,duplicate,,ethiopian cofee leaf dataset/test/Healthy/C10P15E1.jpg
ethiopian cofee leaf dataset/train aug/Healthy/C10P15H1.jpg,Healthy,duplicate,,ethiopian cofee leaf dataset/test/Healthy/C10P15H1.jpg
ethiopian cofee leaf dataset/train aug/Healthy/C10P17E1.jpg,Healthy,duplicate,,ethiopian cofee leaf dataset/test/Healthy/C10P17E1.jpg
ethiopian cofee leaf dataset/train aug/Healthy/C10P17H1.jpg,Healthy,duplicate,,ethiopian cofee leaf dataset/test/Healthy/C10P17H1.jpg
ethiopian cofee leaf dataset/train aug/Healthy/C10P18E1.jpg,Healthy,duplicate,,ethiopian cofee leaf dataset/test/Healthy/C10P18E1.jpg
ethiopian cofee leaf dataset/train aug/Healthy/C10P18H1.jpg,Healthy,duplicate,,ethiopian cofee leaf dataset/test/Healthy/C10P18H1.jpg
ethiopian cofee leaf dataset/train aug/Healthy/C10P19E1.jpg,Healthy,duplicate,,ethiopian cofee leaf dataset/test/Healthy/C10P19E1.jpg
ethiopian cofee leaf dataset/train aug/Healthy/C10P19H1.jpg,Healthy,duplicate,,ethiopian cofee leaf dataset/test/Healthy/C10P19H1.jpg
ethiopian cofee leaf dataset/train aug/Healthy/C10P1H2.jpg,Healthy,duplicate,,ethiopian cofee leaf dataset/test/Healthy/C10P1H2.jpg
ethiopian cofee leaf dataset/train aug/Healthy/C10P20E1.jpg,Healthy,duplicate,,ethiopian cofee leaf dataset/test/Healthy/C10P20E1.jpg
ethiopian cofee leaf dataset/train aug/Healthy/C10P21E1.jpg,Healthy,duplicate,,ethiopian cofee leaf dataset/test/Healthy/C10P21E1.jpg
ethiopian cofee leaf dataset/train aug/Healthy/C10P21H1.jpg,Healthy,duplicate,,ethiopian cofee leaf dataset/test/Healthy/C10P21H1.jpg
ethiopian cofee leaf dataset/train aug/Healthy/C10P22E1.jpg,Healthy,duplicate,,ethiopian cofee leaf dataset/test/Healthy/C10P22E1.jpg
ethiopian cofee leaf dataset/train aug/Healthy/C10P22H1.jpg,Healthy,duplicate,,ethiopian cofee leaf dataset/test/Healthy/C10P22H1.jpg
ethiopian cofee leaf dataset/train aug/Healthy/C10P23E1.jpg,Healthy,duplicate,,ethiopian cofee leaf dataset/test/Healthy/C10P23E1.jpg
ethiopian cofee leaf dataset/train aug/Healthy/C10P23H1.jpg,Healthy,duplicate,,ethiopian cofee leaf dataset/test/Healthy/C10P23H1.jpg
ethiopian cofee leaf dataset/train aug/Healthy/C10P24E1.jpg,Healthy,duplicate,,ethiopian cofee leaf dataset/test/Healthy/C10P24E1.jpg
ethiopian cofee leaf dataset/train aug/Healthy/C10P24H1.jpg,Healthy,duplicate,,ethiopian cofee leaf dataset/test/Healthy/C10P24H1.jpg
ethiopian cofee leaf dataset/train aug/Healthy/C10P25E1.jpg,Healthy,duplicate,,ethiopian cofee leaf dataset/test/Healthy/C10P25E1.jpg
ethiopian cofee leaf dataset/train aug/Healthy/C10P25H1.jpg,Healthy,duplicate,,ethiopian cofee leaf dataset/test/Healthy/C10P25H1.jpg
ethiopian cofee leaf dataset/train aug/Healthy/C10P26E1.jpg,Healthy,duplicate,,ethiopian cofee leaf dataset/test/Healthy/C10P26E1.jpg
ethiopian cofee leaf dataset/train aug/Healthy/C10P26H1.jpg,Healthy,duplicate,,ethiopian cofee leaf dataset/test/Healthy/C10P26H1.jpg
ethiopian cofee leaf dataset/train aug/Healthy/C10P27E1.jpg,Healthy,duplicate,,ethiopian cofee leaf dataset/test/Healthy/C10P27E1.jpg
ethiopian cofee leaf dataset/train aug/Healthy/C10P27H1.jpg,Healthy,duplicate,,ethiopian cofee leaf dataset/test/Healthy/C10P27H1.jpg
ethiopian cofee leaf dataset/train aug/Healthy/C10P28E1.jpg,Healthy,duplicate,,ethiopian cofee leaf dataset/test/Healthy/C10P28E1.jpg
ethiopian cofee leaf dataset/train aug/Healthy/C10P28H1.jpg,Healthy,duplicate,,ethiopian cofee leaf dataset/test/Healthy/C10P28H1.jpg
ethiopian cofee leaf dataset/train aug/Healthy/C10P29E1.jpg,Healthy,duplicate,,ethiopian cofee leaf dataset/test/Healthy/C10P29E1.jpg
ethiopian cofee leaf dataset/train aug/Healthy/C10P29H1.jpg,Healthy,duplicate,,ethiopian cofee leaf dataset/test/Healthy/C10P29H1.jpg
ethiopian cofee leaf dataset/train aug/Healthy/C10P2E2.jpg,Healthy,duplicate,,ethiopian cofee leaf dataset/test/Healthy/C10P2E2.jpg
ethiopian cofee leaf dataset/train aug/Healthy/C10P2H2.jpg,Healthy,duplicate,,ethiopian cofee leaf dataset/test/Healthy/C10P2H2.jpg
ethiopian cofee leaf dataset/train aug/Healthy/C10P30E1.jpg,Healthy,duplicate,,ethiopian cofee leaf dataset/test/Healthy/C10P30E1.jpg
ethiopian cofee leaf dataset/train aug/Healthy/C10P30H1.jpg,Healthy,duplicate,,ethiopian cofee leaf dataset/test/Healthy/C10P30H1.jpg
ethiopian cofee leaf dataset/train aug/Healthy/C10P33E1.jpg,Healthy,duplicate,,ethiopian cofee leaf dataset/test/Healthy/C10P33E1.jpg
ethiopian cofee leaf dataset/train aug/Healthy/C10P33E2.jpg,Healthy,duplicate,,ethiopian cofee leaf dataset/test/Healthy/C10P33E2.jpg
ethiopian cofee leaf dataset/train aug/Healthy/C10P33H1.jpg,Healthy,duplicate,,ethiopian cofee leaf dataset/test/Healthy/C10P33H1.jpg
ethiopian cofee leaf dataset/train aug/Healthy/C10P33H2.jpg,Healthy,duplicate,,ethiopian cofee leaf dataset/test/Healthy/C10P33H2.jpg
ethiopian cofee leaf dataset/train aug/Healthy/C10P34E1.jpg,Healthy,duplicate,,ethiopian cofee leaf dataset/test/Healthy/C10P34E1.jpg
ethiopian cofee leaf dataset/train aug/Healthy/C10P34H1.jpg,Healthy,duplicate,,ethiopian cofee leaf dataset/test/Healthy/C10P34H1.jpg
ethiopian cofee leaf dataset/train aug/Healthy/C10P35E1.jpg,Healthy,duplicate,,ethiopian cofee leaf dataset/test/Healthy/C10P35E1.jpg
ethiopian cofee leaf dataset/train aug/Healthy/C10P35H1.jpg,Healthy,duplicate,,ethiopian cofee leaf dataset/test/Healthy/C10P35H1.jpg
ethiopian cofee leaf dataset/train aug/Healthy/C10P36E1.jpg,Healthy,duplicate,,ethiopian cofee leaf dataset/test/Healthy/C10P36E1.jpg
ethiopian cofee leaf dataset/train aug/Healthy/C10P36H1.jpg,Healthy,duplicate,,ethiopian cofee leaf dataset/test/Healthy/C10P36H1.jpg
ethiopian cofee leaf dataset/train aug/Healthy/C10P37E1.jpg,Healthy,duplicate,,ethiopian cofee leaf dataset/test/Healthy/C10P37E1.jpg
ethiopian cofee leaf dataset/train aug/Healthy/C10P37H1.jpg,Healthy,duplicate,,ethiopian cofee leaf dataset/test/Healthy/C10P37H1.jpg
ethiopian cofee leaf dataset/train aug/Healthy/C10P38E1.jpg,Healthy,duplicate,,ethiopian cofee leaf dataset/test/Healthy/C10P38E1.jpg
ethiopian cofee leaf dataset/train aug/Healthy/C10P38H1.jpg,Healthy,duplicate,,ethiopian cofee leaf dataset/test/Healthy/C10P38H1.jpg
ethiopian cofee leaf dataset/train aug/Healthy/C10P39E1.jpg,Healthy,duplicate,,ethiopian cofee leaf dataset/test/Healthy/C10P39E1.jpg
ethiopian cofee leaf dataset/train aug/Healthy/C10P39H1.jpg,Healthy,duplicate,,ethiopian cofee leaf dataset/test/Healthy/C10P39H1.jpg
ethiopian cofee leaf dataset/train aug/Healthy/C10P3E1.jpg,Healthy,duplicate,,ethiopian cofee leaf dataset/test/Healthy/C10P3E1.jpg
ethiopian cofee leaf dataset/train aug/Healthy/C10P3E2.jpg,Healthy,duplicate,,ethiopian cofee leaf dataset/test/Healthy/C10P3E2.jpg
ethiopian cofee leaf dataset/train aug/Healthy/C10P3H2.jpg,Healthy,duplicate,,ethiopian cofee leaf dataset/test/Healthy/C10P3H2.jpg
ethiopian cofee leaf dataset/train aug/Healthy/C10P40E1.jpg,Healthy,duplicate,,ethiopian cofee leaf dataset/test/Healthy/C10P40E1.jpg
ethiopian cofee leaf dataset/train aug/Healthy/C10P40H1.jpg,Healthy,duplicate,,ethiopian cofee leaf dataset/test/Healthy/C10P40H1.jpg
ethiopian cofee leaf dataset/train aug/Healthy/C10P4E2.jpg,Healthy,duplicate,,ethiopian cofee leaf dataset/test/Healthy/C10P4E2.jpg
ethiopian cofee leaf dataset/train aug/Healthy/C10P4H2.jpg,Healthy,duplicate,,ethiopian cofee leaf dataset/test/Healthy/C10P4H2.jpg
ethiopian cofee leaf dataset/train aug/Healthy/C10P5E2.jpg,Healthy,duplicate,,ethiopian cofee leaf dataset/test/Healthy/C10P5E2.jpg
ethiopian cofee leaf dataset/train aug/Healthy/C10P5H2.jpg,Healthy,duplicate,,ethiopian cofee leaf dataset/test/Healthy/C10P5H2.jpg
ethiopian cofee leaf dataset/train aug/Healthy/C10P7E1.jpg,Healthy,duplicate,,ethiopian cofee leaf dataset/test/Healthy/C10P7E1.jpg
ethiopian cofee leaf dataset/train aug/Healthy/C10P7H1.jpg,Healthy,duplicate,,ethiopian cofee leaf dataset/test/Healthy/C10P7H1.jpg
ethiopian cofee leaf dataset/train aug/Healthy/C10P8E1.jpg,Healthy,duplicate,,ethiopian cofee leaf dataset/test/Healthy/C10P8E1.jpg
ethiopian cofee leaf dataset/train aug/Healthy/C10P8H1.jpg,Healthy,duplicate,,ethiopian cofee leaf dataset/test/Healthy/C10P8H1.jpg
ethiopian cofee leaf dataset/train aug/Healthy/C10P9E1.jpg,Healthy,duplicate,,ethiopian cofee leaf dataset/test/Healthy/C10P9E1.jpg
ethiopian cofee leaf dataset/train aug/Healthy/C10P9H1.jpg,Healthy,duplicate,,ethiopian cofee leaf dataset/test/Healthy/C10P9H1.jpg
ethiopian cofee leaf dataset/train aug/Healthy/C11P10E1.jpg,Healthy,duplicate,,ethiopian cofee leaf dataset/test/Healthy/C11P10E1.jpg
ethiopian cofee leaf dataset/train aug/Healthy/C11P10H1.jpg,Healthy,duplicate,,ethiopian cofee leaf dataset/test/Healthy/C11P10H1.jpg
ethiopian cofee leaf dataset/train aug/Healthy/C11P11E1.jpg,Healthy,duplicate,,ethiopian cofee leaf dataset/test/Healthy/C11P11E1.jpg
ethiopian cofee leaf dataset/train aug/Healthy/C11P11H1.jpg,Healthy,duplicate,,ethiopian cofee leaf dataset/test/Healthy/C11P11H1.jpg
ethiopian cofee leaf dataset/train aug/Healthy/C11P12E1.jpg,Healthy,duplicate,,ethiopian cofee leaf dataset/test/Healthy/C11P12E1.jpg
ethiopian cofee leaf dataset/train aug/Healthy/C11P12H1.jpg,Healthy,duplicate,,ethiopian cofee leaf dataset/test/Healthy/C11P12H1.jpg
ethiopian cofee leaf dataset/train aug/Healthy/C11P13E1.jpg,Healthy,duplicate,,ethiopian cofee leaf dataset/test/Healthy/C11P13E1.jpg
ethiopian cofee leaf dataset/train aug/Healthy/C11P13H1.jpg,Healthy,duplicate,,ethiopian cofee leaf dataset/test/Healthy/C11P13H1.jpg
ethiopian cofee leaf dataset/train aug/Healthy/C11P14E1.jpg,Healthy,duplicate,,ethiopian cofee leaf dataset/test/Healthy/C11P14E1.jpg
ethiopian cofee leaf dataset/train aug/Healthy/C11P14H1.jpg,Healthy,duplicate,,ethiopian cofee leaf dataset/test/Healthy/C11P14H1.jpg
ethiopian cofee leaf dataset/train aug/Healthy/C11P15E1.jpg,Healthy,duplicate,,ethiopian cofee leaf dataset/test/Healthy/C11P15E1.jpg
ethiopian cofee leaf dataset/train aug/Healthy/C11P15H1.jpg,Healthy,duplicate,,ethiopian cofee leaf dataset/test/Healthy/C11P15H1.jpg
ethiopian cofee leaf dataset/train aug/Healthy/C11P18E1.jpg,Healthy,duplicate,,ethiopian cofee leaf dataset/test/Healthy/C11P18E1.jpg
ethiopian cofee leaf dataset/train aug/Healthy/C11P18H1.jpg,Healthy,duplicate,,ethiopian cofee leaf dataset/test/Healthy/C11P18H1.jpg
ethiopian cofee leaf dataset/train aug/Healthy/C11P19E1.jpg,Healthy,duplicate,,ethiopian cofee leaf dataset/test/Healthy/C11P19E1.jpg
ethiopian cofee leaf dataset/train aug/Healthy/C11P19H1.jpg,Healthy,duplicate,,ethiopian cofee leaf dataset/test/Healthy/C11P19H1.jpg
ethiopian cofee leaf dataset/train aug/Healthy/C11P20E1.jpg,Healthy,duplicate,,ethiopian cofee leaf dataset/test/Healthy/C11P20E1.jpg
ethiopian cofee leaf dataset/train aug/Healthy/C11P20H1.jpg,Healthy,duplicate,,ethiopian cofee leaf dataset/test/Healthy/C11P20H1.jpg
ethiopian cofee leaf dataset/train aug/Healthy/C11P21E1.jpg,Healthy,duplicate,,ethiopian cofee leaf dataset/test/Healthy/C11P21E1.jpg
ethiopian cofee leaf dataset/train aug/Healthy/C11P21H1.jpg,Healthy,duplicate,,ethiopian cofee leaf dataset/test/Healthy/C11P21H1.jpg
ethiopian cofee leaf dataset/train aug/Healthy/C11P23H1.jpg,Healthy,duplicate,,ethiopian cofee leaf dataset/test/Healthy/C11P23H1.jpg
ethiopian cofee leaf dataset/train aug/Healthy/C11P24E1.jpg,Healthy,duplicate,,ethiopian cofee leaf dataset/test/Healthy/C11P24E1.jpg
ethiopian cofee leaf dataset/train aug/Healthy/C11P24H1.jpg,Healthy,duplicate,,ethiopian cofee leaf dataset/test/Healthy/C11P24H1.jpg
ethiopian cofee leaf dataset/train aug/Healthy/C11P25E1.jpg,Healthy,duplicate,,ethiopian cofee leaf dataset/test/Healthy/C10P38E1.jpg
ethiopian cofee leaf dataset/train aug/Healthy/C11P25H1.jpg,Healthy,duplicate,,ethiopian cofee leaf dataset/test/Healthy/C10P38H1.jpg
ethiopian cofee leaf dataset/train aug/Healthy/C11P26E1.jpg,Healthy,duplicate,,ethiopian cofee leaf dataset/test/Healthy/C11P15E1.jpg
ethiopian cofee leaf dataset/train aug/Healthy/C11P26H1.jpg,Healthy,duplicate,,ethiopian cofee leaf dataset/test/Healthy/C11P15H1.jpg
ethiopian cofee leaf dataset/train aug/Healthy/C11P27E2.jpg,Healthy,duplicate,,ethiopian cofee leaf dataset/test/Healthy/C11P27E2.jpg
ethiopian cofee leaf dataset/train aug/Healthy/C11P27H2.jpg,Healthy,duplicate,,ethiopian cofee leaf dataset/test/Healthy/C11P27H2.jpg
ethiopian cofee leaf dataset/train aug/Healthy/C11P28E1.jpg,Healthy,duplicate,,ethiopian cofee leaf dataset/test/Healthy/C11P28E1.jpg
ethiopian cofee leaf dataset/train aug/Healthy/C11P28H1.jpg,Healthy,duplicate,,ethiopian cofee leaf dataset/test/Healthy/C11P28H1.jpg
ethiopian cofee leaf dataset/train aug/Healthy/C11P2E1.jpg,Healthy,duplicate,,ethiopian cofee leaf dataset/test/Healthy/C11P2E1.jpg
ethiopian cofee leaf dataset/train aug/Healthy/C11P2H1.jpg,Healthy,duplicate,,ethiopian cofee leaf dataset/test/Healthy/C11P2H1.jpg
ethiopian cofee leaf dataset/train aug/Healthy/C11P30E1.jpg,Healthy,duplicate,,ethiopian cofee leaf dataset/test/Healthy/C11P30E1.jpg
ethiopian cofee leaf dataset/train aug/Healthy/C11P30H1.jpg,Healthy,duplicate,,ethiopian cofee leaf dataset/test/Healthy/C11P30H1.jpg
ethiopian cofee leaf dataset/train aug/Healthy/C11P31E1.jpg,Healthy,duplicate,,ethiopian cofee leaf dataset/test/Healthy/C11P31E1.jpg
ethiopian cofee leaf dataset/train aug/Healthy/C11P31H1.jpg,Healthy,duplicate,,ethiopian cofee leaf dataset/test/Healthy/C11P31H1.jpg
ethiopian cofee leaf dataset/train aug/Healthy/C11P32E1.jpg,Healthy,duplicate,,ethiopian cofee leaf dataset/test/Healthy/C11P32E1.jpg
ethiopian cofee leaf dataset/train aug/Healthy/C11P32H1.jpg,Healthy,duplicate,,ethiopian cofee leaf dataset/test/Healthy/C11P32H1.jpg
ethiopian cofee leaf dataset/train aug/Healthy/C11P34E1.jpg,Healthy,duplicate,,ethiopian cofee leaf dataset/test/Healthy/C11P34E1.jpg
ethiopian cofee leaf dataset/train aug/Healthy/C11P34H1.jpg,Healthy,duplicate,,ethiopian cofee leaf dataset/test/Healthy/C11P34H1.jpg
ethiopian cofee leaf dataset/train aug/Healthy/C11P35E1.jpg,Healthy,duplicate,,ethiopian cofee leaf dataset/test/Healthy/C11P35E1.jpg
ethiopian cofee leaf dataset/train aug/Healthy/C11P35E2.jpg,Healthy,duplicate,,ethiopian cofee leaf dataset/test/Healthy/C11P35E2.jpg
ethiopian cofee leaf dataset/train aug/Healthy/C11P35H1.jpg,Healthy,duplicate,,ethiopian cofee leaf dataset/test/Healthy/C11P35H1.jpg
ethiopian cofee leaf dataset/train aug/Healthy/C11P35H2.jpg,Healthy,duplicate,,ethiopian cofee leaf dataset/test/Healthy/C11P35H2.jpg
ethiopian cofee leaf dataset/train aug/Healthy/C11P36E1.jpg,Healthy,duplicate,,ethiopian cofee leaf dataset/test/Healthy/C11P36E1.jpg
ethiopian cofee leaf dataset/train aug/Healthy/C11P36H1.jpg,Healthy,duplicate,,ethiopian cofee leaf dataset/test/Healthy/C11P36H1.jpg
ethiopian cofee leaf dataset/train aug/Healthy/C11P37E1.jpg,Healthy,duplicate,,ethiopian cofee leaf dataset/test/Healthy/C11P37E1.jpg
ethiopian cofee leaf dataset/train aug/Healthy/C11P37H1.jpg,Healthy,duplicate,,ethiopian cofee leaf dataset/test/Healthy/C11P37H1.jpg
ethiopian cofee leaf dataset/train aug/Healthy/C11P38E1.jpg,Healthy,duplicate,,ethiopian cofee leaf dataset/test/Healthy/C11P38E1.jpg
ethiopian cofee leaf dataset/train aug/Healthy/C11P38H1.jpg,Healthy,duplicate,,ethiopian cofee leaf dataset/test/Healthy/C11P38H1.jpg
ethiopian cofee leaf dataset/train aug/Healthy/C11P39E1.jpg,Healthy,duplicate,,ethiopian cofee leaf dataset/test/Healthy/C11P39E1.jpg
ethiopian cofee leaf dataset/train aug/Healthy/C11P39H1.jpg,Healthy,duplicate,,ethiopian cofee leaf dataset/test/Healthy/C11P39H1.jpg
ethiopian cofee leaf dataset/train aug/Healthy/C11P5E1.jpg,Healthy,duplicate,,ethiopian cofee leaf dataset/test/Healthy/C11P5E1.jpg
ethiopian cofee leaf dataset/train aug/Healthy/C11P5H1.jpg,Healthy,duplicate,,ethiopian cofee leaf dataset/test/Healthy/C11P5H1.jpg
ethiopian cofee leaf dataset/train aug/Healthy/C11P6H1.jpg,Healthy,duplicate,,ethiopian cofee leaf dataset/test/Healthy/C11P6H1.jpg
ethiopian cofee leaf dataset/train aug/Healthy/C11P7E1.jpg,Healthy,duplicate,,ethiopian cofee leaf dataset/test/Healthy/C11P7E1.jpg
ethiopian cofee leaf dataset/train aug/Healthy/C11P8E1.jpg,Healthy,duplicate,,ethiopian cofee leaf dataset/test/Healthy/C11P8E1.jpg
ethiopian cofee leaf dataset/train aug/Healthy/C11P8H1.jpg,Healthy,duplicate,,ethiopian cofee leaf dataset/test/Healthy/C11P8H1.jpg
ethiopian cofee leaf dataset/train aug/Healthy/C11P9E1.jpg,Healthy,duplicate,,ethiopian cofee leaf dataset/test/Healthy/C11P9E1.jpg
ethiopian cofee leaf dataset/train aug/Healthy/C11P9H1.jpg,Healthy,duplicate,,ethiopian cofee leaf dataset/test/Healthy/C11P9H1.jpg
ethiopian cofee leaf dataset/train aug/Healthy/C12P11E1.jpg,Healthy,duplicate,,ethiopian cofee leaf dataset/test/Healthy/C12P11E1.jpg
ethiopian cofee leaf dataset/train aug/Healthy/C12P11H1.jpg,Healthy,duplicate,,ethiopian cofee leaf dataset/test/Healthy/C12P11H1.jpg
ethiopian cofee leaf dataset/train aug/Healthy/C12P12E1.jpg,Healthy,duplicate,,ethiopian cofee leaf dataset/test/Healthy/C12P12E1.jpg
ethiopian cofee leaf dataset/train aug/Healthy/C12P12H1.jpg,Healthy,duplicate,,ethiopian cofee leaf dataset/test/Healthy/C12P12H1.jpg
ethiopian cofee leaf dataset/train aug/Healthy/C12P13E1.jpg,Healthy,duplicate,,ethiopian cofee leaf dataset/test/Healthy/C12P13E1.jpg
ethiopian cofee leaf dataset/train aug/Healthy/C12P13H1.jpg,Healthy,duplicate,,ethiopian cofee leaf dataset/test/Healthy/C12P13H1.jpg
ethiopian cofee leaf dataset/train aug/Healthy/C12P14E1.jpg,Healthy,duplicate,,ethiopian cofee leaf dataset/test/Healthy/C12P14E1.jpg
ethiopian cofee leaf dataset/train aug/Healthy/C12P14H1.jpg,Healthy,duplicate,,ethiopian cofee leaf dataset/test/Healthy/C12P14H1.jpg
ethiopian cofee leaf dataset/train aug/Healthy/C12P15E1.jpg,Healthy,duplicate,,ethiopian cofee leaf dataset/test/Healthy/C12P15E1.jpg
ethiopian cofee leaf dataset/train aug/Healthy/C12P15H1.jpg,Healthy,duplicate,,ethiopian cofee leaf dataset/test/Healthy/C12P15H1.jpg
ethiopian cofee leaf dataset/train aug/Healthy/C12P16E1.jpg,Healthy,duplicate,,ethiopian cofee leaf dataset/test/Healthy/C12P16E1.jpg
ethiopian cofee leaf dataset/train aug/Healthy/C12P16H1.jpg,Healthy,duplicate,,ethiopian cofee leaf dataset/test/Healthy/C12P16H1.jpg
ethiopian cofee leaf dataset/train aug/Healthy/C12P17E1.jpg,Healthy,duplicate,,ethiopian cofee leaf dataset/test/Healthy/C12P17E1.jpg
ethiopian cofee leaf dataset/train aug/Healthy/C12P17H1.jpg,Healthy,duplicate,,ethiopian cofee leaf dataset/test/Healthy/C12P17H1.jpg
ethiopian cofee leaf dataset/train aug/Healthy/C12P18E1.jpg,Healthy,duplicate,,ethiopian cofee leaf dataset/test/Healthy/C12P18E1.jpg
ethiopian cofee leaf dataset/train aug/Healthy/C12P18H1.jpg,Healthy,duplicate,,ethiopian cofee leaf dataset/test/Healthy/C12P18H1.jpg
ethiopian cofee leaf dataset/train aug/Healthy/C12P19H2.jpg,Healthy,duplicate,,ethiopian cofee leaf dataset/test/Healthy/C11P11H1.jpg
ethiopian cofee leaf dataset/train aug/Healthy/C12P1E1.jpg,Healthy,duplicate,,ethiopian cofee leaf dataset/test/Healthy/C12P1E1.jpg
ethiopian cofee leaf dataset/train aug/Healthy/C12P1H1.jpg,Healthy,duplicate,,ethiopian cofee leaf dataset/test/Healthy/C12P1H1.jpg
ethiopian cofee leaf dataset/train aug/Healthy/C12P20E1.jpg,Healthy,duplicate,,ethiopian cofee leaf dataset/test/Healthy/C12P20E1.jpg
ethiopian cofee leaf dataset/train aug/Healthy/C12P20H1.jpg,Healthy,duplicate,,ethiopian cofee leaf dataset/test/Healthy/C12P20H1.jpg
ethiopian cofee leaf dataset/train aug/Healthy/C12P21E1.jpg,Healthy,duplicate,,ethiopian cofee leaf dataset/test/Healthy/C11P12E1.jpg
ethiopian cofee leaf dataset/train aug/Healthy/C12P21H1.jpg,Healthy,duplicate,,ethiopian cofee leaf dataset/test/Healthy/C11P12H1.jpg
ethiopian cofee leaf dataset/train aug/Healthy/C12P22H1.jpg,Healthy,duplicate,,ethiopian cofee leaf dataset/test/Healthy/C12P22H1.jpg
ethiopian cofee leaf dataset/train aug/Healthy/C12P23E1.jpg,Healthy,duplicate,,ethiopian cofee leaf dataset/test/Healthy/C12P23E1.jpg
ethiopian cofee leaf dataset/train aug/Healthy/C12P23H1.jpg,Healthy,duplicate,,ethiopian cofee leaf dataset/test/Healthy/C12P23H1.jpg
ethiopian cofee leaf dataset/train aug/Healthy/C12P25E1.jpg,Healthy,duplicate,,ethiopian cofee leaf dataset/test/Healthy/C10P23E1.jpg
ethiopian cofee leaf dataset/train aug/Healthy/C12P25H1.jpg,Healthy,duplicate,,ethiopian cofee leaf dataset/test/Healthy/C12P25H1.jpg
ethiopian cofee leaf dataset/train aug/Healthy/C12P28E1.jpg,Healthy,duplicate,,ethiopian cofee leaf dataset/test/Healthy/C11P19E1.jpg
ethiopian cofee leaf dataset/train aug/Healthy/C12P28H1.jpg,Healthy,duplicate,,ethiopian cofee leaf dataset/test/Healthy/C11P19H1.jpg
ethiopian cofee leaf dataset/train aug/Healthy/C12P29E1.jpg,Healthy,duplicate,,ethiopian cofee leaf dataset/test/Healthy/C11P20E1.jpg
ethiopian cofee leaf dataset/train aug/Healthy/C12P29H1.jpg,Healthy,duplicate,,ethiopian cofee leaf dataset/test/Healthy/C11P20H1.jpg
ethiopian cofee leaf dataset/train aug/Healthy/C12P2E1.jpg,Healthy,duplicate,,ethiopian cofee leaf dataset/test/Healthy/C12P2E1.jpg
ethiopian cofee leaf dataset/train aug/Healthy/C12P2H1.jpg,Healthy,duplicate,,ethiopian cofee leaf dataset/test/Healthy/C12P2H1.jpg
ethiopian cofee leaf dataset/train aug/Healthy/C12P30E1.jpg,Healthy,duplicate,,ethiopian cofee leaf dataset/test/Healthy/C11P21E1.jpg
ethiopian cofee leaf dataset/train aug/Healthy/C12P31E1.jpg,Healthy,duplicate,,ethiopian cofee leaf dataset/test/Healthy/C10P26E1.jpg
ethiopian cofee leaf dataset/train aug/Healthy/C12P31H1.jpg,Healthy,duplicate,,ethiopian cofee leaf dataset/test/Healthy/C10P26H1.jpg
ethiopian cofee leaf dataset/train aug/Healthy/C12P32E1.jpg,Healthy,duplicate,,ethiopian cofee leaf dataset/test/Healthy/C11P18E1.jpg
ethiopian cofee leaf dataset/train aug/Healthy/C12P32H1.jpg,Healthy,duplicate,,ethiopian cofee leaf dataset/test/Healthy/C11P18H1.jpg
ethiopian cofee leaf dataset/train aug/Healthy/C12P34E1.jpg,Healthy,duplicate,,ethiopian cofee leaf dataset/test/Healthy/C11P24E1.jpg
ethiopian cofee leaf dataset/train aug/Healthy/C12P34H1.jpg,Healthy,duplicate,,ethiopian cofee leaf dataset/test/Healthy/C11P24H1.jpg
ethiopian cofee leaf dataset/train aug/Healthy/C12P3E1.jpg,Healthy,duplicate,,ethiopian cofee leaf dataset/test/Healthy/C12P3E1.jpg
ethiopian cofee leaf dataset/train aug/Healthy/C12P3H1.jpg,Healthy,duplicate,,ethiopian cofee leaf dataset/test/Healthy/C12P3H1.jpg
ethiopian cofee leaf dataset/train aug/Healthy/C12P4E1.jpg,Healthy,duplicate,,ethiopian cofee leaf dataset/test/Healthy/C12P4E1.jpg
ethiopian cofee leaf dataset/train aug/Healthy/C12P4H1.jpg,Healthy,duplicate,,ethiopian cofee leaf dataset/test/Healthy/C12P4H1.jpg
ethiopian cofee leaf dataset/train aug/Healthy/C12P6E1.jpg,Healthy,duplicate,,ethiopian cofee leaf dataset/test/Healthy/C12P6E1.jpg
ethiopian cofee leaf dataset/train aug/Healthy/C12P6H1.jpg,Healthy,duplicate,,ethiopian cofee leaf dataset/test/Healthy/C12P6H1.jpg
ethiopian cofee leaf dataset/train aug/Healthy/C12P8E1.jpg,Healthy,duplicate,,ethiopian cofee leaf dataset/test/Healthy/C12P8E1.jpg
ethiopian cofee leaf dataset/train aug/Healthy/C12P8H1.jpg,Healthy,duplicate,,ethiopian cofee leaf dataset/test/Healthy/C12P8H1.jpg
ethiopian cofee leaf dataset/train aug/Healthy/C12P9E1.jpg,Healthy,duplicate,,ethiopian cofee leaf dataset/test/Healthy/C12P9E1.jpg
ethiopian cofee leaf dataset/train aug/Healthy/C12P9H1.jpg,Healthy,duplicate,,ethiopian cofee leaf dataset/test/Healthy/C12P9H1.jpg
ethiopian cofee leaf dataset/train aug/Healthy/C1P38E1.jpg,Healthy,duplicate,,ethiopian cofee leaf dataset/train aug/Healthy/C1P35E1.jpg
ethiopian cofee leaf dataset/train aug/Healthy/C1P38H1.jpg,Healthy,duplicate,,ethiopian cofee leaf dataset/train aug/Healthy/C1P35H1.jpg
ethiopian cofee leaf dataset/train aug/Healthy/C1P40E1.jpg,Healthy,duplicate,,ethiopian cofee leaf dataset/train aug/Healthy/C1P39E1.jpg
ethiopian cofee leaf dataset/train aug/Healthy/C1P40H1.jpg,Healthy,duplicate,,ethiopian cofee leaf dataset/train aug/Healthy/C1P39H1.jpg
ethiopian cofee leaf dataset/train aug/Healthy/C2P28H1.jpg,Healthy,duplicate,,ethiopian cofee leaf dataset/train aug/Healthy/C2P25H1.jpg
ethiopian cofee leaf dataset/train aug/Healthy/C2P35H1.jpg,Healthy,duplicate,,ethiopian cofee leaf dataset/train aug/Healthy/C2P10H1.jpg
ethiopian cofee leaf dataset/train aug/Healthy/C2P38H1.jpg,Healthy,duplicate,,ethiopian cofee leaf dataset/test/Healthy/C2P38H1.jpg
ethiopian cofee leaf dataset/train aug/Healthy/C2P39E1.jpg,Healthy,duplicate,,ethiopian cofee leaf dataset/test/Healthy/C2P39E1.jpg
ethiopian cofee leaf dataset/train aug/Healthy/C2P4H1.jpg,Healthy,duplicate,,ethiopian cofee leaf dataset/train aug/Healthy/C2P33H1.jpg
ethiopian cofee leaf dataset/train aug/Healthy/C9P21E2.jpg,Healthy,duplicate,,ethiopian cofee leaf dataset/test/Healthy/C9P21E2.jpg
ethiopian cofee leaf dataset/train aug/Healthy/C9P21H2.jpg,Healthy,duplicate,,ethiopian cofee leaf dataset/test/Healthy/C9P21H2.jpg
ethiopian cofee leaf dataset/train aug/Healthy/C9P22E2.jpg,Healthy,duplicate,,ethiopian cofee leaf dataset/test/Healthy/C9P22E2.jpg
ethiopian cofee leaf dataset/train aug/Healthy/C9P22H2.jpg,Healthy,duplicate,,ethiopian cofee leaf dataset/test/Healthy/C9P22H2.jpg
ethiopian cofee leaf dataset/train aug/Healthy/C9P23E2.jpg,Healthy,duplicate,,ethiopian cofee leaf dataset/test/Healthy/C9P23E2.jpg
ethiopian cofee leaf dataset/train aug/Healthy/C9P23H2.jpg,Healthy,duplicate,,ethiopian cofee leaf dataset/test/Healthy/C9P23H2.jpg
ethiopian cofee leaf dataset/train aug/Healthy/C9P24E1.jpg,Healthy,duplicate,,ethiopian cofee leaf dataset/test/Healthy/C9P24E1.jpg
ethiopian cofee leaf dataset/train aug/Healthy/C9P24E2.jpg,Healthy,duplicate,,ethiopian cofee leaf dataset/test/Healthy/C9P24E2.jpg
ethiopian cofee leaf dataset/train aug/Healthy/C9P24H2.jpg,Healthy,duplicate,,ethiopian cofee leaf dataset/test/Healthy/C9P24H2.jpg
ethiopian cofee leaf dataset/train aug/Healthy/C9P25E2.jpg,Healthy,duplicate,,ethiopian cofee leaf dataset/test/Healthy/C9P25E2.jpg
ethiopian cofee leaf dataset/train aug/Healthy/C9P25H2.jpg,Healthy,duplicate,,ethiopian cofee leaf dataset/test/Healthy/C9P25H2.jpg
ethiopian cofee leaf dataset/train aug/Healthy/C9P26E2.jpg,Healthy,duplicate,,ethiopian cofee leaf dataset/test/Healthy/C9P26E2.jpg
ethiopian cofee leaf dataset/train aug/Healthy/C9P26H2.jpg,Healthy,duplicate,,ethiopian cofee leaf dataset/test/Healthy/C9P26H2.jpg
ethiopian cofee leaf dataset/train aug/Healthy/C9P27E2.jpg,Healthy,duplicate,,ethiopian cofee leaf dataset/test/Healthy/C9P27E2.jpg
ethiopian cofee leaf dataset/train aug/Healthy/C9P27H2.jpg,Healthy,duplicate,,ethiopian cofee leaf dataset/test/Healthy/C9P27H2.jpg
ethiopian cofee leaf dataset/train aug/Healthy/C9P28E2.jpg,Healthy,duplicate,,ethiopian cofee leaf dataset/test/Healthy/C9P28E2.jpg
ethiopian cofee leaf dataset/train aug/Healthy/C9P28H2.jpg,Healthy,duplicate,,ethiopian cofee leaf dataset/test/Healthy/C9P28H2.jpg
ethiopian cofee leaf dataset/train aug/Healthy/C9P29E2.jpg,Healthy,duplicate,,ethiopian cofee leaf dataset/test/Healthy/C9P29E2.jpg
ethiopian cofee leaf dataset/train aug/Healthy/C9P29H2.jpg,Healthy,duplicate,,ethiopian cofee leaf dataset/test/Healthy/C9P29H2.jpg
ethiopian cofee leaf dataset/train aug/Healthy/C9P31E2.jpg,Healthy,duplicate,,ethiopian cofee leaf dataset/test/Healthy/C9P31E2.jpg
ethiopian cofee leaf dataset/train aug/Healthy/C9P31H2.jpg,Healthy,duplicate,,ethiopian cofee leaf dataset/test/Healthy/C9P31H2.jpg
ethiopian cofee leaf dataset/train aug/Healthy/C9P34E2.jpg,Healthy,duplicate,,ethiopian cofee leaf dataset/test/Healthy/C9P34E2.jpg
ethiopian cofee leaf dataset/train aug/Healthy/C9P34H2.jpg,Healthy,duplicate,,ethiopian cofee leaf dataset/test/Healthy/C9P34H2.jpg
ethiopian cofee leaf dataset/train aug/Healthy/C9P35E2.jpg,Healthy,duplicate,,ethiopian cofee leaf dataset/test/Healthy/C9P35E2.jpg
ethiopian cofee leaf dataset/train aug/Healthy/C9P35H2.jpg,Healthy,duplicate,,ethiopian cofee leaf dataset/test/Healthy/C9P35H2.jpg
ethiopian cofee leaf dataset/train aug/Healthy/C9P36E2.jpg,Healthy,duplicate,,ethiopian cofee leaf dataset/test/Healthy/C9P36E2.jpg
ethiopian cofee leaf dataset/train aug/Healthy/C9P36H2.jpg,Healthy,duplicate,,ethiopian cofee leaf dataset/test/Healthy/C9P36H2.jpg
ethiopian cofee leaf dataset/train aug/Healthy/C9P37E2.jpg,Healthy,duplicate,,ethiopian cofee leaf dataset/test/Healthy/C9P37E2.jpg
ethiopian cofee leaf dataset/train aug/Healthy/C9P37H2.jpg,Healthy,duplicate,,ethiopian cofee leaf dataset/test/Healthy/C9P37H2.jpg
ethiopian cofee leaf dataset/train aug/Healthy/C9P38E2.jpg,Healthy,duplicate,,ethiopian cofee leaf dataset/test/Healthy/C9P38E2.jpg
ethiopian cofee leaf dataset/train aug/Healthy/C9P38H2.jpg,Healthy,duplicate,,ethiopian cofee leaf dataset/test/Healthy/C9P38H2.jpg
ethiopian cofee leaf dataset/train aug/Healthy/aug_0_100.jpeg,Healthy,excluded_pattern,,
ethiopian cofee leaf dataset/train aug/Healthy/aug_0_1004.jpeg,Healthy,excluded_pattern,,
ethiopian cofee leaf dataset/train aug/Healthy/aug_0_1009.jpeg,Healthy,excluded_pattern,,
ethiopian cofee leaf dataset/train aug/Healthy/aug_0_101.jpeg,Healthy,excluded_pattern,,
ethiopian cofee leaf dataset/train aug/Healthy/aug_0_1012.jpeg,Healthy,excluded_pattern,,
ethiopian cofee leaf dataset/train aug/Healthy/aug_0_1016.jpeg,Healthy,excluded_pattern,,
ethiopian cofee leaf dataset/train aug/Healthy/aug_0_1019.jpeg,Healthy,excluded_pattern,,
ethiopian cofee leaf dataset/train aug/Healthy/aug_0_1025.jpeg,Healthy,excluded_pattern,,
ethiopian cofee leaf dataset/train aug/Healthy/aug_0_1026.jpeg,Healthy,excluded_pattern,,
ethiopian cofee leaf dataset/train aug/Healthy/aug_0_1029.jpeg,Healthy,excluded_pattern,,
ethiopian cofee leaf dataset/train aug/Healthy/aug_0_103.jpeg,Healthy,excluded_pattern,,
ethiopian cofee leaf dataset/train aug/Healthy/aug_0_1030.jpeg,Healthy,excluded_pattern,,
ethiopian cofee leaf dataset/train aug/Healthy/aug_0_1033.jpeg,Healthy,excluded_pattern,,
ethiopian cofee leaf dataset/train aug/Healthy/aug_0_1034.jpeg,Healthy,excluded_pattern,,
ethiopian cofee leaf dataset/train aug/Healthy/aug_0_1037.jpeg,Healthy,excluded_pattern,,
ethiopian cofee leaf dataset/train aug/Healthy/aug_0_104.jpeg,Healthy,excluded_pattern,,
ethiopian cofee leaf dataset/train aug/Healthy/aug_0_1046.jpeg,Healthy,excluded_pattern,,
ethiopian cofee leaf dataset/train aug/Healthy/aug_0_1047.jpeg,Healthy,excluded_pattern,,
ethiopian cofee leaf dataset/train aug/Healthy/aug_0_1051.jpeg,Healthy,excluded_pattern,,
ethiopian cofee leaf dataset/train aug/Healthy/aug_0_1052.jpeg,Healthy,excluded_pattern,,
ethiopian cofee leaf dataset/train aug/Healthy/aug_0_1053.jpeg,Healthy,excluded_pattern,,
ethiopian cofee leaf dataset/train aug/Healthy/aug_0_1054.jpeg,Healthy,excluded_pattern,,
ethiopian cofee leaf dataset/train aug/Healthy/aug_0_1056.jpeg,Healthy,excluded_pattern,,
ethiopian cofee leaf dataset/train aug/Healthy/aug_0_1060.jpeg,Healthy,excluded_pattern,,
ethiopian cofee leaf dataset/train aug/Healthy/aug_0_1061.jpeg,Healthy,excluded_pattern,,
ethiopian cofee leaf dataset/train aug/Healthy/aug_0_1062.jpeg,Healthy,excluded_pattern,,
ethiopian cofee leaf dataset/train aug/Healthy/aug_0_1070.jpeg,Healthy,excluded_pattern,,
ethiopian cofee leaf dataset/train aug/Healthy/aug_0_1074.jpeg,Healthy,excluded_pattern,,
ethiopian cofee leaf dataset/train aug/Healthy/aug_0_1075.jpeg,Healthy,excluded_pattern,,
ethiopian cofee leaf dataset/train aug/Healthy/aug_0_1076.jpeg,Healthy,excluded_pattern,,
ethiopian cofee leaf dataset/train aug/Healthy/aug_0_1078.jpeg,Healthy,excluded_pattern,,
ethiopian cofee leaf dataset/train aug/Healthy/aug_0_1079.jpeg,Healthy,excluded_pattern,,
ethiopian cofee leaf dataset/train aug/Healthy/aug_0_1084.jpeg,Healthy,excluded_pattern,,
ethiopian cofee leaf dataset/train aug/Healthy/aug_0_1085.jpeg,Healthy,excluded_pattern,,
ethiopian cofee leaf dataset/train aug/Healthy/aug_0_1088.jpeg,Healthy,excluded_pattern,,
ethiopian cofee leaf dataset/train aug/Healthy/aug_0_109.jpeg,Healthy,excluded_pattern,,
ethiopian cofee leaf dataset/train aug/Healthy/aug_0_1097.jpeg,Healthy,excluded_pattern,,
ethiopian cofee leaf dataset/train aug/Healthy/aug_0_11.jpeg,Healthy,excluded_pattern,,
ethiopian cofee leaf dataset/train aug/Healthy/aug_0_1106.jpeg,Healthy,excluded_pattern,,
ethiopian cofee leaf dataset/train aug/Healthy/aug_0_1108.jpeg,Healthy,excluded_pattern,,
ethiopian cofee leaf dataset/train aug/Healthy/aug_0_1109.jpeg,Healthy,excluded_pattern,,
ethiopian cofee leaf dataset/train aug/Healthy/aug_0_1113.jpeg,Healthy,excluded_pattern,,
ethiopian cofee leaf dataset/train aug/Healthy/aug_0_1118.jpeg,Healthy,excluded_pattern,,
ethiopian cofee leaf dataset/train aug/Healthy/aug_0_112.jpeg,Healthy,excluded_pattern,,
ethiopian cofee leaf dataset/train aug/Healthy/aug_0_1120.jpeg,Healthy,excluded_pattern,,
ethiopian cofee leaf dataset/train aug/Healthy/aug_0_1123.jpeg,Healthy,excluded_pattern,,
ethiopian cofee leaf dataset/train aug/Healthy/aug_0_1124.jpeg,Healthy,excluded_pattern,,
ethiopian cofee leaf dataset/train aug/Healthy/aug_0_1127.jpeg,Healthy,excluded_pattern,,
ethiopian cofee leaf dataset/train aug/Healthy/aug_0_113.jpeg,Healthy,excluded_pattern,,
ethiopian cofee leaf dataset/train aug/Healthy/aug_0_1137.jpeg,Healthy,excluded_pattern,,
ethiopian cofee leaf dataset/train aug/Healthy/aug_0_1138.jpeg,Healthy,excluded_pattern,,
ethiopian cofee leaf dataset/train aug/Healthy/aug_0_1142.jpeg,Healthy,excluded_pattern,,
ethiopian cofee leaf dataset/train aug/Healthy/aug_0_1145.jpeg,Healthy,excluded_pattern,,
ethiopian cofee leaf dataset/train aug/Healthy/aug_0_1149.jpeg,Healthy,excluded_pattern,,
ethiopian cofee leaf dataset/train aug/Healthy/aug_0_115.jpeg,Healthy,excluded_pattern,,
ethiopian cofee leaf dataset/train aug/Healthy/aug_0_1153.jpeg,Healthy,excluded_pattern,,
ethiopian cofee leaf dataset/train aug/Healthy/aug_0_1154.jpeg,Healthy,excluded_pattern,,
ethiopian cofee leaf dataset/train aug/Healthy/aug_0_1168.jpeg,Healthy,excluded_pattern,,
ethiopian cofee leaf dataset/train aug/Healthy/aug_0_1169.jpeg,Healthy,excluded_pattern,,
ethiopian cofee leaf dataset/train aug/Healthy/aug_0_1170.jpeg,Healthy,excluded_pattern,,
ethiopian cofee leaf dataset/train aug/Healthy/aug_0_1171.jpeg,Healthy,excluded_pattern,,
ethiopian cofee leaf dataset/train aug/Healthy/aug_0_1173.jpeg,Healthy,excluded_pattern,,
ethiopian cofee leaf dataset/train aug/Healthy/aug_0_1174.jpeg,Healthy,excluded_pattern,,
ethiopian cofee leaf dataset/train aug/Healthy/aug_0_1175.jpeg,Healthy,excluded_pattern,,
ethiopian cofee leaf dataset/train aug/Healthy/aug_0_1179.jpeg,Healthy,excluded_pattern,,
ethiopian cofee leaf dataset/train aug/Healthy/aug_0_1180.jpeg,Healthy,excluded_pattern,,
ethiopian cofee leaf dataset/train aug/Healthy/aug_0_1184.jpeg,Healthy,excluded_pattern,,
ethiopian cofee leaf dataset/train aug/Healthy/aug_0_1187.jpeg,Healthy,excluded_pattern,,
ethiopian cofee leaf dataset/train aug/Healthy/aug_0_1190.jpeg,Healthy,excluded_pattern,,
ethiopian cofee leaf dataset/train aug/Healthy/aug_0_1191.jpeg,Healthy,excluded_pattern,,
ethiopian cofee leaf dataset/train aug/Healthy/aug_0_1192.jpeg,Healthy,excluded_pattern,,
ethiopian cofee leaf dataset/train aug/Healthy/aug_0_1194.jpeg,Healthy,excluded_pattern,,
ethiopian cofee leaf dataset/train aug/Healthy/aug_0_1199.jpeg,Healthy,excluded_pattern,,
ethiopian cofee leaf dataset/train aug/Healthy/aug_0_120.jpeg,Healthy,excluded_pattern,,
ethiopian cofee leaf dataset/train aug/Healthy/aug_0_1201.jpeg,Healthy,excluded_pattern,,
ethiopian cofee leaf dataset/train aug/Healthy/aug_0_1205.jpeg,Healthy,excluded_pattern,,
ethiopian cofee leaf dataset/train aug/Healthy/aug_0_1207.jpeg,Healthy,excluded_pattern,,
ethiopian cofee leaf dataset/train aug/Healthy/aug_0_1215.jpeg,Healthy,excluded_pattern,,
ethiopian cofee leaf dataset/train aug/Healthy/aug_0_1217.jpeg,Healthy,excluded_pattern,,
ethiopian cofee leaf dataset/train aug/Healthy/aug_0_1218.jpeg,Healthy,excluded_pattern,,
ethiopian cofee leaf dataset/train aug/Healthy/aug_0_122.jpeg,Healthy,excluded_pattern,,
ethiopian cofee leaf dataset/train aug/Healthy/aug_0_1224.jpeg,Healthy,excluded_pattern,,
ethiopian cofee leaf dataset/train aug/Healthy/aug_0_1225.jpeg,Healthy,excluded_pattern,,
ethiopian cofee leaf dataset/train aug/Healthy/aug_0_1226.jpeg,Healthy,excluded_pattern,,
ethiopian cofee leaf dataset/train aug/Healthy/aug_0_1230.jpeg,Healthy,excluded_pattern,,
ethiopian cofee leaf dataset/train aug/Healthy/aug_0_1231.jpeg,Healthy,excluded_pattern,,
ethiopian cofee leaf dataset/train aug/Healthy/aug_0_1233.jpeg,Healthy,excluded_pattern,,
ethiopian cofee leaf dataset/train aug/Healthy/aug_0_1237.jpeg,Healthy,excluded_pattern,,
ethiopian cofee leaf dataset/train aug/Healthy/aug_0_1238.jpeg,Healthy,excluded_pattern,,
ethiopian cofee leaf dataset/train aug/Healthy/aug_0_1240.jpeg,Healthy,excluded_pattern,,
ethiopian cofee leaf dataset/train aug/Healthy/aug_0_1241.jpeg,Healthy,excluded_pattern,,
ethiopian cofee leaf dataset/train aug/Healthy/aug_0_1242.jpeg,Healthy,excluded_pattern,,
ethiopian cofee leaf dataset/train aug/Healthy/aug_0_1252.jpeg,Healthy,excluded_pattern,,
ethiopian cofee leaf dataset/train aug/Healthy/aug_0_1254.jpeg,Healthy,excluded_pattern,,
ethiopian cofee leaf dataset/train aug/Healthy/aug_0_1258.jpeg,Healthy,excluded_pattern,,
ethiopian cofee leaf dataset/train aug/Healthy/aug_0_1259.jpeg,Healthy,excluded_pattern,,
ethiopian cofee leaf dataset/train aug/Healthy/aug_0_1263.jpeg,Healthy,excluded_pattern,,
ethiopian cofee leaf dataset/train aug/Healthy/aug_0_1268.jpeg,Healthy,excluded_pattern,,
ethiopian cofee leaf dataset/train aug/Healthy/aug_0_127.jpeg,Healthy,excluded_pattern,,
ethiopian cofee leaf dataset/train aug/Healthy/aug_0_1275.jpeg,Healthy,excluded_pattern,,
ethiopian cofee leaf dataset/train aug/Healthy/aug_0_1280.jpeg,Healthy,excluded_pattern,,
ethiopian cofee leaf dataset/train aug/Healthy/aug_0_1286.jpeg,Healthy,excluded_pattern,,
ethiopian cofee leaf dataset/train aug/Healthy/aug_0_1287.jpeg,Healthy,excluded_pattern,,
ethiopian cofee leaf dataset/train aug/Healthy/aug_0_1296.jpeg,Healthy,excluded_pattern,,
ethiopian cofee leaf dataset/train aug/Healthy/aug_0_1299.jpeg,Healthy,excluded_pattern,,
ethiopian cofee leaf dataset/train aug/Healthy/aug_0_13.jpeg,Healthy,excluded_pattern,,
ethiopian cofee leaf dataset/train aug/Healthy/aug_0_130.jpeg,Healthy,excluded_pattern,,
ethiopian cofee leaf dataset/train aug/Healthy/aug_0_1301.jpeg,Healthy,excluded_pattern,,
ethiopian cofee leaf dataset/train aug/Healthy/aug_0_1302.jpeg,Healthy,excluded_pattern,,
ethiopian cofee leaf dataset/train aug/Healthy/aug_0_1307.jpeg,Healthy,excluded_pattern,,
ethiopian cofee leaf dataset/train aug/Healthy/aug_0_1310.jpeg,Healthy,excluded_pattern,,
ethiopian cofee leaf dataset/train aug/Healthy/aug_0_1312.jpeg,Healthy,excluded_pattern,,
ethiopian cofee leaf dataset/train aug/Healthy/aug_0_1320.jpeg,Healthy,excluded_pattern,,
ethiopian cofee leaf dataset/train aug/Healthy/aug_0_1323.jpeg,Healthy,excluded_pattern,,
ethiopian cofee leaf dataset/train aug/Healthy/aug_0_1325.jpeg,Healthy,excluded_pattern,,
ethiopian cofee leaf dataset/train aug/Healthy/aug_0_1326.jpeg,Healthy,excluded_pattern,,
ethiopian cofee leaf dataset/train aug/Healthy/aug_0_133.jpeg,Healthy,excluded_pattern,,
ethiopian cofee leaf dataset/train aug/Healthy/aug_0_1331.jpeg,Healthy,excluded_pattern,,
ethiopian cofee leaf dataset/train aug/Healthy/aug_0_1334.jpeg,Healthy,excluded_pattern,,
ethiopian cofee leaf dataset/train aug/Healthy/aug_0_1337.jpeg,Healthy,excluded_pattern,,
ethiopian cofee leaf dataset/train aug/Healthy/aug_0_1338.jpeg,Healthy,excluded_pattern,,
ethiopian cofee leaf dataset/train aug/Healthy/aug_0_134.jpeg,Healthy,excluded_pattern,,
ethiopian cofee leaf dataset/train aug/Healthy/aug_0_1340.jpeg,Healthy,excluded_pattern,,
ethiopian cofee leaf dataset/train aug/Healthy/aug_0_1341.jpeg,Healthy,excluded_pattern,,
ethiopian cofee leaf dataset/train aug/Healthy/aug_0_1343.jpeg,Healthy,excluded_pattern,,
ethiopian cofee leaf dataset/train aug/Healthy/aug_0_1345.jpeg,Healthy,excluded_pattern,,
ethiopian cofee leaf dataset/train aug/Healthy/aug_0_1348.jpeg,Healthy,excluded_pattern,,
ethiopian cofee leaf dataset/train aug/Healthy/aug_0_1349.jpeg,Healthy,excluded_pattern,,
ethiopian cofee leaf dataset/train aug/Healthy/aug_0_1354.jpeg,Healthy,excluded_pattern,,
ethiopian cofee leaf dataset/train aug/Healthy/aug_0_1356.jpeg,Healthy,excluded_pattern,,
ethiopian cofee leaf dataset/train aug/Healthy/aug_0_1358.jpeg,Healthy,excluded_pattern,,
ethiopian cofee leaf dataset/train aug/Healthy/aug_0_1359.jpeg,Healthy,excluded_pattern,,
ethiopian cofee leaf dataset/train aug/Healthy/aug_0_136.jpeg,Healthy,excluded_pattern,,
ethiopian cofee leaf dataset/train aug/Healthy/aug_0_1360.jpeg,Healthy,excluded_pattern,,
ethiopian cofee leaf dataset/train aug/Healthy/aug_0_1362.jpeg,Healthy,excluded_pattern,,
ethiopian cofee leaf dataset/train aug/Healthy/aug_0_1363.jpeg,Healthy,excluded_pattern,,
ethiopian cofee leaf dataset/train aug/Healthy/aug_0_1364.jpeg,Healthy,excluded_pattern,,
ethiopian cofee leaf dataset/train aug/Healthy/aug_0_1367.jpeg,Healthy,excluded_pattern,,
ethiopian cofee leaf dataset/train aug/Healthy/aug_0_1370.jpeg,Healthy,excluded_pattern,,
ethiopian cofee leaf dataset/train aug/Healthy/aug_0_1372.jpeg,Healthy,excluded_pattern,,
ethiopian cofee leaf dataset/train aug/Healthy/aug_0_1376.jpeg,Healthy,excluded_pattern,,
ethiopian cofee leaf dataset/train aug/Healthy/aug_0_1377.jpeg,Healthy,excluded_pattern,,
ethiopian cofee leaf dataset/train aug/Healthy/aug_0_1378.jpeg,Healthy,excluded_pattern,,
ethiopian cofee leaf dataset/train aug/Healthy/aug_0_1379.jpeg,Healthy,excluded_pattern,,
ethiopian cofee leaf dataset/train aug/Healthy/aug_0_1380.jpeg,Healthy,excluded_pattern,,
ethiopian cofee leaf dataset/train aug/Healthy/aug_0_1381.jpeg,Healthy,excluded_pattern,,
ethiopian cofee leaf dataset/train aug/Healthy/aug_0_1382.jpeg,Healthy,excluded_pattern,,
ethiopian cofee leaf dataset/train aug/Healthy/aug_0_1383.jpeg,Healthy,excluded_pattern,,
ethiopian cofee leaf dataset/train aug/Healthy/aug_0_1384.jpeg,Healthy,excluded_pattern,,
ethiopian cofee leaf dataset/train aug/Healthy/aug_0_1389.jpeg,Healthy,excluded_pattern,,
ethiopian cofee leaf dataset/train aug/Healthy/aug_0_1390.jpeg,Healthy,excluded_pattern,,
ethiopian cofee leaf dataset/train aug/Healthy/aug_0_1396.jpeg,Healthy,excluded_pattern,,
ethiopian cofee leaf dataset/train aug/Healthy/aug_0_1399.jpeg,Healthy,excluded_pattern,,
ethiopian cofee leaf dataset/train aug/Healthy/aug_0_1402.jpeg,Healthy,excluded_pattern,,
ethiopian cofee leaf dataset/train aug/Healthy/aug_0_1405.jpeg,Healthy,excluded_pattern,,
ethiopian cofee leaf dataset/train aug/Healthy/aug_0_1407.jpeg,Healthy,excluded_pattern,,
ethiopian cofee leaf dataset/train aug/Healthy/aug_0_1414.jpeg,Healthy,excluded_pattern,,
ethiopian cofee leaf dataset/train aug/Healthy/aug_0_1417.jpeg,Healthy,excluded_pattern,,
ethiopian cofee leaf dataset/train aug/Healthy/aug_0_1418.jpeg,Healthy,excluded_pattern,,
ethiopian cofee leaf dataset/train aug/Healthy/aug_0_142.jpeg,Healthy,excluded_pattern,,
ethiopian cofee leaf dataset/train aug/Healthy/aug_0_1420.jpeg,Healthy,excluded_pattern,,
ethiopian cofee leaf dataset/train aug/Healthy/aug_0_1423.jpeg,Healthy,excluded_pattern,,
ethiopian cofee leaf dataset/train aug/Healthy/aug_0_1429.jpeg,Healthy,excluded_pattern,,
ethiopian cofee leaf dataset/train aug/Healthy/aug_0_1435.jpeg,Healthy,excluded_pattern,,
ethiopian cofee leaf dataset/train aug/Healthy/aug_0_1439.jpeg,Healthy,excluded_pattern,,
ethiopian cofee leaf dataset/train aug/Healthy/aug_0_1443.jpeg,Healthy,excluded_pattern,,
ethiopian cofee leaf dataset/train aug/Healthy/aug_0_1446.jpeg,Healthy,excluded_pattern,,
ethiopian cofee leaf dataset/train aug/Healthy/aug_0_1449.jpeg,Healthy,excluded_pattern,,
ethiopian cofee leaf dataset/train aug/Healthy/aug_0_145.jpeg,Healthy,excluded_pattern,,
ethiopian cofee leaf dataset/train aug/Healthy/aug_0_1452.jpeg,Healthy,excluded_pattern,,
ethiopian cofee leaf dataset/train aug/Healthy/aug_0_1458.jpeg,Healthy,excluded_pattern,,
ethiopian cofee leaf dataset/train aug/Healthy/aug_0_1465.jpeg,Healthy,excluded_pattern,,
ethiopian cofee leaf dataset/train aug/Healthy/aug_0_1472.jpeg,Healthy,excluded_pattern,,
ethiopian cofee leaf dataset/train aug/Healthy/aug_0_1473.jpeg,Healthy,excluded_pattern,,
ethiopian cofee leaf dataset/train aug/Healthy/aug_0_1476.jpeg,Healthy,excluded_pattern,,
ethiopian cofee leaf dataset/train aug/Healthy/aug_0_1481.jpeg,Healthy,excluded_pattern,,
ethiopian cofee leaf dataset/train aug/Healthy/aug_0_1486.jpeg,Healthy,excluded_pattern,,
ethiopian cofee leaf dataset/train aug/Healthy/aug_0_1487.jpeg,Healthy,excluded_pattern,,
ethiopian cofee leaf dataset/train aug/Healthy/aug_0_1489.jpeg,Healthy,excluded_pattern,,
ethiopian cofee leaf dataset/train aug/Healthy/aug_0_1491.jpeg,Healthy,excluded_pattern,,
ethiopian cofee leaf dataset/train aug/Healthy/aug_0_1493.jpeg,Healthy,excluded_pattern,,
ethiopian cofee leaf dataset/train aug/Healthy/aug_0_1497.jpeg,Healthy,excluded_pattern,,
ethiopian cofee leaf dataset/train aug/Healthy/aug_0_150.jpeg,Healthy,excluded_pattern,,
ethiopian cofee leaf dataset/train aug/Healthy/aug_0_1502.jpeg,Healthy,excluded_pattern,,
ethiopian cofee leaf dataset/train aug/Healthy/aug_0_1503.jpeg,Healthy,excluded_pattern,,
ethiopian cofee leaf dataset/train aug/Healthy/aug_0_152.jpeg,Healthy,excluded_pattern,,
ethiopian cofee leaf dataset/train aug/Healthy/aug_0_1522.jpeg,Healthy,excluded_pattern,,
ethiopian cofee leaf dataset/train aug/Healthy/aug_0_1525.jpeg,Healthy,excluded_pattern,,
ethiopian cofee leaf dataset/train aug/Healthy/aug_0_1527.jpeg,Healthy,excluded_pattern,,
ethiopian cofee leaf dataset/train aug/Healthy/aug_0_1529.jpeg,Healthy,excluded_pattern,,
ethiopian cofee leaf dataset/train aug/Healthy/aug_0_1531.jpeg,Healthy,excluded_pattern,,
ethiopian cofee leaf dataset/train aug/Healthy/aug_0_1540.jpeg,Healthy,excluded_pattern,,
ethiopian cofee leaf dataset/train aug/Healthy/aug_0_1548.jpeg,Healthy,excluded_pattern,,
ethiopian cofee leaf dataset/train aug/Healthy/aug_0_1553.jpeg,Healthy,excluded_pattern,,
ethiopian cofee leaf dataset/train aug/Healthy/aug_0_1559.jpeg,Healthy,excluded_pattern,,
ethiopian cofee leaf dataset/train aug/Healthy/aug_0_156.jpeg,Healthy,excluded_pattern,,
ethiopian cofee leaf dataset/train aug/Healthy/aug_0_1561.jpeg,Healthy,excluded_pattern,,
ethiopian cofee leaf dataset/train aug/Healthy/aug_0_157.jpeg,Healthy,excluded_pattern,,
ethiopian cofee leaf dataset/train aug/Healthy/aug_0_1573.jpeg,Healthy,excluded_pattern,,
ethiopian cofee leaf dataset/train aug/Healthy/aug_0_1583.jpeg,Healthy,excluded_pattern,,
ethiopian cofee leaf dataset/train aug/Healthy/aug_0_1584.jpeg,Healthy,excluded_pattern,,
ethiopian cofee leaf dataset/train aug/Healthy/aug_0_1586.jpeg,Healthy,excluded_pattern,,
ethiopian cofee leaf dataset/train aug/Healthy/aug_0_1589.jpeg,Healthy,excluded_pattern,,
ethiopian cofee leaf dataset/train aug/Healthy/aug_0_159.jpeg,Healthy,excluded_pattern,,
ethiopian cofee leaf dataset/train aug/Healthy/aug_0_1590.jpeg,Healthy,excluded_pattern,,
ethiopian cofee leaf dataset/train aug/Healthy/aug_0_1591.jpeg,Healthy,excluded_pattern,,
ethiopian cofee leaf dataset/train aug/Healthy/aug_0_1593.jpeg,Healthy,excluded_pattern,,
ethiopian cofee leaf dataset/train aug/Healthy/aug_0_1594.jpeg,Healthy,excluded_pattern,,
ethiopian cofee leaf dataset/train aug/Healthy/aug_0_1595.jpeg,Healthy,excluded_pattern,,
ethiopian cofee leaf dataset/train aug/Healthy/aug_0_1605.jpeg,Healthy,excluded_pattern,,
ethiopian cofee leaf dataset/train aug/Healthy/aug_0_1606.jpeg,Healthy,excluded_pattern,,
ethiopian cofee leaf dataset/train aug/Healthy/aug_0_1615.jpeg,Healthy,excluded_pattern,,
ethiopian cofee leaf dataset/train aug/Healthy/aug_0_1616.jpeg,Healthy,excluded_pattern,,
ethiopian cofee leaf dataset/train aug/Healthy/aug_0_1619.jpeg,Healthy,excluded_pattern,,
ethiopian cofee leaf dataset/train aug/Healthy/aug_0_1623.jpeg,Healthy,excluded_pattern,,
ethiopian cofee leaf dataset/train aug/Healthy/aug_0_1628.jpeg,Healthy,excluded_pattern,,
ethiopian cofee leaf dataset/train aug/Healthy/aug_0_1640.jpeg,Healthy,excluded_pattern,,
ethiopian cofee leaf dataset/train aug/Healthy/aug_0_1641.jpeg,Healthy,excluded_pattern,,
ethiopian cofee leaf dataset/train aug/Healthy/aug_0_1642.jpeg,Healthy,excluded_pattern,,
ethiopian cofee leaf dataset/train aug/Healthy/aug_0_1646.jpeg,Healthy,excluded_pattern,,
ethiopian cofee leaf dataset/train aug/Healthy/aug_0_1648.jpeg,Healthy,excluded_pattern,,
ethiopian cofee leaf dataset/train aug/Healthy/aug_0_1649.jpeg,Healthy,excluded_pattern,,
ethiopian cofee leaf dataset/train aug/Healthy/aug_0_1655.jpeg,Healthy,excluded_pattern,,
ethiopian cofee leaf dataset/train aug/Healthy/aug_0_1656.jpeg,Healthy,excluded_pattern,,
ethiopian cofee leaf dataset/train aug/Healthy/aug_0_1659.jpeg,Healthy,excluded_pattern,,
ethiopian cofee leaf dataset/train aug/Healthy/aug_0_166.jpeg,Healthy,excluded_pattern,,
ethiopian cofee leaf dataset/train aug/Healthy/aug_0_1662.jpeg,Healthy,excluded_pattern,,
ethiopian cofee leaf dataset/train aug/Healthy/aug_0_1663.jpeg,Healthy,excluded_pattern,,
ethiopian cofee leaf dataset/train aug/Healthy/aug_0_1664.jpeg,Healthy,excluded_pattern,,
ethiopian cofee leaf dataset/train aug/Healthy/aug_0_1665.jpeg,Healthy,excluded_pattern,,
ethiopian cofee leaf dataset/train aug/Healthy/aug_0_1669.jpeg,Healthy,excluded_pattern,,
ethiopian cofee leaf dataset/train aug/Healthy/aug_0_1676.jpeg,Healthy,excluded_pattern,,
ethiopian cofee leaf dataset/train aug/Healthy/aug_0_1679.jpeg,Healthy,excluded_pattern,,
ethiopian cofee leaf dataset/train aug/Healthy/aug_0_1683.jpeg,Healthy,excluded_pattern,,
ethiopian cofee leaf dataset/train aug/Healthy/aug_0_1687.jpeg,Healthy,excluded_pattern,,
ethiopian cofee leaf dataset/train aug/Healthy/aug_0_1689.jpeg,Healthy,excluded_pattern,,
ethiopian cofee leaf dataset/train aug/Healthy/aug_0_1694.jpeg,Healthy,excluded_pattern,,
ethiopian cofee leaf dataset/train aug/Healthy/aug_0_17.jpeg,Healthy,excluded_pattern,,
ethiopian cofee leaf dataset/train aug/Healthy/aug_0_1703.jpeg,Healthy,excluded_pattern,,
ethiopian cofee leaf dataset/train aug/Healthy/aug_0_1705.jpeg,Healthy,excluded_pattern,,
ethiopian cofee leaf dataset/train aug/Healthy/aug_0_1706.jpeg,Healthy,excluded_pattern,,
ethiopian cofee leaf dataset/train aug/Healthy/aug_0_1708.jpeg,Healthy,excluded_pattern,,
ethiopian cofee leaf dataset/train aug/Healthy/aug_0_1712.jpeg,Healthy,excluded_pattern,,
ethiopian cofee leaf dataset/train aug/Healthy/aug_0_1714.jpeg,Healthy,excluded_pattern,,
ethiopian cofee leaf dataset/train aug/Healthy/aug_0_1715.jpeg,Healthy,excluded_pattern,,
ethiopian cofee leaf dataset/train aug/Healthy/aug_0_1716.jpeg,Healthy,excluded_pattern,,
ethiopian cofee leaf dataset/train aug/Healthy/aug_0_1717.jpeg,Healthy,excluded_pattern,,
ethiopian cofee leaf dataset/train aug/Healthy/aug_0_1719.jpeg,Healthy,excluded_pattern,,
ethiopian cofee leaf dataset/train aug/Healthy/aug_0_172.jpeg,Healthy,excluded_pattern,,
ethiopian cofee leaf dataset/train aug/Healthy/aug_0_1720.jpeg,Healthy,excluded_pattern,,
ethiopian cofee leaf dataset/train aug/Healthy/aug_0_1721.jpeg,Healthy,excluded_pattern,,
ethiopian cofee leaf dataset/train aug/Healthy/aug_0_1722.jpeg,Healthy,excluded_pattern,,
ethiopian cofee leaf dataset/train aug/Healthy/aug_0_1723.jpeg,Healthy,excluded_pattern,,
ethiopian cofee leaf dataset/train aug/Healthy/aug_0_1727.jpeg,Healthy,excluded_pattern,,
ethiopian cofee leaf dataset/train aug/Healthy/aug_0_173.jpeg,Healthy,excluded_pattern,,
ethiopian cofee leaf dataset/train aug/Healthy/aug_0_1730.jpeg,Healthy,excluded_pattern,,
ethiopian cofee leaf dataset/train aug/Healthy/aug_0_1733.jpeg,Healthy,excluded_pattern,,
ethiopian cofee leaf dataset/train aug/Healthy/aug_0_1735.jpeg,Healthy,excluded_pattern,,
ethiopian cofee leaf dataset/train aug/Healthy/aug_0_1748.jpeg,Healthy,excluded_pattern,,
ethiopian cofee leaf dataset/train aug/Healthy/aug_0_175.jpeg,Healthy,excluded_pattern,,
ethiopian cofee leaf dataset/train aug/Healthy/aug_0_1750.jpeg,Healthy,excluded_pattern,,
ethiopian cofee leaf dataset/train aug/Healthy/aug_0_1759.jpeg,Healthy,excluded_pattern,,
ethiopian cofee leaf dataset/train aug/Healthy/aug_0_1762.jpeg,Healthy,excluded_pattern,,
ethiopian cofee leaf dataset/train aug/Healthy/aug_0_1767.jpeg,Healthy,excluded_pattern,,
ethiopian cofee leaf dataset/train aug/Healthy/aug_0_1769.jpeg,Healthy,excluded_pattern,,
ethiopian cofee leaf dataset/train aug/Healthy/aug_0_1770.jpeg,Healthy,excluded_pattern,,
ethiopian cofee leaf dataset/train aug/Healthy/aug_0_1772.jpeg,Healthy,excluded_pattern,,
ethiopian cofee leaf dataset/train aug/Healthy/aug_0_1773.jpeg,Healthy,excluded_pattern,,
ethiopian cofee leaf dataset/train aug/Healthy/aug_0_1777.jpeg,Healthy,excluded_pattern,,
ethiopian cofee leaf dataset/train aug/Healthy/aug_0_1783.jpeg,Healthy,excluded_pattern,,
ethiopian cofee leaf dataset/train aug/Healthy/aug_0_179.jpeg,Healthy,excluded_pattern,,
ethiopian cofee leaf dataset/train aug/Healthy/aug_0_1790.jpeg,Healthy,excluded_pattern,,
ethiopian cofee leaf dataset/train aug/Healthy/aug_0_1795.jpeg,Healthy,excluded_pattern,,
ethiopian cofee leaf dataset/train aug/Healthy/aug_0_1796.jpeg,Healthy,excluded_pattern,,
ethiopian cofee leaf dataset/train aug/Healthy/aug_0_1798.jpeg,Healthy,excluded_pattern,,
ethiopian cofee leaf dataset/train aug/Healthy/aug_0_1799.jpeg,Healthy,excluded_pattern,,
ethiopian cofee leaf dataset/train aug/Healthy/aug_0_180.jpeg,Healthy,excluded_pattern,,
ethiopian cofee leaf dataset/train aug/Healthy/aug_0_1804.jpeg,Healthy,excluded_pattern,,
ethiopian cofee leaf dataset/train aug/Healthy/aug_0_1806.jpeg,Healthy,excluded_pattern,,
ethiopian cofee leaf dataset/train aug/Healthy/aug_0_1807.jpeg,Healthy,excluded_pattern,,
ethiopian cofee leaf dataset/train aug/Healthy/aug_0_1809.jpeg,Healthy,excluded_pattern,,
ethiopian cofee leaf dataset/train aug/Healthy/aug_0_1810.jpeg,Healthy,excluded_pattern,,
ethiopian cofee leaf dataset/train aug/Healthy/aug_0_1815.jpeg,Healthy,excluded_pattern,,
ethiopian cofee leaf dataset/train aug/Healthy/aug_0_1818.jpeg,Healthy,excluded_pattern,,
ethiopian cofee leaf dataset/train aug/Healthy/aug_0_1819.jpeg,Healthy,excluded_pattern,,
ethiopian cofee leaf dataset/train aug/Healthy/aug_0_1827.jpeg,Healthy,excluded_pattern,,
ethiopian cofee leaf dataset/train aug/Healthy/aug_0_1828.jpeg,Healthy,excluded_pattern,,
ethiopian cofee leaf dataset/train aug/Healthy/aug_0_1832.jpeg,Healthy,excluded_pattern,,
ethiopian cofee leaf dataset/train aug/Healthy/aug_0_1833.jpeg,Healthy,excluded_pattern,,
ethiopian cofee leaf dataset/train aug/Healthy/aug_0_1837.jpeg,Healthy,excluded_pattern,,
ethiopian cofee leaf dataset/train aug/Healthy/aug_0_1838.jpeg,Healthy,excluded_pattern,,
ethiopian cofee leaf dataset/train aug/Healthy/aug_0_1839.jpeg,Healthy,excluded_pattern,,
ethiopian cofee leaf dataset/train aug/Healthy/aug_0_1840.jpeg,Healthy,excluded_pattern,,
ethiopian cofee leaf dataset/train aug/Healthy/aug_0_1842.jpeg,Healthy,excluded_pattern,,
ethiopian cofee leaf dataset/train aug/Healthy/aug_0_1843.jpeg,Healthy,excluded_pattern,,
ethiopian cofee leaf dataset/train aug/Healthy/aug_0_1850.jpeg,Healthy,excluded_pattern,,
ethiopian cofee leaf dataset/train aug/Healthy/aug_0_1851.jpeg,Healthy,excluded_pattern,,
ethiopian cofee leaf dataset/train aug/Healthy/aug_0_1852.jpeg,Healthy,excluded_pattern,,
ethiopian cofee leaf dataset/train aug/Healthy/aug_0_1856.jpeg,Healthy,excluded_pattern,,
ethiopian cofee leaf dataset/train aug/Healthy/aug_0_1857.jpeg,Healthy,excluded_pattern,,
ethiopian cofee leaf dataset/train aug/Healthy/aug_0_1859.jpeg,Healthy,excluded_pattern,,
ethiopian cofee leaf dataset/train aug/Healthy/aug_0_186.jpeg,Healthy,excluded_pattern,,
ethiopian cofee leaf dataset/train aug/Healthy/aug_0_1861.jpeg,Healthy,excluded_pattern,,
ethiopian cofee leaf dataset/train aug/Healthy/aug_0_1862.jpeg,Healthy,excluded_pattern,,
ethiopian cofee leaf dataset/train aug/Healthy/aug_0_1866.jpeg,Healthy,excluded_pattern,,
ethiopian cofee leaf dataset/train aug/Healthy/aug_0_1867.jpeg,Healthy,excluded_pattern,,
ethiopian cofee leaf dataset/train aug/Healthy/aug_0_1871.jpeg,Healthy,excluded_pattern,,
ethiopian cofee leaf dataset/train aug/Healthy/aug_0_1873.jpeg,Healthy,excluded_pattern,,
ethiopian cofee leaf dataset/train aug/Healthy/aug_0_1874.jpeg,Healthy,excluded_pattern,,
ethiopian cofee leaf dataset/train aug/Healthy/aug_0_1879.jpeg,Healthy,excluded_pattern,,
ethiopian cofee leaf dataset/train aug/Healthy/aug_0_1882.jpeg,Healthy,excluded_pattern,,
ethiopian cofee leaf dataset/train aug/Healthy/aug_0_1885.jpeg,Healthy,excluded_pattern,,
ethiopian cofee leaf dataset/train aug/Healthy/aug_0_1888.jpeg,Healthy,excluded_pattern,,
ethiopian cofee leaf dataset/train aug/Healthy/aug_0_1890.jpeg,Healthy,excluded_pattern,,
ethiopian cofee leaf dataset/train aug/Healthy/aug_0_1897.jpeg,Healthy,excluded_pattern,,
ethiopian cofee leaf dataset/train aug/Healthy/aug_0_1898.jpeg,Healthy,excluded_pattern,,
ethiopian cofee leaf dataset/train aug/Healthy/aug_0_1906.jpeg,Healthy,excluded_pattern,,
ethiopian cofee leaf dataset/train aug/Healthy/aug_0_1909.jpeg,Healthy,excluded_pattern,,
ethiopian cofee leaf dataset/train aug/Healthy/aug_0_1910.jpeg,Healthy,excluded_pattern,,
ethiopian cofee leaf dataset/train aug/Healthy/aug_0_1919.jpeg,Healthy,excluded_pattern,,
ethiopian cofee leaf dataset/train aug/Healthy/aug_0_1920.jpeg,Healthy,excluded_pattern,,
ethiopian cofee leaf dataset/train aug/Healthy/aug_0_1922.jpeg,Healthy,excluded_pattern,,
ethiopian cofee leaf dataset/train aug/Healthy/aug_0_193.jpeg,Healthy,excluded_pattern,,
ethiopian cofee leaf dataset/train aug/Healthy/aug_0_1932.jpeg,Healthy,excluded_pattern,,
ethiopian cofee leaf dataset/train aug/Healthy/aug_0_1936.jpeg,Healthy,excluded_pattern,,
ethiopian cofee leaf dataset/train aug/Healthy/aug_0_194.jpeg,Healthy,excluded_pattern,,
ethiopian cofee leaf dataset/train aug/Healthy/aug_0_1943.jpeg,Healthy,excluded_pattern,,
ethiopian cofee leaf dataset/train aug/Healthy/aug_0_1946.jpeg,Healthy,excluded_pattern,,
ethiopian cofee leaf dataset/train aug/Healthy/aug_0_1948.jpeg,Healthy,excluded_pattern,,
ethiopian cofee leaf dataset/train aug/Healthy/aug_0_1949.jpeg,Healthy,excluded_pattern,,
ethiopian cofee leaf dataset/train aug/Healthy/aug_0_195.jpeg,Healthy,excluded_pattern,,
ethiopian cofee leaf dataset/train aug/Healthy/aug_0_1950.jpeg,Healthy,excluded_pattern,,
ethiopian cofee leaf dataset/train aug/Healthy/aug_0_1955.jpeg,Healthy,excluded_pattern,,
ethiopian cofee leaf dataset/train aug/Healthy/aug_0_196.jpeg,Healthy,excluded_pattern,,
ethiopian cofee leaf dataset/train aug/Healthy/aug_0_1961.jpeg,Healthy,excluded_pattern,,
ethiopian cofee leaf dataset/train aug/Healthy/aug_0_1962.jpeg,Healthy,excluded_pattern,,
ethiopian cofee leaf dataset/train aug/Healthy/aug_0_1963.jpeg,Healthy,excluded_pattern,,
ethiopian cofee leaf dataset/train aug/Healthy/aug_0_1965.jpeg,Healthy,excluded_pattern,,
ethiopian cofee leaf dataset/train aug/Healthy/aug_0_1967.jpeg,Healthy,excluded_pattern,,
ethiopian cofee leaf dataset/train aug/Healthy/aug_0_1970.jpeg,Healthy,excluded_pattern,,
ethiopian cofee leaf dataset/train aug/Healthy/aug_0_1972.jpeg,Healthy,excluded_pattern,,
ethiopian cofee leaf dataset/train aug/Healthy/aug_0_1974.jpeg,Healthy,excluded_pattern,,
ethiopian cofee leaf dataset/train aug/Healthy/aug_0_1975.jpeg,Healthy,excluded_pattern,,
ethiopian cofee leaf dataset/train aug/Healthy/aug_0_1978.jpeg,Healthy,excluded_pattern,,
ethiopian cofee leaf dataset/train aug/Healthy/aug_0_1979.jpeg,Healthy,excluded_pattern,,
ethiopian cofee leaf dataset/train aug/Healthy/aug_0_198.jpeg,Healthy,excluded_pattern,,
ethiopian cofee leaf dataset/train aug/Healthy/aug_0_1981.jpeg,Healthy,excluded_pattern,,
ethiopian cofee leaf dataset/train aug/Healthy/aug_0_1986.jpeg,Healthy,excluded_pattern,,
ethiopian cofee leaf dataset/train aug/Healthy/aug_0_1991.jpeg,Healthy,excluded_pattern,,
ethiopian cofee leaf dataset/train aug/Healthy/aug_0_1994.jpeg,Healthy,excluded_pattern,,
ethiopian cofee leaf dataset/train aug/Healthy/aug_0_1995.jpeg,Healthy,excluded_pattern,,
ethiopian cofee leaf dataset/train aug/Healthy/aug_0_1997.jpeg,Healthy,excluded_pattern,,
ethiopian cofee leaf dataset/train aug/Healthy/aug_0_200.jpeg,Healthy,excluded_pattern,,
ethiopian cofee leaf dataset/train aug/Healthy/aug_0_2001.jpeg,Healthy,excluded_pattern,,
ethiopian cofee leaf dataset/train aug/Healthy/aug_0_2004.jpeg,Healthy,excluded_pattern,,
ethiopian cofee leaf dataset/train aug/Healthy/aug_0_2014.jpeg,Healthy,excluded_pattern,,
ethiopian cofee leaf dataset/train aug/Healthy/aug_0_2015.jpeg,Healthy,excluded_pattern,,
ethiopian cofee leaf dataset/train aug/Healthy/aug_0_2021.jpeg,Healthy,excluded_pattern,,
ethiopian cofee leaf dataset/train aug/Healthy/aug_0_2026.jpeg,Healthy,excluded_pattern,,
ethiopian cofee leaf dataset/train aug/Healthy/aug_0_2027.jpeg,Healthy,excluded_pattern,,
ethiopian cofee leaf dataset/train aug/Healthy/aug_0_2029.jpeg,Healthy,excluded_pattern,,
ethiopian cofee leaf dataset/train aug/Healthy/aug_0_2033.jpeg,Healthy,excluded_pattern,,
ethiopian cofee leaf dataset/train aug/Healthy/aug_0_2035.jpeg,Healthy,excluded_pattern,,
ethiopian cofee leaf dataset/train aug/Healthy/aug_0_2037.jpeg,Healthy,excluded_pattern,,
ethiopian cofee leaf dataset/train aug/Healthy/aug_0_2039.jpeg,Healthy,excluded_pattern,,
ethiopian cofee leaf dataset/train aug/Healthy/aug_0_2040.jpeg,Healthy,excluded_pattern,,
ethiopian cofee leaf dataset/train aug/Healthy/aug_0_2041.jpeg,Healthy,excluded_pattern,,
ethiopian cofee leaf dataset/train aug/Healthy/aug_0_2042.jpeg,Healthy,excluded_pattern,,
ethiopian cofee leaf dataset/train aug/Healthy/aug_0_2046.jpeg,Healthy,excluded_pattern,,
ethiopian cofee leaf dataset/train aug/Healthy/aug_0_2048.jpeg,Healthy,excluded_pattern,,
ethiopian cofee leaf dataset/train aug/Healthy/aug_0_2049.jpeg,Healthy,excluded_pattern,,
ethiopian cofee leaf dataset/train aug/Healthy/aug_0_205.jpeg,Healthy,excluded_pattern,,
ethiopian cofee leaf dataset/train aug/Healthy/aug_0_2052.jpeg,Healthy,excluded_pattern,,
ethiopian cofee leaf dataset/train aug/Healthy/aug_0_2056.jpeg,Healthy,excluded_pattern,,
ethiopian cofee leaf dataset/train aug/Healthy/aug_0_2057.jpeg,Healthy,excluded_pattern,,
ethiopian cofee leaf dataset/train aug/Healthy/aug_0_2065.jpeg,Healthy,excluded_pattern,,
ethiopian cofee leaf dataset/train aug/Healthy/aug_0_2068.jpeg,Healthy,excluded_pattern,,
ethiopian cofee leaf dataset/train aug/Healthy/aug_0_2072.jpeg,Healthy,excluded_pattern,,
ethiopian cofee leaf dataset/train aug/Healthy/aug_0_2074.jpeg,Healthy,excluded_pattern,,
ethiopian cofee leaf dataset/train aug/Healthy/aug_0_2076.jpeg,Healthy,excluded_pattern,,
ethiopian cofee leaf dataset/train aug/Healthy/aug_0_2078.jpeg,Healthy,excluded_pattern,,
ethiopian cofee leaf dataset/train aug/Healthy/aug_0_2079.jpeg,Healthy,excluded_pattern,,
ethiopian cofee leaf dataset/train aug/Healthy/aug_0_2084.jpeg,Healthy,excluded_pattern,,
ethiopian cofee leaf dataset/train aug/Healthy/aug_0_2085.jpeg,Healthy,excluded_pattern,,
ethiopian cofee leaf dataset/train aug/Healthy/aug_0_2092.jpeg,Healthy,excluded_pattern,,
ethiopian cofee leaf dataset/train aug/Healthy/aug_0_2097.jpeg,Healthy,excluded_pattern,,
ethiopian cofee leaf dataset/train aug/Healthy/aug_0_2098.jpeg,Healthy,excluded_pattern,,
ethiopian cofee leaf dataset/train aug/Healthy/aug_0_2099.jpeg,Healthy,excluded_pattern,,
ethiopian cofee leaf dataset/train aug/Healthy/aug_0_2100.jpeg,Healthy,excluded_pattern,,
ethiopian cofee leaf dataset/train aug/Healthy/aug_0_2101.jpeg,Healthy,excluded_pattern,,
ethiopian cofee leaf dataset/train aug/Healthy/aug_0_2105.jpeg,Healthy,excluded_pattern,,
ethiopian cofee leaf dataset/train aug/Healthy/aug_0_2106.jpeg,Healthy,excluded_pattern,,
ethiopian cofee leaf dataset/train aug/Healthy/aug_0_2109.jpeg,Healthy,excluded_pattern,,
ethiopian cofee leaf dataset/train aug/Healthy/aug_0_211.jpeg,Healthy,excluded_pattern,,
ethiopian cofee leaf dataset/train aug/Healthy/aug_0_2111.jpeg,Healthy,excluded_pattern,,
ethiopian cofee leaf dataset/train aug/Healthy/aug_0_2112.jpeg,Healthy,excluded_pattern,,
ethiopian cofee leaf dataset/train aug/Healthy/aug_0_2117.jpeg,Healthy,excluded_pattern,,
ethiopian cofee leaf dataset/train aug/Healthy/aug_0_212.jpeg,Healthy,excluded_pattern,,
ethiopian cofee leaf dataset/train aug/Healthy/aug_0_2123.jpeg,Healthy,excluded_pattern,,
ethiopian cofee leaf dataset/train aug/Healthy/aug_0_2125.jpeg,Healthy,excluded_pattern,,
ethiopian cofee leaf dataset/train aug/Healthy/aug_0_2126.jpeg,Healthy,excluded_pattern,,
ethiopian cofee leaf dataset/train aug/Healthy/aug_0_213.jpeg,Healthy,excluded_pattern,,
ethiopian cofee leaf dataset/train aug/Healthy/aug_0_2131.jpeg,Healthy,excluded_pattern,,
ethiopian cofee leaf dataset/train aug/Healthy/aug_0_2137.jpeg,Healthy,excluded_pattern,,
ethiopian cofee leaf dataset/train aug/Healthy/aug_0_214.jpeg,Healthy,excluded_pattern,,
ethiopian cofee leaf dataset/train aug/Healthy/aug_0_2140.jpeg,Healthy,excluded_pattern,,
ethiopian cofee leaf dataset/train aug/Healthy/aug_0_2141.jpeg,Healthy,excluded_pattern,,
ethiopian cofee leaf dataset/train aug/Healthy/aug_0_2142.jpeg,Healthy,excluded_pattern,,
ethiopian cofee leaf dataset/train aug/Healthy/aug_0_2147.jpeg,Healthy,excluded_pattern,,
ethiopian cofee leaf dataset/train aug/Healthy/aug_0_215.jpeg,Healthy,excluded_pattern,,
ethiopian cofee leaf dataset/train aug/Healthy/aug_0_2152.jpeg,Healthy,excluded_pattern,,
ethiopian cofee leaf dataset/train aug/Healthy/aug_0_2155.jpeg,Healthy,excluded_pattern,,
ethiopian cofee leaf dataset/train aug/Healthy/aug_0_2164.jpeg,Healthy,excluded_pattern,,
ethiopian cofee leaf dataset/train aug/Healthy/aug_0_2167.jpeg,Healthy,excluded_pattern,,
ethiopian cofee leaf dataset/train aug/Healthy/aug_0_2169.jpeg,Healthy,excluded_pattern,,
ethiopian cofee leaf dataset/train aug/Healthy/aug_0_2170.jpeg,Healthy,excluded_pattern,,
ethiopian cofee leaf dataset/train aug/Healthy/aug_0_2174.jpeg,Healthy,excluded_pattern,,
ethiopian cofee leaf dataset/train aug/Healthy/aug_0_2176.jpeg,Healthy,excluded_pattern,,
ethiopian cofee leaf dataset/train aug/Healthy/aug_0_2177.jpeg,Healthy,excluded_pattern,,
ethiopian cofee leaf dataset/train aug/Healthy/aug_0_2182.jpeg,Healthy,excluded_pattern,,
ethiopian cofee leaf dataset/train aug/Healthy/aug_0_2183.jpeg,Healthy,excluded_pattern,,
ethiopian cofee leaf dataset/train aug/Healthy/aug_0_2185.jpeg,Healthy,excluded_pattern,,
ethiopian cofee leaf dataset/train aug/Healthy/aug_0_2187.jpeg,Healthy,excluded_pattern,,
ethiopian cofee leaf dataset/train aug/Healthy/aug_0_2197.jpeg,Healthy,excluded_pattern,,
ethiopian cofee leaf dataset/train aug/Healthy/aug_0_2200.jpeg,Healthy,excluded_pattern,,
ethiopian cofee leaf dataset/train aug/Healthy/aug_0_2203.jpeg,Healthy,excluded_pattern,,
ethiopian cofee leaf dataset/train aug/Healthy/aug_0_2206.jpeg,Healthy,excluded_pattern,,
ethiopian cofee leaf dataset/train aug/Healthy/aug_0_2212.jpeg,Healthy,excluded_pattern,,
ethiopian cofee leaf dataset/train aug/Healthy/aug_0_2219.jpeg,Healthy,excluded_pattern,,
ethiopian cofee leaf dataset/train aug/Healthy/aug_0_2220.jpeg,Healthy,excluded_pattern,,
ethiopian cofee leaf dataset/train aug/Healthy/aug_0_2225.jpeg,Healthy,excluded_pattern,,
ethiopian cofee leaf dataset/train aug/Healthy/aug_0_2229.jpeg,Healthy,excluded_pattern,,
ethiopian cofee leaf dataset/train aug/Healthy/aug_0_2230.jpeg,Healthy,excluded_pattern,,
ethiopian cofee leaf dataset/train aug/Healthy/aug_0_2231.jpeg,Healthy,excluded_pattern,,
ethiopian cofee leaf dataset/train aug/Healthy/aug_0_2234.jpeg,Healthy,excluded_pattern,,
ethiopian cofee leaf dataset/train aug/Healthy/aug_0_2236.jpeg,Healthy,excluded_pattern,,
ethiopian cofee leaf dataset/train aug/Healthy/aug_0_2239.jpeg,Healthy,excluded_pattern,,
ethiopian cofee leaf dataset/train aug/Healthy/aug_0_2248.jpeg,Healthy,excluded_pattern,,
ethiopian cofee leaf dataset/train aug/Healthy/aug_0_2249.jpeg,Healthy,excluded_pattern,,
ethiopian cofee leaf dataset/train aug/Healthy/aug_0_2252.jpeg,Healthy,excluded_pattern,,
ethiopian cofee leaf dataset/train aug/Healthy/aug_0_2254.jpeg,Healthy,excluded_pattern,,
ethiopian cofee leaf dataset/train aug/Healthy/aug_0_2256.jpeg,Healthy,excluded_pattern,,
ethiopian cofee leaf dataset/train aug/Healthy/aug_0_2257.jpeg,Healthy,excluded_pattern,,
ethiopian cofee leaf dataset/train aug/Healthy/aug_0_226.jpeg,Healthy,excluded_pattern,,
ethiopian cofee leaf dataset/train aug/Healthy/aug_0_2260.jpeg,Healthy,excluded_pattern,,
ethiopian cofee leaf dataset/train aug/Healthy/aug_0_2261.jpeg,Healthy,excluded_pattern,,
ethiopian cofee leaf dataset/train aug/Healthy/aug_0_2262.jpeg,Healthy,excluded_pattern,,
ethiopian cofee leaf dataset/train aug/Healthy/aug_0_2264.jpeg,Healthy,excluded_pattern,,
ethiopian cofee leaf dataset/train aug/Healthy/aug_0_2265.jpeg,Healthy,excluded_pattern,,
ethiopian cofee leaf dataset/train aug/Healthy/aug_0_2270.jpeg,Healthy,excluded_pattern,,
ethiopian cofee leaf dataset/train aug/Healthy/aug_0_2272.jpeg,Healthy,excluded_pattern,,
ethiopian cofee leaf dataset/train aug/Healthy/aug_0_2278.jpeg,Healthy,excluded_pattern,,
ethiopian cofee leaf dataset/train aug/Healthy/aug_0_2282.jpeg,Healthy,excluded_pattern,,
ethiopian cofee leaf dataset/train aug/Healthy/aug_0_2284.jpeg,Healthy,excluded_pattern,,
ethiopian cofee leaf dataset/train aug/Healthy/aug_0_2285.jpeg,Healthy,excluded_pattern,,
ethiopian cofee leaf dataset/train aug/Healthy/aug_0_229.jpeg,Healthy,excluded_pattern,,
ethiopian cofee leaf dataset/train aug/Healthy/aug_0_2293.jpeg,Healthy,excluded_pattern,,
ethiopian cofee leaf dataset/train aug/Healthy/aug_0_2295.jpeg,Healthy,excluded_pattern,,
ethiopian cofee leaf dataset/train aug/Healthy/aug_0_2297.jpeg,Healthy,excluded_pattern,,
ethiopian cofee leaf dataset/train aug/Healthy/aug_0_2299.jpeg,Healthy,excluded_pattern,,
ethiopian cofee leaf dataset/train aug/Healthy/aug_0_23.jpeg,Healthy,excluded_pattern,,
ethiopian cofee leaf dataset/train aug/Healthy/aug_0_2301.jpeg,Healthy,excluded_pattern,,
ethiopian cofee leaf dataset/train aug/Healthy/aug_0_231.jpeg,Healthy,excluded_pattern,,
ethiopian cofee leaf dataset/train aug/Healthy/aug_0_2312.jpeg,Healthy,excluded_pattern,,
ethiopian cofee leaf dataset/train aug/Healthy/aug_0_2314.jpeg,Healthy,excluded_pattern,,
ethiopian cofee leaf dataset/train aug/Healthy/aug_0_2316.jpeg,Healthy,excluded_pattern,,
ethiopian cofee leaf dataset/train aug/Healthy/aug_0_2317.jpeg,Healthy,excluded_pattern,,
ethiopian cofee leaf dataset/train aug/Healthy/aug_0_2319.jpeg,Healthy,excluded_pattern,,
ethiopian cofee leaf dataset/train aug/Healthy/aug_0_2320.jpeg,Healthy,excluded_pattern,,
ethiopian cofee leaf dataset/train aug/Healthy/aug_0_2322.jpeg,Healthy,excluded_pattern,,
ethiopian cofee leaf dataset/train aug/Healthy/aug_0_2327.jpeg,Healthy,excluded_pattern,,
ethiopian cofee leaf dataset/train aug/Healthy/aug_0_2328.jpeg,Healthy,excluded_pattern,,
ethiopian cofee leaf dataset/train aug/Healthy/aug_0_2333.jpeg,Healthy,excluded_pattern,,
ethiopian cofee leaf dataset/train aug/Healthy/aug_0_2337.jpeg,Healthy,excluded_pattern,,
ethiopian cofee leaf dataset/train aug/Healthy/aug_0_2338.jpeg,Healthy,excluded_pattern,,
ethiopian cofee leaf dataset/train aug/Healthy/aug_0_2342.jpeg,Healthy,excluded_pattern,,
ethiopian cofee leaf dataset/train aug/Healthy/aug_0_2349.jpeg,Healthy,excluded_pattern,,
ethiopian cofee leaf dataset/train aug/Healthy/aug_0_2351.jpeg,Healthy,excluded_pattern,,
ethiopian cofee leaf dataset/train aug/Healthy/aug_0_2352.jpeg,Healthy,excluded_pattern,,
ethiopian cofee leaf dataset/train aug/Healthy/aug_0_2356.jpeg,Healthy,excluded_pattern,,
ethiopian cofee leaf dataset/train aug/Healthy/aug_0_2359.jpeg,Healthy,excluded_pattern,,
ethiopian cofee leaf dataset/train aug/Healthy/aug_0_2360.jpeg,Healthy,excluded_pattern,,
ethiopian cofee leaf dataset/train aug/Healthy/aug_0_2365.jpeg,Healthy,excluded_pattern,,
ethiopian cofee leaf dataset/train aug/Healthy/aug_0_2371.jpeg,Healthy,excluded_pattern,,
ethiopian cofee leaf dataset/train aug/Healthy/aug_0_2374.jpeg,Healthy,excluded_pattern,,
ethiopian cofee leaf dataset/train aug/Healthy/aug_0_238.jpeg,Healthy,excluded_pattern,,
ethiopian cofee leaf dataset/train aug/Healthy/aug_0_2380.jpeg,Healthy,excluded_pattern,,
ethiopian cofee leaf dataset/train aug/Healthy/aug_0_2383.jpeg,Healthy,excluded_pattern,,
ethiopian cofee leaf dataset/train aug/Healthy/aug_0_2384.jpeg,Healthy,excluded_pattern,,
ethiopian cofee leaf dataset/train aug/Healthy/aug_0_2386.jpeg,Healthy,excluded_pattern,,
ethiopian cofee leaf dataset/train aug/Healthy/aug_0_2388.jpeg,Healthy,excluded_pattern,,
ethiopian cofee leaf dataset/train aug/Healthy/aug_0_239.jpeg,Healthy,excluded_pattern,,
ethiopian cofee leaf dataset/train aug/Healthy/aug_0_2399.jpeg,Healthy,excluded_pattern,,
ethiopian cofee leaf dataset/train aug/Healthy/aug_0_2406.jpeg,Healthy,excluded_pattern,,
ethiopian cofee leaf dataset/train aug/Healthy/aug_0_2410.jpeg,Healthy,excluded_pattern,,
ethiopian cofee leaf dataset/train aug/Healthy/aug_0_2412.jpeg,Healthy,excluded_pattern,,
ethiopian cofee leaf dataset/train aug/Healthy/aug_0_2413.jpeg,Healthy,excluded_pattern,,
ethiopian cofee leaf dataset/train aug/Healthy/aug_0_2421.jpeg,Healthy,excluded_pattern,,
ethiopian cofee leaf dataset/train aug/Healthy/aug_0_2429.jpeg,Healthy,excluded_pattern,,
ethiopian cofee leaf dataset/train aug/Healthy/aug_0_2431.jpeg,Healthy,excluded_pattern,,
ethiopian cofee leaf dataset/train aug/Healthy/aug_0_2436.jpeg,Healthy,excluded_pattern,,
ethiopian cofee leaf dataset/train aug/Healthy/aug_0_2443.jpeg,Healthy,excluded_pattern,,
ethiopian cofee leaf dataset/train aug/Healthy/aug_0_2450.jpeg,Healthy,excluded_pattern,,
ethiopian cofee leaf dataset/train aug/Healthy/aug_0_2454.jpeg,Healthy,excluded_pattern,,
ethiopian cofee leaf dataset/train aug/Healthy/aug_0_2456.jpeg,Healthy,excluded_pattern,,
ethiopian cofee leaf dataset/train aug/Healthy/aug_0_2459.jpeg,Healthy,excluded_pattern,,
ethiopian cofee leaf dataset/train aug/Healthy/aug_0_2462.jpeg,Healthy,excluded_pattern,,
ethiopian cofee leaf dataset/train aug/Healthy/aug_0_2463.jpeg,Healthy,excluded_pattern,,
ethiopian cofee leaf dataset/train aug/Healthy/aug_0_2465.jpeg,Healthy,excluded_pattern,,
ethiopian cofee leaf dataset/train aug/Healthy/aug_0_2466.jpeg,Healthy,excluded_pattern,,
ethiopian cofee leaf dataset/train aug/Healthy/aug_0_2470.jpeg,Healthy,excluded_pattern,,
ethiopian cofee leaf dataset/train aug/Healthy/aug_0_2473.jpeg,Healthy,excluded_pattern,,
ethiopian cofee leaf dataset/train aug/Healthy/aug_0_2474.jpeg,Healthy,excluded_pattern,,
ethiopian cofee leaf dataset/train aug/Healthy/aug_0_2475.jpeg,Healthy,excluded_pattern,,
ethiopian cofee leaf dataset/train aug/Healthy/aug_0_2479.jpeg,Healthy,excluded_pattern,,
ethiopian cofee leaf dataset/train aug/Healthy/aug_0_2484.jpeg,Healthy,excluded_pattern,,
ethiopian cofee leaf dataset/train aug/Healthy/aug_0_2487.jpeg,Healthy,excluded_pattern,,
ethiopian cofee leaf dataset/train aug/Healthy/aug_0_2488.jpeg,Healthy,excluded_pattern,,
ethiopian cofee leaf dataset/train aug/Healthy/aug_0_2490.jpeg,Healthy,excluded_pattern,,
ethiopian cofee leaf dataset/train aug/Healthy/aug_0_2492.jpeg,Healthy,excluded_pattern,,
ethiopian cofee leaf dataset/train aug/Healthy/aug_0_2496.jpeg,Healthy,excluded_pattern,,
ethiopian cofee leaf dataset/train aug/Healthy/aug_0_2499.jpeg,Healthy,excluded_pattern,,
ethiopian cofee leaf dataset/train aug/Healthy/aug_0_25.jpeg,Healthy,excluded_pattern,,
ethiopian cofee leaf dataset/train aug/Healthy/aug_0_2501.jpeg,Healthy,excluded_pattern,,
ethiopian cofee leaf dataset/train aug/Healthy/aug_0_2503.jpeg,Healthy,excluded_pattern,,
ethiopian cofee leaf dataset/train aug/Healthy/aug_0_2505.jpeg,Healthy,excluded_pattern,,
ethiopian cofee leaf dataset/train aug/Healthy/aug_0_2507.jpeg,Healthy,excluded_pattern,,
ethiopian cofee leaf dataset/train aug/Healthy/aug_0_2508.jpeg,Healthy,excluded_pattern,,
ethiopian cofee leaf dataset/train aug/Healthy/aug_0_2513.jpeg,Healthy,excluded_pattern,,
ethiopian cofee leaf dataset/train aug/Healthy/aug_0_2516.jpeg,Healthy,excluded_pattern,,
ethiopian cofee leaf dataset/train aug/Healthy/aug_0_2520.jpeg,Healthy,excluded_pattern,,
ethiopian cofee leaf dataset/train aug/Healthy/aug_0_2521.jpeg,Healthy,excluded_pattern,,
ethiopian cofee leaf dataset/train aug/Healthy/aug_0_2522.jpeg,Healthy,excluded_pattern,,
ethiopian cofee leaf dataset/train aug/Healthy/aug_0_2526.jpeg,Healthy,excluded_pattern,,
ethiopian cofee leaf dataset/train aug/Healthy/aug_0_2527.jpeg,Healthy,excluded_pattern,,
ethiopian cofee leaf dataset/train aug/Healthy/aug_0_2531.jpeg,Healthy,excluded_pattern,,
ethiopian cofee leaf dataset/train aug/Healthy/aug_0_2532.jpeg,Healthy,excluded_pattern,,
ethiopian cofee leaf dataset/train aug/Healthy/aug_0_2533.jpeg,Healthy,excluded_pattern,,
ethiopian cofee leaf dataset/train aug/Healthy/aug_0_2540.jpeg,Healthy,excluded_pattern,,
ethiopian cofee leaf dataset/train aug/Healthy/aug_0_2542.jpeg,Healthy,excluded_pattern,,
ethiopian cofee leaf dataset/train aug/Healthy/aug_0_2545.jpeg,Healthy,excluded_pattern,,
ethiopian cofee leaf dataset/train aug/Healthy/aug_0_2548.jpeg,Healthy,excluded_pattern,,
ethiopian cofee leaf dataset/train aug/Healthy/aug_0_255.jpeg,Healthy,excluded_pattern,,
ethiopian cofee leaf dataset/train aug/Healthy/aug_0_2552.jpeg,Healthy,excluded_pattern,,
ethiopian cofee leaf dataset/train aug/Healthy/aug_0_2553.jpeg,Healthy,excluded_pattern,,
ethiopian cofee leaf dataset/train aug/Healthy/aug_0_2557.jpeg,Healthy,excluded_pattern,,
ethiopian cofee leaf dataset/train aug/Healthy/aug_0_2558.jpeg,Healthy,excluded_pattern,,
ethiopian cofee leaf dataset/train aug/Healthy/aug_0_2559.jpeg,Healthy,excluded_pattern,,
ethiopian cofee leaf dataset/train aug/Healthy/aug_0_256.jpeg,Healthy,excluded_pattern,,
ethiopian cofee leaf dataset/train aug/Healthy/aug_0_2564.jpeg,Healthy,excluded_pattern,,
ethiopian cofee leaf dataset/train aug/Healthy/aug_0_2566.jpeg,Healthy,excluded_pattern,,
ethiopian cofee leaf dataset/train aug/Healthy/aug_0_2570.jpeg,Healthy,excluded_pattern,,
ethiopian cofee leaf dataset/train aug/Healthy/aug_0_2571.jpeg,Healthy,excluded_pattern,,
ethiopian cofee leaf dataset/train aug/Healthy/aug_0_2577.jpeg,Healthy,excluded_pattern,,
ethiopian cofee leaf dataset/train aug/Healthy/aug_0_2579.jpeg,Healthy,excluded_pattern,,
ethiopian cofee leaf dataset/train aug/Healthy/aug_0_258.jpeg,Healthy,excluded_pattern,,
ethiopian cofee leaf dataset/train aug/Healthy/aug_0_2587.jpeg,Healthy,excluded_pattern,,
ethiopian cofee leaf dataset/train aug/Healthy/aug_0_259.jpeg,Healthy,excluded_pattern,,
ethiopian cofee leaf dataset/train aug/Healthy/aug_0_2596.jpeg,Healthy,excluded_pattern,,
ethiopian cofee leaf dataset/train aug/Healthy/aug_0_2597.jpeg,Healthy,excluded_pattern,,
ethiopian cofee leaf dataset/train aug/Healthy/aug_0_2599.jpeg,Healthy,excluded_pattern,,
ethiopian cofee leaf dataset/train aug/Healthy/aug_0_26.jpeg,Healthy,excluded_pattern,,
ethiopian cofee leaf dataset/train aug/Healthy/aug_0_2601.jpeg,Healthy,excluded_pattern,,
ethiopian cofee leaf dataset/train aug/Healthy/aug_0_2603.jpeg,Healthy,excluded_pattern,,
ethiopian cofee leaf dataset/train aug/Healthy/aug_0_2606.jpeg,Healthy,excluded_pattern,,
ethiopian cofee leaf dataset/train aug/Healthy/aug_0_2607.jpeg,Healthy,excluded_pattern,,
ethiopian cofee leaf dataset/train aug/Healthy/aug_0_2609.jpeg,Healthy,excluded_pattern,,
ethiopian cofee leaf dataset/train aug/Healthy/aug_0_2610.jpeg,Healthy,excluded_pattern,,
ethiopian cofee leaf dataset/train aug/Healthy/aug_0_2611.jpeg,Healthy,excluded_pattern,,
ethiopian cofee leaf dataset/train aug/Healthy/aug_0_2613.jpeg,Healthy,excluded_pattern,,
ethiopian cofee leaf dataset/train aug/Healthy/aug_0_262.jpeg,Healthy,excluded_pattern,,
ethiopian cofee leaf dataset/train aug/Healthy/aug_0_2621.jpeg,Healthy,excluded_pattern,,
ethiopian cofee leaf dataset/train aug/Healthy/aug_0_2630.jpeg,Healthy,excluded_pattern,,
ethiopian cofee leaf dataset/train aug/Healthy/aug_0_2635.jpeg,Healthy,excluded_pattern,,
ethiopian cofee leaf dataset/train aug/Healthy/aug_0_2642.jpeg,Healthy,excluded_pattern,,
ethiopian cofee leaf dataset/train aug/Healthy/aug_0_265.jpeg,Healthy,excluded_pattern,,
ethiopian cofee leaf dataset/train aug/Healthy/aug_0_2650.jpeg,Healthy,excluded_pattern,,
ethiopian cofee leaf dataset/train aug/Healthy/aug_0_2653.jpeg,Healthy,excluded_pattern,,
ethiopian cofee leaf dataset/train aug/Healthy/aug_0_2654.jpeg,Healthy,excluded_pattern,,
ethiopian cofee leaf dataset/train aug/Healthy/aug_0_2661.jpeg,Healthy,excluded_pattern,,
ethiopian cofee leaf dataset/train aug/Healthy/aug_0_2662.jpeg,Healthy,excluded_pattern,,
ethiopian cofee leaf dataset/train aug/Healthy/aug_0_2663.jpeg,Healthy,excluded_pattern,,
ethiopian cofee leaf dataset/train aug/Healthy/aug_0_2669.jpeg,Healthy,excluded_pattern,,
ethiopian cofee leaf dataset/train aug/Healthy/aug_0_2672.jpeg,Healthy,excluded_pattern,,
ethiopian cofee leaf dataset/train aug/Healthy/aug_0_2675.jpeg,Healthy,excluded_pattern,,
ethiopian cofee leaf dataset/train aug/Healthy/aug_0_2676.jpeg,Healthy,excluded_pattern,,
ethiopian cofee leaf dataset/train aug/Healthy/aug_0_2678.jpeg,Healthy,excluded_pattern,,
ethiopian cofee leaf dataset/train aug/Healthy/aug_0_2679.jpeg,Healthy,excluded_pattern,,
ethiopian cofee leaf dataset/train aug/Healthy/aug_0_2680.jpeg,Healthy,excluded_pattern,,
ethiopian cofee leaf dataset/train aug/Healthy/aug_0_2682.jpeg,Healthy,excluded_pattern,,
ethiopian cofee leaf dataset/train aug/Healthy/aug_0_2684.jpeg,Healthy,excluded_pattern,,
ethiopian cofee leaf dataset/train aug/Healthy/aug_0_2685.jpeg,Healthy,excluded_pattern,,
ethiopian cofee leaf dataset/train aug/Healthy/aug_0_2693.jpeg,Healthy,excluded_pattern,,
ethiopian cofee leaf dataset/train aug/Healthy/aug_0_2696.jpeg,Healthy,excluded_pattern,,
ethiopian cofee leaf dataset/train aug/Healthy/aug_0_2697.jpeg,Healthy,excluded_pattern,,
ethiopian cofee leaf dataset/train aug/Healthy/aug_0_2698.jpeg,Healthy,excluded_pattern,,
ethiopian cofee leaf dataset/train aug/Healthy/aug_0_2701.jpeg,Healthy,excluded_pattern,,
ethiopian cofee leaf dataset/train aug/Healthy/aug_0_2705.jpeg,Healthy,excluded_pattern,,
ethiopian cofee leaf dataset/train aug/Healthy/aug_0_2711.jpeg,Healthy,excluded_pattern,,
ethiopian cofee leaf dataset/train aug/Healthy/aug_0_2714.jpeg,Healthy,excluded_pattern,,
ethiopian cofee leaf dataset/train aug/Healthy/aug_0_2717.jpeg,Healthy,excluded_pattern,,
ethiopian cofee leaf dataset/train aug/Healthy/aug_0_272.jpeg,Healthy,excluded_pattern,,
ethiopian cofee leaf dataset/train aug/Healthy/aug_0_2724.jpeg,Healthy,excluded_pattern,,
ethiopian cofee leaf dataset/train aug/Healthy/aug_0_2729.jpeg,Healthy,excluded_pattern,,
ethiopian cofee leaf dataset/train aug/Healthy/aug_0_2731.jpeg,Healthy,excluded_pattern,,
ethiopian cofee leaf dataset/train aug/Healthy/aug_0_2732.jpeg,Healthy,excluded_pattern,,
ethiopian cofee leaf dataset/train aug/Healthy/aug_0_2733.jpeg,Healthy,excluded_pattern,,
ethiopian cofee leaf dataset/train aug/Healthy/aug_0_2737.jpeg,Healthy,excluded_pattern,,
ethiopian cofee leaf dataset/train aug/Healthy/aug_0_2739.jpeg,Healthy,excluded_pattern,,
ethiopian cofee leaf dataset/train aug/Healthy/aug_0_2741.jpeg,Healthy,excluded_pattern,,
ethiopian cofee leaf dataset/train aug/Healthy/aug_0_2745.jpeg,Healthy,excluded_pattern,,
ethiopian cofee leaf dataset/train aug/Healthy/aug_0_2746.jpeg,Healthy,excluded_pattern,,
ethiopian cofee leaf dataset/train aug/Healthy/aug_0_2748.jpeg,Healthy,excluded_pattern,,
ethiopian cofee leaf dataset/train aug/Healthy/aug_0_2754.jpeg,Healthy,excluded_pattern,,
ethiopian cofee leaf dataset/train aug/Healthy/aug_0_2755.jpeg,Healthy,excluded_pattern,,
ethiopian cofee leaf dataset/train aug/Healthy/aug_0_2756.jpeg,Healthy,excluded_pattern,,
ethiopian cofee leaf dataset/train aug/Healthy/aug_0_2760.jpeg,Healthy,excluded_pattern,,
ethiopian cofee leaf dataset/train aug/Healthy/aug_0_2764.jpeg,Healthy,excluded_pattern,,
ethiopian cofee leaf dataset/train aug/Healthy/aug_0_2767.jpeg,Healthy,excluded_pattern,,
ethiopian cofee leaf dataset/train aug/Healthy/aug_0_2768.jpeg,Healthy,excluded_pattern,,
ethiopian cofee leaf dataset/train aug/Healthy/aug_0_2770.jpeg,Healthy,excluded_pattern,,
ethiopian cofee leaf dataset/train aug/Healthy/aug_0_2772.jpeg,Healthy,excluded_pattern,,
ethiopian cofee leaf dataset/train aug/Healthy/aug_0_2774.jpeg,Healthy,excluded_pattern,,
ethiopian cofee leaf dataset/train aug/Healthy/aug_0_2783.jpeg,Healthy,excluded_pattern,,
ethiopian cofee leaf dataset/train aug/Healthy/aug_0_279.jpeg,Healthy,excluded_pattern,,
ethiopian cofee leaf dataset/train aug/Healthy/aug_0_2792.jpeg,Healthy,excluded_pattern,,
ethiopian cofee leaf dataset/train aug/Healthy/aug_0_2793.jpeg,Healthy,excluded_pattern,,
ethiopian cofee leaf dataset/train aug/Healthy/aug_0_2808.jpeg,Healthy,excluded_pattern,,
ethiopian cofee leaf dataset/train aug/Healthy/aug_0_2809.jpeg,Healthy,excluded_pattern,,
ethiopian cofee leaf dataset/train aug/Healthy/aug_0_2811.jpeg,Healthy,excluded_pattern,,
ethiopian cofee leaf dataset/train aug/Healthy/aug_0_2812.jpeg,Healthy,excluded_pattern,,
ethiopian cofee leaf dataset/train aug/Healthy/aug_0_2814.jpeg,Healthy,excluded_pattern,,
ethiopian cofee leaf dataset/train aug/Healthy/aug_0_2816.jpeg,Healthy,excluded_pattern,,
ethiopian cofee leaf dataset/train aug/Healthy/aug_0_2817.jpeg,Healthy,excluded_pattern,,
ethiopian cofee leaf dataset/train aug/Healthy/aug_0_2822.jpeg,Healthy,excluded_pattern,,
ethiopian cofee leaf dataset/train aug/Healthy/aug_0_2823.jpeg,Healthy,excluded_pattern,,
ethiopian cofee leaf dataset/train aug/Healthy/aug_0_2824.jpeg,Healthy,excluded_pattern,,
ethiopian cofee leaf dataset/train aug/Healthy/aug_0_2831.jpeg,Healthy,excluded_pattern,,
ethiopian cofee leaf dataset/train aug/Healthy/aug_0_2834.jpeg,Healthy,excluded_pattern,,
ethiopian cofee leaf dataset/train aug/Healthy/aug_0_2838.jpeg,Healthy,excluded_pattern,,
ethiopian cofee leaf dataset/train aug/Healthy/aug_0_2840.jpeg,Healthy,excluded_pattern,,
ethiopian cofee leaf dataset/train aug/Healthy/aug_0_2842.jpeg,Healthy,excluded_pattern,,
ethiopian cofee leaf dataset/train aug/Healthy/aug_0_2845.jpeg,Healthy,excluded_pattern,,
ethiopian cofee leaf dataset/train aug/Healthy/aug_0_2846.jpeg,Healthy,excluded_pattern,,
ethiopian cofee leaf dataset/train aug/Healthy/aug_0_2847.jpeg,Healthy,excluded_pattern,,
ethiopian cofee leaf dataset/train aug/Healthy/aug_0_2848.jpeg,Healthy,excluded_pattern,,
ethiopian cofee leaf dataset/train aug/Healthy/aug_0_285.jpeg,Healthy,excluded_pattern,,
ethiopian cofee leaf dataset/train aug/Healthy/aug_0_2854.jpeg,Healthy,excluded_pattern,,
ethiopian cofee leaf dataset/train aug/Healthy/aug_0_2858.jpeg,Healthy,excluded_pattern,,
ethiopian cofee leaf dataset/train aug/Healthy/aug_0_2861.jpeg,Healthy,excluded_pattern,,
ethiopian cofee leaf dataset/train aug/Healthy/aug_0_2862.jpeg,Healthy,excluded_pattern,,
ethiopian cofee leaf dataset/train aug/Healthy/aug_0_2863.jpeg,Healthy,excluded_pattern,,
ethiopian cofee leaf dataset/train aug/Healthy/aug_0_2864.jpeg,Healthy,excluded_pattern,,
ethiopian cofee leaf dataset/train aug/Healthy/aug_0_2873.jpeg,Healthy,excluded_pattern,,
ethiopian cofee leaf dataset/train aug/Healthy/aug_0_2876.jpeg,Healthy,excluded_pattern,,
ethiopian cofee leaf dataset/train aug/Healthy/aug_0_288.jpeg,Healthy,excluded_pattern,,
ethiopian cofee leaf dataset/train aug/Healthy/aug_0_2882.jpeg,Healthy,excluded_pattern,,
ethiopian cofee leaf dataset/train aug/Healthy/aug_0_2886.jpeg,Healthy,excluded_pattern,,
ethiopian cofee leaf dataset/train aug/Healthy/aug_0_2888.jpeg,Healthy,excluded_pattern,,
ethiopian cofee leaf dataset/train aug/Healthy/aug_0_289.jpeg,Healthy,excluded_pattern,,
ethiopian cofee leaf dataset/train aug/Healthy/aug_0_2891.jpeg,Healthy,excluded_pattern,,
ethiopian cofee leaf dataset/train aug/Healthy/aug_0_2892.jpeg,Healthy,excluded_pattern,,
ethiopian cofee leaf dataset/train aug/Healthy/aug_0_2895.jpeg,Healthy,excluded_pattern,,
ethiopian cofee leaf dataset/train aug/Healthy/aug_0_2899.jpeg,Healthy,excluded_pattern,,
ethiopian cofee leaf dataset/train aug/Healthy/aug_0_29.jpeg,Healthy,excluded_pattern,,
ethiopian cofee leaf dataset/train aug/Healthy/aug_0_290.jpeg,Healthy,excluded_pattern,,
ethiopian cofee leaf dataset/train aug/Healthy/aug_0_2900.jpeg,Healthy,excluded_pattern,,
ethiopian cofee leaf dataset/train aug/Healthy/aug_0_2902.jpeg,Healthy,excluded_pattern,,
ethiopian cofee leaf dataset/train aug/Healthy/aug_0_2904.jpeg,Healthy,excluded_pattern,,
ethiopian cofee leaf dataset/train aug/Healthy/aug_0_2908.jpeg,Healthy,excluded_pattern,,
ethiopian cofee leaf dataset/train aug/Healthy/aug_0_2910.jpeg,Healthy,excluded_pattern,,
ethiopian cofee leaf dataset/train aug/Healthy/aug_0_2914.jpeg,Healthy,excluded_pattern,,
ethiopian cofee leaf dataset/train aug/Healthy/aug_0_2916.jpeg,Healthy,excluded_pattern,,
ethiopian cofee leaf dataset/train aug/Healthy/aug_0_292.jpeg,Healthy,excluded_pattern,,
ethiopian cofee leaf dataset/train aug/Healthy/aug_0_2921.jpeg,Healthy,excluded_pattern,,
ethiopian cofee leaf dataset/train aug/Healthy/aug_0_2922.jpeg,Healthy,excluded_pattern,,
ethiopian cofee leaf dataset/train aug/Healthy/aug_0_2925.jpeg,Healthy,excluded_pattern,,
ethiopian cofee leaf dataset/train aug/Healthy/aug_0_293.jpeg,Healthy,excluded_pattern,,
ethiopian cofee leaf dataset/train aug/Healthy/aug_0_2930.jpeg,Healthy,excluded_pattern,,
ethiopian cofee leaf dataset/train aug/Healthy/aug_0_2936.jpeg,Healthy,excluded_pattern,,
ethiopian cofee leaf dataset/train aug/Healthy/aug_0_2940.jpeg,Healthy,excluded_pattern,,
ethiopian cofee leaf dataset/train aug/Healthy/aug_0_2945.jpeg,Healthy,excluded_pattern,,
ethiopian cofee leaf dataset/train aug/Healthy/aug_0_2946.jpeg,Healthy,excluded_pattern,,
ethiopian cofee leaf dataset/train aug/Healthy/aug_0_2950.jpeg,Healthy,excluded_pattern,,
ethiopian cofee leaf dataset/train aug/Healthy/aug_0_2952.jpeg,Healthy,excluded_pattern,,
ethiopian cofee leaf dataset/train aug/Healthy/aug_0_2958.jpeg,Healthy,excluded_pattern,,
ethiopian cofee leaf dataset/train aug/Healthy/aug_0_2964.jpeg,Healthy,excluded_pattern,,
ethiopian cofee leaf dataset/train aug/Healthy/aug_0_2965.jpeg,Healthy,excluded_pattern,,
ethiopian cofee leaf dataset/train aug/Healthy/aug_0_2966.jpeg,Healthy,excluded_pattern,,
ethiopian cofee leaf dataset/train aug/Healthy/aug_0_2967.jpeg,Healthy,excluded_pattern,,
ethiopian cofee leaf dataset/train aug/Healthy/aug_0_2969.jpeg,Healthy,excluded_pattern,,
ethiopian cofee leaf dataset/train aug/Healthy/aug_0_297.jpeg,Healthy,excluded_pattern,,
ethiopian cofee leaf dataset/train aug/Healthy/aug_0_2972.jpeg,Healthy,excluded_pattern,,
ethiopian cofee leaf dataset/train aug/Healthy/aug_0_2975.jpeg,Healthy,excluded_pattern,,
ethiopian cofee leaf dataset/train aug/Healthy/aug_0_2978.jpeg,Healthy,excluded_pattern,,
ethiopian cofee leaf dataset/train aug/Healthy/aug_0_298.jpeg,Healthy,excluded_pattern,,
ethiopian cofee leaf dataset/train aug/Healthy/aug_0_2980.jpeg,Healthy,excluded_pattern,,
ethiopian cofee leaf dataset/train aug/Healthy/aug_0_2984.jpeg,Healthy,excluded_pattern,,
ethiopian cofee leaf dataset/train aug/Healthy/aug_0_2986.jpeg,Healthy,excluded_pattern,,
ethiopian cofee leaf dataset/train aug/Healthy/aug_0_2989.jpeg,Healthy,excluded_pattern,,
ethiopian cofee leaf dataset/train aug/Healthy/aug_0_2993.jpeg,Healthy,excluded_pattern,,
ethiopian cofee leaf dataset/train aug/Healthy/aug_0_2994.jpeg,Healthy,excluded_pattern,,
ethiopian cofee leaf dataset/train aug/Healthy/aug_0_2996.jpeg,Healthy,excluded_pattern,,
ethiopian cofee leaf dataset/train aug/Healthy/aug_0_2999.jpeg,Healthy,excluded_pattern,,
ethiopian cofee leaf dataset/train aug/Healthy/aug_0_30.jpeg,Healthy,excluded_pattern,,
ethiopian cofee leaf dataset/train aug/Healthy/aug_0_3007.jpeg,Healthy,excluded_pattern,,
ethiopian cofee leaf dataset/train aug/Healthy/aug_0_3008.jpeg,Healthy,excluded_pattern,,
ethiopian cofee leaf dataset/train aug/Healthy/aug_0_3011.jpeg,Healthy,excluded_pattern,,
ethiopian cofee leaf dataset/train aug/Healthy/aug_0_3013.jpeg,Healthy,excluded_pattern,,
ethiopian cofee leaf dataset/train aug/Healthy/aug_0_3020.jpeg,Healthy,excluded_pattern,,
ethiopian cofee leaf dataset/train aug/Healthy/aug_0_3027.jpeg,Healthy,excluded_pattern,,
ethiopian cofee leaf dataset/train aug/Healthy/aug_0_3028.jpeg,Healthy,excluded_pattern,,
ethiopian cofee leaf dataset/train aug/Healthy/aug_0_303.jpeg,Healthy,excluded_pattern,,
ethiopian cofee leaf dataset/train aug/Healthy/aug_0_3032.jpeg,Healthy,excluded_pattern,,
ethiopian cofee leaf dataset/train aug/Healthy/aug_0_3033.jpeg,Healthy,excluded_pattern,,
ethiopian cofee leaf dataset/train aug/Healthy/aug_0_3035.jpeg,Healthy,excluded_pattern,,
ethiopian cofee leaf dataset/train aug/Healthy/aug_0_304.jpeg,Healthy,excluded_pattern,,
ethiopian cofee leaf dataset/train aug/Healthy/aug_0_3047.jpeg,Healthy,excluded_pattern,,
ethiopian cofee leaf dataset/train aug/Healthy/aug_0_305.jpeg,Healthy,excluded_pattern,,
ethiopian cofee leaf dataset/train aug/Healthy/aug_0_3052.jpeg,Healthy,excluded_pattern,,
ethiopian cofee leaf dataset/train aug/Healthy/aug_0_306.jpeg,Healthy,excluded_pattern,,
ethiopian cofee leaf dataset/train aug/Healthy/aug_0_3060.jpeg,Healthy,excluded_pattern,,
ethiopian cofee leaf dataset/train aug/Healthy/aug_0_3063.jpeg,Healthy,excluded_pattern,,
ethiopian cofee leaf dataset/train aug/Healthy/aug_0_3066.jpeg,Healthy,excluded_pattern,,
ethiopian cofee leaf dataset/train aug/Healthy/aug_0_3071.jpeg,Healthy,excluded_pattern,,
ethiopian cofee leaf dataset/train aug/Healthy/aug_0_3073.jpeg,Healthy,excluded_pattern,,
ethiopian cofee leaf dataset/train aug/Healthy/aug_0_3075.jpeg,Healthy,excluded_pattern,,
ethiopian cofee leaf dataset/train aug/Healthy/aug_0_3076.jpeg,Healthy,excluded_pattern,,
ethiopian cofee leaf dataset/train aug/Healthy/aug_0_3077.jpeg,Healthy,excluded_pattern,,
ethiopian cofee leaf dataset/train aug/Healthy/aug_0_3079.jpeg,Healthy,excluded_pattern,,
ethiopian cofee leaf dataset/train aug/Healthy/aug_0_3083.jpeg,Healthy,excluded_pattern,,
ethiopian cofee leaf dataset/train aug/Healthy/aug_0_3088.jpeg,Healthy,excluded_pattern,,
ethiopian cofee leaf dataset/train aug/Healthy/aug_0_3094.jpeg,Healthy,excluded_pattern,,
ethiopian cofee leaf dataset/train aug/Healthy/aug_0_31.jpeg,Healthy,excluded_pattern,,
ethiopian cofee leaf dataset/train aug/Healthy/aug_0_310.jpeg,Healthy,excluded_pattern,,
ethiopian cofee leaf dataset/train aug/Healthy/aug_0_3106.jpeg,Healthy,excluded_pattern,,
ethiopian cofee leaf dataset/train aug/Healthy/aug_0_311.jpeg,Healthy,excluded_pattern,,
ethiopian cofee leaf dataset/train aug/Healthy/aug_0_3112.jpeg,Healthy,excluded_pattern,,
ethiopian cofee leaf dataset/train aug/Healthy/aug_0_3114.jpeg,Healthy,excluded_pattern,,
ethiopian cofee leaf dataset/train aug/Healthy/aug_0_3115.jpeg,Healthy,excluded_pattern,,
ethiopian cofee leaf dataset/train aug/Healthy/aug_0_3119.jpeg,Healthy,excluded_pattern,,
ethiopian cofee leaf dataset/train aug/Healthy/aug_0_312.jpeg,Healthy,excluded_pattern,,
ethiopian cofee leaf dataset/train aug/Healthy/aug_0_3126.jpeg,Healthy,excluded_pattern,,
ethiopian cofee leaf dataset/train aug/Healthy/aug_0_3129.jpeg,Healthy,excluded_pattern,,
ethiopian cofee leaf dataset/train aug/Healthy/aug_0_3134.jpeg,Healthy,excluded_pattern,,
ethiopian cofee leaf dataset/train aug/Healthy/aug_0_3138.jpeg,Healthy,excluded_pattern,,
ethiopian cofee leaf dataset/train aug/Healthy/aug_0_3139.jpeg,Healthy,excluded_pattern,,
ethiopian cofee leaf dataset/train aug/Healthy/aug_0_314.jpeg,Healthy,excluded_pattern,,
ethiopian cofee leaf dataset/train aug/Healthy/aug_0_3141.jpeg,Healthy,excluded_pattern,,
ethiopian cofee leaf dataset/train aug/Healthy/aug_0_3142.jpeg,Healthy,excluded_pattern,,
ethiopian cofee leaf dataset/train aug/Healthy/aug_0_315.jpeg,Healthy,excluded_pattern,,
ethiopian cofee leaf dataset/train aug/Healthy/aug_0_3153.jpeg,Healthy,excluded_pattern,,
ethiopian cofee leaf dataset/train aug/Healthy/aug_0_3154.jpeg,Healthy,excluded_pattern,,
ethiopian cofee leaf dataset/train aug/Healthy/aug_0_3155.jpeg,Healthy,excluded_pattern,,
ethiopian cofee leaf dataset/train aug/Healthy/aug_0_3160.jpeg,Healthy,excluded_pattern,,
ethiopian cofee leaf dataset/train aug/Healthy/aug_0_3165.jpeg,Healthy,excluded_pattern,,
ethiopian cofee leaf dataset/train aug/Healthy/aug_0_3166.jpeg,Healthy,excluded_pattern,,
ethiopian cofee leaf dataset/train aug/Healthy/aug_0_3168.jpeg,Healthy,excluded_pattern,,
ethiopian cofee leaf dataset/train aug/Healthy/aug_0_3171.jpeg,Healthy,excluded_pattern,,
ethiopian cofee leaf dataset/train aug/Healthy/aug_0_3174.jpeg,Healthy,excluded_pattern,,
ethiopian cofee leaf dataset/train aug/Healthy/aug_0_3175.jpeg,Healthy,excluded_pattern,,
ethiopian cofee leaf dataset/train aug/Healthy/aug_0_3178.jpeg,Healthy,excluded_pattern,,
ethiopian cofee leaf dataset/train aug/Healthy/aug_0_3179.jpeg,Healthy,excluded_pattern,,
ethiopian cofee leaf dataset/train aug/Healthy/aug_0_3182.jpeg,Healthy,excluded_pattern,,
ethiopian cofee leaf dataset/train aug/Healthy/aug_0_3192.jpeg,Healthy,excluded_pattern,,
ethiopian cofee leaf dataset/train aug/Healthy/aug_0_3193.jpeg,Healthy,excluded_pattern,,
ethiopian cofee leaf dataset/train aug/Healthy/aug_0_3197.jpeg,Healthy,excluded_pattern,,
ethiopian cofee leaf dataset/train aug/Healthy/aug_0_32.jpeg,Healthy,excluded_pattern,,
ethiopian cofee leaf dataset/train aug/Healthy/aug_0_3201.jpeg,Healthy,excluded_pattern,,
ethiopian cofee leaf dataset/train aug/Healthy/aug_0_3202.jpeg,Healthy,excluded_pattern,,
ethiopian cofee leaf dataset/train aug/Healthy/aug_0_3205.jpeg,Healthy,excluded_pattern,,
ethiopian cofee leaf dataset/train aug/Healthy/aug_0_321.jpeg,Healthy,excluded_pattern,,
ethiopian cofee leaf dataset/train aug/Healthy/aug_0_3214.jpeg,Healthy,excluded_pattern,,
ethiopian cofee leaf dataset/train aug/Healthy/aug_0_3215.jpeg,Healthy,excluded_pattern,,
ethiopian cofee leaf dataset/train aug/Healthy/aug_0_3216.jpeg,Healthy,excluded_pattern,,
ethiopian cofee leaf dataset/train aug/Healthy/aug_0_3217.jpeg,Healthy,excluded_pattern,,
ethiopian cofee leaf dataset/train aug/Healthy/aug_0_3218.jpeg,Healthy,excluded_pattern,,
ethiopian cofee leaf dataset/train aug/Healthy/aug_0_322.jpeg,Healthy,excluded_pattern,,
ethiopian cofee leaf dataset/train aug/Healthy/aug_0_3228.jpeg,Healthy,excluded_pattern,,
ethiopian cofee leaf dataset/train aug/Healthy/aug_0_3230.jpeg,Healthy,excluded_pattern,,
ethiopian cofee leaf dataset/train aug/Healthy/aug_0_3232.jpeg,Healthy,excluded_pattern,,
ethiopian cofee leaf dataset/train aug/Healthy/aug_0_3233.jpeg,Healthy,excluded_pattern,,
ethiopian cofee leaf dataset/train aug/Healthy/aug_0_3235.jpeg,Healthy,excluded_pattern,,
ethiopian cofee leaf dataset/train aug/Healthy/aug_0_3239.jpeg,Healthy,excluded_pattern,,
ethiopian cofee leaf dataset/train aug/Healthy/aug_0_327.jpeg,Healthy,excluded_pattern,,
ethiopian cofee leaf dataset/train aug/Healthy/aug_0_329.jpeg,Healthy,excluded_pattern,,
ethiopian cofee leaf dataset/train aug/Healthy/aug_0_33.jpeg,Healthy,excluded_pattern,,
ethiopian cofee leaf dataset/train aug/Healthy/aug_0_331.jpeg,Healthy,excluded_pattern,,
ethiopian cofee leaf dataset/train aug/Healthy/aug_0_332.jpeg,Healthy,excluded_pattern,,
ethiopian cofee leaf dataset/train aug/Healthy/aug_0_335.jpeg,Healthy,excluded_pattern,,
ethiopian cofee leaf dataset/train aug/Healthy/aug_0_336.jpeg,Healthy,excluded_pattern,,
ethiopian cofee leaf dataset/train aug/Healthy/aug_0_337.jpeg,Healthy,excluded_pattern,,
ethiopian cofee leaf dataset/train aug/Healthy/aug_0_340.jpeg,Healthy,excluded_pattern,,
ethiopian cofee leaf dataset/train aug/Healthy/aug_0_343.jpeg,Healthy,excluded_pattern,,
ethiopian cofee leaf dataset/train aug/Healthy/aug_0_345.jpeg,Healthy,excluded_pattern,,
ethiopian cofee leaf dataset/train aug/Healthy/aug_0_348.jpeg,Healthy,excluded_pattern,,
ethiopian cofee leaf dataset/train aug/Healthy/aug_0_358.jpeg,Healthy,excluded_pattern,,
ethiopian cofee leaf dataset/train aug/Healthy/aug_0_360.jpeg,Healthy,excluded_pattern,,
ethiopian cofee leaf dataset/train aug/Healthy/aug_0_362.jpeg,Healthy,excluded_pattern,,
ethiopian cofee leaf dataset/train aug/Healthy/aug_0_364.jpeg,Healthy,excluded_pattern,,
ethiopian cofee leaf dataset/train aug/Healthy/aug_0_365.jpeg,Healthy,excluded_pattern,,
ethiopian cofee leaf dataset/train aug/Healthy/aug_0_368.jpeg,Healthy,excluded_pattern,,
ethiopian cofee leaf dataset/train aug/Healthy/aug_0_37.jpeg,Healthy,excluded_pattern,,
ethiopian cofee leaf dataset/train aug/Healthy/aug_0_372.jpeg,Healthy,excluded_pattern,,
ethiopian cofee leaf dataset/train aug/Healthy/aug_0_373.jpeg,Healthy,excluded_pattern,,
ethiopian cofee leaf dataset/train aug/Healthy/aug_0_378.jpeg,Healthy,excluded_pattern,,
ethiopian cofee leaf dataset/train aug/Healthy/aug_0_379.jpeg,Healthy,excluded_pattern,,
ethiopian cofee leaf dataset/train aug/Healthy/aug_0_387.jpeg,Healthy,excluded_pattern,,
ethiopian cofee leaf dataset/train aug/Healthy/aug_0_389.jpeg,Healthy,excluded_pattern,,
ethiopian cofee leaf dataset/train aug/Healthy/aug_0_39.jpeg,Healthy,excluded_pattern,,
ethiopian cofee leaf dataset/train aug/Healthy/aug_0_390.jpeg,Healthy,excluded_pattern,,
ethiopian cofee leaf dataset/train aug/Healthy/aug_0_393.jpeg,Healthy,excluded_pattern,,
ethiopian cofee leaf dataset/train aug/Healthy/aug_0_394.jpeg,Healthy,excluded_pattern,,
ethiopian cofee leaf dataset/train aug/Healthy/aug_0_406.jpeg,Healthy,excluded_pattern,,
ethiopian cofee leaf dataset/train aug/Healthy/aug_0_408.jpeg,Healthy,excluded_pattern,,
ethiopian cofee leaf dataset/train aug/Healthy/aug_0_409.jpeg,Healthy,excluded_pattern,,
ethiopian cofee leaf dataset/train aug/Healthy/aug_0_41.jpeg,Healthy,excluded_pattern,,
ethiopian cofee leaf dataset/train aug/Healthy/aug_0_414.jpeg,Healthy,excluded_pattern,,
ethiopian cofee leaf dataset/train aug/Healthy/aug_0_4422.jpeg,Healthy,excluded_pattern,,
ethiopian cofee leaf dataset/train aug/Healthy/aug_0_4423.jpeg,Healthy,excluded_pattern,,
ethiopian cofee leaf dataset/train aug/Healthy/aug_0_4424.jpeg,Healthy,excluded_pattern,,
ethiopian cofee leaf dataset/train aug/Healthy/aug_0_4427.jpeg,Healthy,excluded_pattern,,
ethiopian cofee leaf dataset/train aug/Healthy/aug_0_4428.jpeg,Healthy,excluded_pattern,,
ethiopian cofee leaf dataset/train aug/Healthy/aug_0_4429.jpeg,Healthy,excluded_pattern,,
ethiopian cofee leaf dataset/train aug/Healthy/aug_0_4435.jpeg,Healthy,excluded_pattern,,
ethiopian cofee leaf dataset/train aug/Healthy/aug_0_4437.jpeg,Healthy,excluded_pattern,,
ethiopian cofee leaf dataset/train aug/Healthy/aug_0_4439.jpeg,Healthy,excluded_pattern,,
ethiopian cofee leaf dataset/train aug/Healthy/aug_0_4444.jpeg,Healthy,excluded_pattern,,
ethiopian cofee leaf dataset/train aug/Healthy/aug_0_4445.jpeg,Healthy,excluded_pattern,,
ethiopian cofee leaf dataset/train aug/Healthy/aug_0_4451.jpeg,Healthy,excluded_pattern,,
ethiopian cofee leaf dataset/train aug/Healthy/aug_0_4453.jpeg,Healthy,excluded_pattern,,
ethiopian cofee leaf dataset/train aug/Healthy/aug_0_4455.jpeg,Healthy,excluded_pattern,,
ethiopian cofee leaf dataset/train aug/Healthy/aug_0_4456.jpeg,Healthy,excluded_pattern,,
ethiopian cofee leaf dataset/train aug/Healthy/aug_0_4457.jpeg,Healthy,excluded_pattern,,
ethiopian cofee leaf dataset/train aug/Healthy/aug_0_4458.jpeg,Healthy,excluded_pattern,,
ethiopian cofee leaf dataset/train aug/Healthy/aug_0_4472.jpeg,Healthy,excluded_pattern,,
ethiopian cofee leaf dataset/train aug/Healthy/aug_0_4474.jpeg,Healthy,excluded_pattern,,
ethiopian cofee leaf dataset/train aug/Healthy/aug_0_4477.jpeg,Healthy,excluded_pattern,,
ethiopian cofee leaf dataset/train aug/Healthy/aug_0_4482.jpeg,Healthy,excluded_pattern,,
ethiopian cofee leaf dataset/train aug/Healthy/aug_0_4487.jpeg,Healthy,excluded_pattern,,
ethiopian cofee leaf dataset/train aug/Healthy/aug_0_4489.jpeg,Healthy,excluded_pattern,,
ethiopian cofee leaf dataset/train aug/Healthy/aug_0_4497.jpeg,Healthy,excluded_pattern,,
ethiopian cofee leaf dataset/train aug/Healthy/aug_0_4500.jpeg,Healthy,excluded_pattern,,
ethiopian cofee leaf dataset/train aug/Healthy/aug_0_4501.jpeg,Healthy,excluded_pattern,,
ethiopian cofee leaf dataset/train aug/Healthy/aug_0_4503.jpeg,Healthy,excluded_pattern,,
ethiopian cofee leaf dataset/train aug/Healthy/aug_0_4506.jpeg,Healthy,excluded_pattern,,
ethiopian cofee leaf dataset/train aug/Healthy/aug_0_4507.jpeg,Healthy,excluded_pattern,,
ethiopian cofee leaf dataset/train aug/Healthy/aug_0_4512.jpeg,Healthy,excluded_pattern,,
ethiopian cofee leaf dataset/train aug/Healthy/aug_0_4515.jpeg,Healthy,excluded_pattern,,
ethiopian cofee leaf dataset/train aug/Healthy/aug_0_4516.jpeg,Healthy,excluded_pattern,,
ethiopian cofee leaf dataset/train aug/Healthy/aug_0_4517.jpeg,Healthy,excluded_pattern,,
ethiopian cofee leaf dataset/train aug/Healthy/aug_0_4522.jpeg,Healthy,excluded_pattern,,
ethiopian cofee leaf dataset/train aug/Healthy/aug_0_4526.jpeg,Healthy,excluded_pattern,,
ethiopian cofee leaf dataset/train aug/Healthy/aug_0_4528.jpeg,Healthy,excluded_pattern,,
ethiopian cofee leaf dataset/train aug/Healthy/aug_0_4530.jpeg,Healthy,excluded_pattern,,
ethiopian cofee leaf dataset/train aug/Healthy/aug_0_4533.jpeg,Healthy,excluded_pattern,,
ethiopian cofee leaf dataset/train aug/Healthy/aug_0_4536.jpeg,Healthy,excluded_pattern,,
ethiopian cofee leaf dataset/train aug/Healthy/aug_0_4539.jpeg,Healthy,excluded_pattern,,
ethiopian cofee leaf dataset/train aug/Healthy/aug_0_4540.jpeg,Healthy,excluded_pattern,,
ethiopian cofee leaf dataset/train aug/Healthy/aug_0_4541.jpeg,Healthy,excluded_pattern,,
ethiopian cofee leaf dataset/train aug/Healthy/aug_0_4542.jpeg,Healthy,excluded_pattern,,
ethiopian cofee leaf dataset/train aug/Healthy/aug_0_4549.jpeg,Healthy,excluded_pattern,,
ethiopian cofee leaf dataset/train aug/Healthy/aug_0_4550.jpeg,Healthy,excluded_pattern,,
ethiopian cofee leaf dataset/train aug/Healthy/aug_0_4551.jpeg,Healthy,excluded_pattern,,
ethiopian cofee leaf dataset/train aug/Healthy/aug_0_4556.jpeg,Healthy,excluded_pattern,,
ethiopian cofee leaf dataset/train aug/Healthy/aug_0_4558.jpeg,Healthy,excluded_pattern,,
ethiopian cofee leaf dataset/train aug/Healthy/aug_0_4559.jpeg,Healthy,excluded_pattern,,
ethiopian cofee leaf dataset/train aug/Healthy/aug_0_4561.jpeg,Healthy,excluded_pattern,,
ethiopian cofee leaf dataset/train aug/Healthy/aug_0_4563.jpeg,Healthy,excluded_pattern,,
ethiopian cofee leaf dataset/train aug/Healthy/aug_0_4566.jpeg,Healthy,excluded_pattern,,
ethiopian cofee leaf dataset/train aug/Healthy/aug_0_4568.jpeg,Healthy,excluded_pattern,,
ethiopian cofee leaf dataset/train aug/Healthy/aug_0_4570.jpeg,Healthy,excluded_pattern,,
ethiopian cofee leaf dataset/train aug/Healthy/aug_0_4573.jpeg,Healthy,excluded_pattern,,
ethiopian cofee leaf dataset/train aug/Healthy/aug_0_4574.jpeg,Healthy,excluded_pattern,,
ethiopian cofee leaf dataset/train aug/Healthy/aug_0_4578.jpeg,Healthy,excluded_pattern,,
ethiopian cofee leaf dataset/train aug/Healthy/aug_0_4583.jpeg,Healthy,excluded_pattern,,
ethiopian cofee leaf dataset/train aug/Healthy/aug_0_4584.jpeg,Healthy,excluded_pattern,,
ethiopian cofee leaf dataset/train aug/Healthy/aug_0_4585.jpeg,Healthy,excluded_pattern,,
ethiopian cofee leaf dataset/train aug/Healthy/aug_0_4587.jpeg,Healthy,excluded_pattern,,
ethiopian cofee leaf dataset/train aug/Healthy/aug_0_4588.jpeg,Healthy,excluded_pattern,,
ethiopian cofee leaf dataset/train aug/Healthy/aug_0_4589.jpeg,Healthy,excluded_pattern,,
ethiopian cofee leaf dataset/train aug/Healthy/aug_0_4590.jpeg,Healthy,excluded_pattern,,
ethiopian cofee leaf dataset/train aug/Healthy/aug_0_46.jpeg,Healthy,excluded_pattern,,
ethiopian cofee leaf dataset/train aug/Healthy/aug_0_4603.jpeg,Healthy,excluded_pattern,,
ethiopian cofee leaf dataset/train aug/Healthy/aug_0_4604.jpeg,Healthy,excluded_pattern,,
ethiopian cofee leaf dataset/train aug/Healthy/aug_0_4608.jpeg,Healthy,excluded_pattern,,
ethiopian cofee leaf dataset/train aug/Healthy/aug_0_4609.jpeg,Healthy,excluded_pattern,,
ethiopian cofee leaf dataset/train aug/Healthy/aug_0_4614.jpeg,Healthy,excluded_pattern,,
ethiopian cofee leaf dataset/train aug/Healthy/aug_0_4616.jpeg,Healthy,excluded_pattern,,
ethiopian cofee leaf dataset/train aug/Healthy/aug_0_4619.jpeg,Healthy,excluded_pattern,,
ethiopian cofee leaf dataset/train aug/Healthy/aug_0_4623.jpeg,Healthy,excluded_pattern,,
ethiopian cofee leaf dataset/train aug/Healthy/aug_0_4624.jpeg,Healthy,excluded_pattern,,
ethiopian cofee leaf dataset/train aug/Healthy/aug_0_4627.jpeg,Healthy,excluded_pattern,,
ethiopian cofee leaf dataset/train aug/Healthy/aug_0_4630.jpeg,Healthy,excluded_pattern,,
ethiopian cofee leaf dataset/train aug/Healthy/aug_0_4635.jpeg,Healthy,excluded_pattern,,
ethiopian cofee leaf dataset/train aug/Healthy/aug_0_4638.jpeg,Healthy,excluded_pattern,,
ethiopian cofee leaf dataset/train aug/Healthy/aug_0_4640.jpeg,Healthy,excluded_pattern,,
ethiopian cofee leaf dataset/train aug/Healthy/aug_0_4643.jpeg,Healthy,excluded_pattern,,
ethiopian cofee leaf dataset/train aug/Healthy/aug_0_4647.jpeg,Healthy,excluded_pattern,,
ethiopian cofee leaf dataset/train aug/Healthy/aug_0_4654.jpeg,Healthy,excluded_pattern,,
ethiopian cofee leaf dataset/train aug/Healthy/aug_0_4658.jpeg,Healthy,excluded_pattern,,
ethiopian cofee leaf dataset/train aug/Healthy/aug_0_4660.jpeg,Healthy,excluded_pattern,,
ethiopian cofee leaf dataset/train aug/Healthy/aug_0_4661.jpeg,Healthy,excluded_pattern,,
ethiopian cofee leaf dataset/train aug/Healthy/aug_0_4663.jpeg,Healthy,excluded_pattern,,
ethiopian cofee leaf dataset/train aug/Healthy/aug_0_4668.jpeg,Healthy,excluded_pattern,,
ethiopian cofee leaf dataset/train aug/Healthy/aug_0_4670.jpeg,Healthy,excluded_pattern,,
ethiopian cofee leaf dataset/train aug/Healthy/aug_0_4675.jpeg,Healthy,excluded_pattern,,
ethiopian cofee leaf dataset/train aug/Healthy/aug_0_4677.jpeg,Healthy,excluded_pattern,,
ethiopian cofee leaf dataset/train aug/Healthy/aug_0_4679.jpeg,Healthy,excluded_pattern,,
ethiopian cofee leaf dataset/train aug/Healthy/aug_0_4684.jpeg,Healthy,excluded_pattern,,
ethiopian cofee leaf dataset/train aug/Healthy/aug_0_4685.jpeg,Healthy,excluded_pattern,,
ethiopian cofee leaf dataset/train aug/Healthy/aug_0_4690.jpeg,Healthy,excluded_pattern,,
ethiopian cofee leaf dataset/train aug/Healthy/aug_0_4694.jpeg,Healthy,excluded_pattern,,
ethiopian cofee leaf dataset/train aug/Healthy/aug_0_47.jpeg,Healthy,excluded_pattern,,
ethiopian cofee leaf dataset/train aug/Healthy/aug_0_4701.jpeg,Healthy,excluded_pattern,,
ethiopian cofee leaf dataset/train aug/Healthy/aug_0_4705.jpeg,Healthy,excluded_pattern,,
ethiopian cofee leaf dataset/train aug/Healthy/aug_0_4708.jpeg,Healthy,excluded_pattern,,
ethiopian cofee leaf dataset/train aug/Healthy/aug_0_4710.jpeg,Healthy,excluded_pattern,,
ethiopian cofee leaf dataset/train aug/Healthy/aug_0_4714.jpeg,Healthy,excluded_pattern,,
ethiopian cofee leaf dataset/train aug/Healthy/aug_0_4721.jpeg,Healthy,excluded_pattern,,
ethiopian cofee leaf dataset/train aug/Healthy/aug_0_4723.jpeg,Healthy,excluded_pattern,,
ethiopian cofee leaf dataset/train aug/Healthy/aug_0_4725.jpeg,Healthy,excluded_pattern,,
ethiopian cofee leaf dataset/train aug/Healthy/aug_0_4729.jpeg,Healthy,excluded_pattern,,
ethiopian cofee leaf dataset/train aug/Healthy/aug_0_4735.jpeg,Healthy,excluded_pattern,,
ethiopian cofee leaf dataset/train aug/Healthy/aug_0_4740.jpeg,Healthy,excluded_pattern,,
ethiopian cofee leaf dataset/train aug/Healthy/aug_0_4742.jpeg,Healthy,excluded_pattern,,
ethiopian cofee leaf dataset/train aug/Healthy/aug_0_4747.jpeg,Healthy,excluded_pattern,,
ethiopian cofee leaf dataset/train aug/Healthy/aug_0_4753.jpeg,Healthy,excluded_pattern,,
ethiopian cofee leaf dataset/train aug/Healthy/aug_0_4758.jpeg,Healthy,excluded_pattern,,
ethiopian cofee leaf dataset/train aug/Healthy/aug_0_4766.jpeg,Healthy,excluded_pattern,,
ethiopian cofee leaf dataset/train aug/Healthy/aug_0_4773.jpeg,Healthy,excluded_pattern,,
ethiopian cofee leaf dataset/train aug/Healthy/aug_0_4776.jpeg,Healthy,excluded_pattern,,
ethiopian cofee leaf dataset/train aug/Healthy/aug_0_4777.jpeg,Healthy,excluded_pattern,,
ethiopian cofee leaf dataset/train aug/Healthy/aug_0_4780.jpeg,Healthy,excluded_pattern,,
ethiopian cofee leaf dataset/train aug/Healthy/aug_0_4781.jpeg,Healthy,excluded_pattern,,
ethiopian cofee leaf dataset/train aug/Healthy/aug_0_4782.jpeg,Healthy,excluded_pattern,,
ethiopian cofee leaf dataset/train aug/Healthy/aug_0_4784.jpeg,Healthy,excluded_pattern,,
ethiopian cofee leaf dataset/train aug/Healthy/aug_0_4785.jpeg,Healthy,excluded_pattern,,
ethiopian cofee leaf dataset/train aug/Healthy/aug_0_4791.jpeg,Healthy,excluded_pattern,,
ethiopian cofee leaf dataset/train aug/Healthy/aug_0_4793.jpeg,Healthy,excluded_pattern,,
ethiopian cofee leaf dataset/train aug/Healthy/aug_0_4796.jpeg,Healthy,excluded_pattern,,
ethiopian cofee leaf dataset/train aug/Healthy/aug_0_4801.jpeg,Healthy,excluded_pattern,,
ethiopian cofee leaf dataset/train aug/Healthy/aug_0_4803.jpeg,Healthy,excluded_pattern,,
ethiopian cofee leaf dataset/train aug/Healthy/aug_0_4804.jpeg,Healthy,excluded_pattern,,
ethiopian cofee leaf dataset/train aug/Healthy/aug_0_4808.jpeg,Healthy,excluded_pattern,,
ethiopian cofee leaf dataset/train aug/Healthy/aug_0_4812.jpeg,Healthy,excluded_pattern,,
ethiopian cofee leaf dataset/train aug/Healthy/aug_0_4819.jpeg,Healthy,excluded_pattern,,
ethiopian cofee leaf dataset/train aug/Healthy/aug_0_4820.jpeg,Healthy,excluded_pattern,,
ethiopian cofee leaf dataset/train aug/Healthy/aug_0_4821.jpeg,Healthy,excluded_pattern,,
ethiopian cofee leaf dataset/train aug/Healthy/aug_0_4826.jpeg,Healthy,excluded_pattern,,
ethiopian cofee leaf dataset/train aug/Healthy/aug_0_4827.jpeg,Healthy,excluded_pattern,,
ethiopian cofee leaf dataset/train aug/Healthy/aug_0_4831.jpeg,Healthy,excluded_pattern,,
ethiopian cofee leaf dataset/train aug/Healthy/aug_0_4832.jpeg,Healthy,excluded_pattern,,
ethiopian cofee leaf dataset/train aug/Healthy/aug_0_4833.jpeg,Healthy,excluded_pattern,,
ethiopian cofee leaf dataset/train aug/Healthy/aug_0_4835.jpeg,Healthy,excluded_pattern,,
ethiopian cofee leaf dataset/train aug/Healthy/aug_0_4837.jpeg,Healthy,excluded_pattern,,
ethiopian cofee leaf dataset/train aug/Healthy/aug_0_4839.jpeg,Healthy,excluded_pattern,,
ethiopian cofee leaf dataset/train aug/Healthy/aug_0_4841.jpeg,Healthy,excluded_pattern,,
ethiopian cofee leaf dataset/train aug/Healthy/aug_0_4844.jpeg,Healthy,excluded_pattern,,
ethiopian cofee leaf dataset/train aug/Healthy/aug_0_4847.jpeg,Healthy,excluded_pattern,,
ethiopian cofee leaf dataset/train aug/Healthy/aug_0_4848.jpeg,Healthy,excluded_pattern,,
ethiopian cofee leaf dataset/train aug/Healthy/aug_0_4851.jpeg,Healthy,excluded_pattern,,
ethiopian cofee leaf dataset/train aug/Healthy/aug_0_4852.jpeg,Healthy,excluded_pattern,,
ethiopian cofee leaf dataset/train aug/Healthy/aug_0_4854.jpeg,Healthy,excluded_pattern,,
ethiopian cofee leaf dataset/train aug/Healthy/aug_0_4859.jpeg,Healthy,excluded_pattern,,
ethiopian cofee leaf dataset/train aug/Healthy/aug_0_4866.jpeg,Healthy,excluded_pattern,,
ethiopian cofee leaf dataset/train aug/Healthy/aug_0_4868.jpeg,Healthy,excluded_pattern,,
ethiopian cofee leaf dataset/train aug/Healthy/aug_0_4870.jpeg,Healthy,excluded_pattern,,
ethiopian cofee leaf dataset/train aug/Healthy/aug_0_4874.jpeg,Healthy,excluded_pattern,,
ethiopian cofee leaf dataset/train aug/Healthy/aug_0_4876.jpeg,Healthy,excluded_pattern,,
ethiopian cofee leaf dataset/train aug/Healthy/aug_0_4880.jpeg,Healthy,excluded_pattern,,
ethiopian cofee leaf dataset/train aug/Healthy/aug_0_4891.jpeg,Healthy,excluded_pattern,,
ethiopian cofee leaf dataset/train aug/Healthy/aug_0_4893.jpeg,Healthy,excluded_pattern,,
ethiopian cofee leaf dataset/train aug/Healthy/aug_0_4900.jpeg,Healthy,excluded_pattern,,
ethiopian cofee leaf dataset/train aug/Healthy/aug_0_4904.jpeg,Healthy,excluded_pattern,,
ethiopian cofee leaf dataset/train aug/Healthy/aug_0_4913.jpeg,Healthy,excluded_pattern,,
ethiopian cofee leaf dataset/train aug/Healthy/aug_0_4920.jpeg,Healthy,excluded_pattern,,
ethiopian cofee leaf dataset/train aug/Healthy/aug_0_4922.jpeg,Healthy,excluded_pattern,,
ethiopian cofee leaf dataset/train aug/Healthy/aug_0_4927.jpeg,Healthy,excluded_pattern,,
ethiopian cofee leaf dataset/train aug/Healthy/aug_0_4928.jpeg,Healthy,excluded_pattern,,
ethiopian cofee leaf dataset/train aug/Healthy/aug_0_4932.jpeg,Healthy,excluded_pattern,,
ethiopian cofee leaf dataset/train aug/Healthy/aug_0_4940.jpeg,Healthy,excluded_pattern,,
ethiopian cofee leaf dataset/train aug/Healthy/aug_0_4943.jpeg,Healthy,excluded_pattern,,
ethiopian cofee leaf dataset/train aug/Healthy/aug_0_4948.jpeg,Healthy,excluded_pattern,,
ethiopian cofee leaf dataset/train aug/Healthy/aug_0_4952.jpeg,Healthy,excluded_pattern,,
ethiopian cofee leaf dataset/train aug/Healthy/aug_0_4953.jpeg,Healthy,excluded_pattern,,
ethiopian cofee leaf dataset/train aug/Healthy/aug_0_4958.jpeg,Healthy,excluded_pattern,,
ethiopian cofee leaf dataset/train aug/Healthy/aug_0_4962.jpeg,Healthy,excluded_pattern,,
ethiopian cofee leaf dataset/train aug/Healthy/aug_0_4964.jpeg,Healthy,excluded_pattern,,
ethiopian cofee leaf dataset/train aug/Healthy/aug_0_4965.jpeg,Healthy,excluded_pattern,,
ethiopian cofee leaf dataset/train aug/Healthy/aug_0_4967.jpeg,Healthy,excluded_pattern,,
ethiopian cofee leaf dataset/train aug/Healthy/aug_0_4973.jpeg,Healthy,excluded_pattern,,
ethiopian cofee leaf dataset/train aug/Healthy/aug_0_4976.jpeg,Healthy,excluded_pattern,,
ethiopian cofee leaf dataset/train aug/Healthy/aug_0_4977.jpeg,Healthy,excluded_pattern,,
ethiopian cofee leaf dataset/train aug/Healthy/aug_0_4979.jpeg,Healthy,excluded_pattern,,
ethiopian cofee leaf dataset/train aug/Healthy/aug_0_4982.jpeg,Healthy,excluded_pattern,,
ethiopian cofee leaf dataset/train aug/Healthy/aug_0_4986.jpeg,Healthy,excluded_pattern,,
ethiopian cofee leaf dataset/train aug/Healthy/aug_0_4990.jpeg,Healthy,excluded_pattern,,
ethiopian cofee leaf dataset/train aug/Healthy/aug_0_4996.jpeg,Healthy,excluded_pattern,,
ethiopian cofee leaf dataset/train aug/Healthy/aug_0_50.jpeg,Healthy,excluded_pattern,,
ethiopian cofee leaf dataset/train aug/Healthy/aug_0_5000.jpeg,Healthy,excluded_pattern,,
ethiopian cofee leaf dataset/train aug/Healthy/aug_0_5005.jpeg,Healthy,excluded_pattern,,
ethiopian cofee leaf dataset/train aug/Healthy/aug_0_5006.jpeg,Healthy,excluded_pattern,,
ethiopian cofee leaf dataset/train aug/Healthy/aug_0_5007.jpeg,Healthy,excluded_pattern,,
ethiopian cofee leaf dataset/train aug/Healthy/aug_0_5011.jpeg,Healthy,excluded_pattern,,
ethiopian cofee leaf dataset/train aug/Healthy/aug_0_5017.jpeg,Healthy,excluded_pattern,,
ethiopian cofee leaf dataset/train aug/Healthy/aug_0_5020.jpeg,Healthy,excluded_pattern,,
ethiopian cofee leaf dataset/train aug/Healthy/aug_0_5026.jpeg,Healthy,excluded_pattern,,
ethiopian cofee leaf dataset/train aug/Healthy/aug_0_5029.jpeg,Healthy,excluded_pattern,,
ethiopian cofee leaf dataset/train aug/Healthy/aug_0_5036.jpeg,Healthy,excluded_pattern,,
ethiopian cofee leaf dataset/train aug/Healthy/aug_0_5038.jpeg,Healthy,excluded_pattern,,
ethiopian cofee leaf dataset/train aug/Healthy/aug_0_5040.jpeg,Healthy,excluded_pattern,,
ethiopian cofee leaf dataset/train aug/Healthy/aug_0_5046.jpeg,Healthy,excluded_pattern,,
ethiopian cofee leaf dataset/train aug/Healthy/aug_0_5047.jpeg,Healthy,excluded_pattern,,
ethiopian cofee leaf dataset/train aug/Healthy/aug_0_5048.jpeg,Healthy,excluded_pattern,,
ethiopian cofee leaf dataset/train aug/Healthy/aug_0_5050.jpeg,Healthy,excluded_pattern,,
ethiopian cofee leaf dataset/train aug/Healthy/aug_0_5052.jpeg,Healthy,excluded_pattern,,
ethiopian cofee leaf dataset/train aug/Healthy/aug_0_5053.jpeg,Healthy,excluded_pattern,,
ethiopian cofee leaf dataset/train aug/Healthy/aug_0_5054.jpeg,Healthy,excluded_pattern,,
ethiopian cofee leaf dataset/train aug/Healthy/aug_0_5055.jpeg,Healthy,excluded_pattern,,
ethiopian cofee leaf dataset/train aug/Healthy/aug_0_5057.jpeg,Healthy,excluded_pattern,,
ethiopian cofee leaf dataset/train aug/Healthy/aug_0_5058.jpeg,Healthy,excluded_pattern,,
ethiopian cofee leaf dataset/train aug/Healthy/aug_0_5059.jpeg,Healthy,excluded_pattern,,
ethiopian cofee leaf dataset/train aug/Healthy/aug_0_5061.jpeg,Healthy,excluded_pattern,,
ethiopian cofee leaf dataset/train aug/Healthy/aug_0_5064.jpeg,Healthy,excluded_pattern,,
ethiopian cofee leaf dataset/train aug/Healthy/aug_0_5069.jpeg,Healthy,excluded_pattern,,
ethiopian cofee leaf dataset/train aug/Healthy/aug_0_5071.jpeg,Healthy,excluded_pattern,,
ethiopian cofee leaf dataset/train aug/Healthy/aug_0_5072.jpeg,Healthy,excluded_pattern,,
ethiopian cofee leaf dataset/train aug/Healthy/aug_0_5079.jpeg,Healthy,excluded_pattern,,
ethiopian cofee leaf dataset/train aug/Healthy/aug_0_5080.jpeg,Healthy,excluded_pattern,,
ethiopian cofee leaf dataset/train aug/Healthy/aug_0_5083.jpeg,Healthy,excluded_pattern,,
ethiopian cofee leaf dataset/train aug/Healthy/aug_0_5086.jpeg,Healthy,excluded_pattern,,
ethiopian cofee leaf dataset/train aug/Healthy/aug_0_5087.jpeg,Healthy,excluded_pattern,,
ethiopian cofee leaf dataset/train aug/Healthy/aug_0_5089.jpeg,Healthy,excluded_pattern,,
ethiopian cofee leaf dataset/train aug/Healthy/aug_0_5095.jpeg,Healthy,excluded_pattern,,
ethiopian cofee leaf dataset/train aug/Healthy/aug_0_5096.jpeg,Healthy,excluded_pattern,,
ethiopian cofee leaf dataset/train aug/Healthy/aug_0_51.jpeg,Healthy,excluded_pattern,,
ethiopian cofee leaf dataset/train aug/Healthy/aug_0_5104.jpeg,Healthy,excluded_pattern,,
ethiopian cofee leaf dataset/train aug/Healthy/aug_0_5109.jpeg,Healthy,excluded_pattern,,
ethiopian cofee leaf dataset/train aug/Healthy/aug_0_5118.jpeg,Healthy,excluded_pattern,,
ethiopian cofee leaf dataset/train aug/Healthy/aug_0_5119.jpeg,Healthy,excluded_pattern,,
ethiopian cofee leaf dataset/train aug/Healthy/aug_0_5120.jpeg,Healthy,excluded_pattern,,
ethiopian cofee leaf dataset/train aug/Healthy/aug_0_5121.jpeg,Healthy,excluded_pattern,,
ethiopian cofee leaf dataset/train aug/Healthy/aug_0_5123.jpeg,Healthy,excluded_pattern,,
ethiopian cofee leaf dataset/train aug/Healthy/aug_0_5126.jpeg,Healthy,excluded_pattern,,
ethiopian cofee leaf dataset/train aug/Healthy/aug_0_5130.jpeg,Healthy,excluded_pattern,,
ethiopian cofee leaf dataset/train aug/Healthy/aug_0_5134.jpeg,Healthy,excluded_pattern,,
ethiopian cofee leaf dataset/train aug/Healthy/aug_0_5135.jpeg,Healthy,excluded_pattern,,
ethiopian cofee leaf dataset/train aug/Healthy/aug_0_5139.jpeg,Healthy,excluded_pattern,,
ethiopian cofee leaf dataset/train aug/Healthy/aug_0_5146.jpeg,Healthy,excluded_pattern,,
ethiopian cofee leaf dataset/train aug/Healthy/aug_0_5149.jpeg,Healthy,excluded_pattern,,
ethiopian cofee leaf dataset/train aug/Healthy/aug_0_5151.jpeg,Healthy,excluded_pattern,,
ethiopian cofee leaf dataset/train aug/Healthy/aug_0_5152.jpeg,Healthy,excluded_pattern,,
ethiopian cofee leaf dataset/train aug/Healthy/aug_0_5153.jpeg,Healthy,excluded_pattern,,
ethiopian cofee leaf dataset/train aug/Healthy/aug_0_5154.jpeg,Healthy,excluded_pattern,,
ethiopian cofee leaf dataset/train aug/Healthy/aug_0_5157.jpeg,Healthy,excluded_pattern,,
ethiopian cofee leaf dataset/train aug/Healthy/aug_0_5158.jpeg,Healthy,excluded_pattern,,
ethiopian cofee leaf dataset/train aug/Healthy/aug_0_5162.jpeg,Healthy,excluded_pattern,,
ethiopian cofee leaf dataset/train aug/Healthy/aug_0_5163.jpeg,Healthy,excluded_pattern,,
ethiopian cofee leaf dataset/train aug/Healthy/aug_0_5165.jpeg,Healthy,excluded_pattern,,
ethiopian cofee leaf dataset/train aug/Healthy/aug_0_5173.jpeg,Healthy,excluded_pattern,,
ethiopian cofee leaf dataset/train aug/Healthy/aug_0_5176.jpeg,Healthy,excluded_pattern,,
ethiopian cofee leaf dataset/train aug/Healthy/aug_0_5177.jpeg,Healthy,excluded_pattern,,
ethiopian cofee leaf dataset/train aug/Healthy/aug_0_5178.jpeg,Healthy,excluded_pattern,,
ethiopian cofee leaf dataset/train aug/Healthy/aug_0_5182.jpeg,Healthy,excluded_pattern,,
ethiopian cofee leaf dataset/train aug/Healthy/aug_0_5185.jpeg,Healthy,excluded_pattern,,
ethiopian cofee leaf dataset/train aug/Healthy/aug_0_5187.jpeg,Healthy,excluded_pattern,,
ethiopian cofee leaf dataset/train aug/Healthy/aug_0_5189.jpeg,Healthy,excluded_pattern,,
ethiopian cofee leaf dataset/train aug/Healthy/aug_0_5191.jpeg,Healthy,excluded_pattern,,
ethiopian cofee leaf dataset/train aug/Healthy/aug_0_5192.jpeg,Healthy,excluded_pattern,,
ethiopian cofee leaf dataset/train aug/Healthy/aug_0_5193.jpeg,Healthy,excluded_pattern,,
ethiopian cofee leaf dataset/train aug/Healthy/aug_0_5194.jpeg,Healthy,excluded_pattern,,
ethiopian cofee leaf dataset/train aug/Healthy/aug_0_5196.jpeg,Healthy,excluded_pattern,,
ethiopian cofee leaf dataset/train aug/Healthy/aug_0_5199.jpeg,Healthy,excluded_pattern,,
ethiopian cofee leaf dataset/train aug/Healthy/aug_0_5202.jpeg,Healthy,excluded_pattern,,
ethiopian cofee leaf dataset/train aug/Healthy/aug_0_5215.jpeg,Healthy,excluded_pattern,,
ethiopian cofee leaf dataset/train aug/Healthy/aug_0_5216.jpeg,Healthy,excluded_pattern,,
ethiopian cofee leaf dataset/train aug/Healthy/aug_0_5218.jpeg,Healthy,excluded_pattern,,
ethiopian cofee leaf dataset/train aug/Healthy/aug_0_5219.jpeg,Healthy,excluded_pattern,,
ethiopian cofee leaf dataset/train aug/Healthy/aug_0_5220.jpeg,Healthy,excluded_pattern,,
ethiopian cofee leaf dataset/train aug/Healthy/aug_0_5222.jpeg,Healthy,excluded_pattern,,
ethiopian cofee leaf dataset/train aug/Healthy/aug_0_5223.jpeg,Healthy,excluded_pattern,,
ethiopian cofee leaf dataset/train aug/Healthy/aug_0_5224.jpeg,Healthy,excluded_pattern,,
ethiopian cofee leaf dataset/train aug/Healthy/aug_0_5227.jpeg,Healthy,excluded_pattern,,
ethiopian cofee leaf dataset/train aug/Healthy/aug_0_5229.jpeg,Healthy,excluded_pattern,,
ethiopian cofee leaf dataset/train aug/Healthy/aug_0_5230.jpeg,Healthy,excluded_pattern,,
ethiopian cofee leaf dataset/train aug/Healthy/aug_0_5232.jpeg,Healthy,excluded_pattern,,
ethiopian cofee leaf dataset/train aug/Healthy/aug_0_5234.jpeg,Healthy,excluded_pattern,,
ethiopian cofee leaf dataset/train aug/Healthy/aug_0_5235.jpeg,Healthy,excluded_pattern,,
ethiopian cofee leaf dataset/train aug/Healthy/aug_0_5236.jpeg,Healthy,excluded_pattern,,
ethiopian cofee leaf dataset/train aug/Healthy/aug_0_5237.jpeg,Healthy,excluded_pattern,,
ethiopian cofee leaf dataset/train aug/Healthy/aug_0_5239.jpeg,Healthy,excluded_pattern,,
ethiopian cofee leaf dataset/train aug/Healthy/aug_0_5240.jpeg,Healthy,excluded_pattern,,
ethiopian cofee leaf dataset/train aug/Healthy/aug_0_5250.jpeg,Healthy,excluded_pattern,,
ethiopian cofee leaf dataset/train aug/Healthy/aug_0_5254.jpeg,Healthy,excluded_pattern,,
ethiopian cofee leaf dataset/train aug/Healthy/aug_0_5255.jpeg,Healthy,excluded_pattern,,
ethiopian cofee leaf dataset/train aug/Healthy/aug_0_5259.jpeg,Healthy,excluded_pattern,,
ethiopian cofee leaf dataset/train aug/Healthy/aug_0_5261.jpeg,Healthy,excluded_pattern,,
ethiopian cofee leaf dataset/train aug/Healthy/aug_0_5262.jpeg,Healthy,excluded_pattern,,
ethiopian cofee leaf dataset/train aug/Healthy/aug_0_5266.jpeg,Healthy,excluded_pattern,,
ethiopian cofee leaf dataset/train aug/Healthy/aug_0_5267.jpeg,Healthy,excluded_pattern,,
ethiopian cofee leaf dataset/train aug/Healthy/aug_0_5270.jpeg,Healthy,excluded_pattern,,
ethiopian cofee leaf dataset/train aug/Healthy/aug_0_5283.jpeg,Healthy,excluded_pattern,,
ethiopian cofee leaf dataset/train aug/Healthy/aug_0_5285.jpeg,Healthy,excluded_pattern,,
ethiopian cofee leaf dataset/train aug/Healthy/aug_0_5287.jpeg,Healthy,excluded_pattern,,
ethiopian cofee leaf dataset/train aug/Healthy/aug_0_5289.jpeg,Healthy,excluded_pattern,,
ethiopian cofee leaf dataset/train aug/Healthy/aug_0_5292.jpeg,Healthy,excluded_pattern,,
ethiopian cofee leaf dataset/train aug/Healthy/aug_0_5294.jpeg,Healthy,excluded_pattern,,
ethiopian cofee leaf dataset/train aug/Healthy/aug_0_5295.jpeg,Healthy,excluded_pattern,,
ethiopian cofee leaf dataset/train aug/Healthy/aug_0_5308.jpeg,Healthy,excluded_pattern,,
ethiopian cofee leaf dataset/train aug/Healthy/aug_0_5312.jpeg,Healthy,excluded_pattern,,
ethiopian cofee leaf dataset/train aug/Healthy/aug_0_5313.jpeg,Healthy,excluded_pattern,,
ethiopian cofee leaf dataset/train aug/Healthy/aug_0_5319.jpeg,Healthy,excluded_pattern,,
ethiopian cofee leaf dataset/train aug/Healthy/aug_0_5320.jpeg,Healthy,excluded_pattern,,
ethiopian cofee leaf dataset/train aug/Healthy/aug_0_5322.jpeg,Healthy,excluded_pattern,,
ethiopian cofee leaf dataset/train aug/Healthy/aug_0_5324.jpeg,Healthy,excluded_pattern,,
ethiopian cofee leaf dataset/train aug/Healthy/aug_0_5325.jpeg,Healthy,excluded_pattern,,
ethiopian cofee leaf dataset/train aug/Healthy/aug_0_5329.jpeg,Healthy,excluded_pattern,,
ethiopian cofee leaf dataset/train aug/Healthy/aug_0_5330.jpeg,Healthy,excluded_pattern,,
ethiopian cofee leaf dataset/train aug/Healthy/aug_0_5339.jpeg,Healthy,excluded_pattern,,
ethiopian cofee leaf dataset/train aug/Healthy/aug_0_5343.jpeg,Healthy,excluded_pattern,,
ethiopian cofee leaf dataset/train aug/Healthy/aug_0_5348.jpeg,Healthy,excluded_pattern,,
ethiopian cofee leaf dataset/train aug/Healthy/aug_0_5351.jpeg,Healthy,excluded_pattern,,
ethiopian cofee leaf dataset/train aug/Healthy/aug_0_5354.jpeg,Healthy,excluded_pattern,,
ethiopian cofee leaf dataset/train aug/Healthy/aug_0_5355.jpeg,Healthy,excluded_pattern,,
ethiopian cofee leaf dataset/train aug/Healthy/aug_0_5356.jpeg,Healthy,excluded_pattern,,
ethiopian cofee leaf dataset/train aug/Healthy/aug_0_5363.jpeg,Healthy,excluded_pattern,,
ethiopian cofee leaf dataset/train aug/Healthy/aug_0_5364.jpeg,Healthy,excluded_pattern,,
ethiopian cofee leaf dataset/train aug/Healthy/aug_0_5365.jpeg,Healthy,excluded_pattern,,
ethiopian cofee leaf dataset/train aug/Healthy/aug_0_5368.jpeg,Healthy,excluded_pattern,,
ethiopian cofee leaf dataset/train aug/Healthy/aug_0_5370.jpeg,Healthy,excluded_pattern,,
ethiopian cofee leaf dataset/train aug/Healthy/aug_0_5371.jpeg,Healthy,excluded_pattern,,
ethiopian cofee leaf dataset/train aug/Healthy/aug_0_5373.jpeg,Healthy,excluded_pattern,,
ethiopian cofee leaf dataset/train aug/Healthy/aug_0_5380.jpeg,Healthy,excluded_pattern,,
ethiopian cofee leaf dataset/train aug/Healthy/aug_0_5390.jpeg,Healthy,excluded_pattern,,
ethiopian cofee leaf dataset/train aug/Healthy/aug_0_5391.jpeg,Healthy,excluded_pattern,,
ethiopian cofee leaf dataset/train aug/Healthy/aug_0_5392.jpeg,Healthy,excluded_pattern,,
ethiopian cofee leaf dataset/train aug/Healthy/aug_0_5395.jpeg,Healthy,excluded_pattern,,
ethiopian cofee leaf dataset/train aug/Healthy/aug_0_5397.jpeg,Healthy,excluded_pattern,,
ethiopian cofee leaf dataset/train aug/Healthy/aug_0_5398.jpeg,Healthy,excluded_pattern,,
ethiopian cofee leaf dataset/train aug/Healthy/aug_0_5399.jpeg,Healthy,excluded_pattern,,
ethiopian cofee leaf dataset/train aug/Healthy/aug_0_54.jpeg,Healthy,excluded_pattern,,
ethiopian cofee leaf dataset/train aug/Healthy/aug_0_5401.jpeg,Healthy,excluded_pattern,,
ethiopian cofee leaf dataset/train aug/Healthy/aug_0_5403.jpeg,Healthy,excluded_pattern,,
ethiopian cofee leaf dataset/train aug/Healthy/aug_0_5407.jpeg,Healthy,excluded_pattern,,
ethiopian cofee leaf dataset/train aug/Healthy/aug_0_5412.jpeg,Healthy,excluded_pattern,,
ethiopian cofee leaf dataset/train aug/Healthy/aug_0_5414.jpeg,Healthy,excluded_pattern,,
ethiopian cofee leaf dataset/train aug/Healthy/aug_0_5416.jpeg,Healthy,excluded_pattern,,
ethiopian cofee leaf dataset/train aug/Healthy/aug_0_5421.jpeg,Healthy,excluded_pattern,,
ethiopian cofee leaf dataset/train aug/Healthy/aug_0_5422.jpeg,Healthy,excluded_pattern,,
ethiopian cofee leaf dataset/train aug/Healthy/aug_0_5424.jpeg,Healthy,excluded_pattern,,
ethiopian cofee leaf dataset/train aug/Healthy/aug_0_5427.jpeg,Healthy,excluded_pattern,,
ethiopian cofee leaf dataset/train aug/Healthy/aug_0_5432.jpeg,Healthy,excluded_pattern,,
ethiopian cofee leaf dataset/train aug/Healthy/aug_0_5437.jpeg,Healthy,excluded_pattern,,
ethiopian cofee leaf dataset/train aug/Healthy/aug_0_5440.jpeg,Healthy,excluded_pattern,,
ethiopian cofee leaf dataset/train aug/Healthy/aug_0_5443.jpeg,Healthy,excluded_pattern,,
ethiopian cofee leaf dataset/train aug/Healthy/aug_0_5453.jpeg,Healthy,excluded_pattern,,
ethiopian cofee leaf dataset/train aug/Healthy/aug_0_5454.jpeg,Healthy,excluded_pattern,,
ethiopian cofee leaf dataset/train aug/Healthy/aug_0_5459.jpeg,Healthy,excluded_pattern,,
ethiopian cofee leaf dataset/train aug/Healthy/aug_0_5461.jpeg,Healthy,excluded_pattern,,
ethiopian cofee leaf dataset/train aug/Healthy/aug_0_5464.jpeg,Healthy,excluded_pattern,,
ethiopian cofee leaf dataset/train aug/Healthy/aug_0_5465.jpeg,Healthy,excluded_pattern,,
ethiopian cofee leaf dataset/train aug/Healthy/aug_0_5468.jpeg,Healthy,excluded_pattern,,
ethiopian cofee leaf dataset/train aug/Healthy/aug_0_5470.jpeg,Healthy,excluded_pattern,,
ethiopian cofee leaf dataset/train aug/Healthy/aug_0_5480.jpeg,Healthy,excluded_pattern,,
ethiopian cofee leaf dataset/train aug/Healthy/aug_0_5481.jpeg,Healthy,excluded_pattern,,
ethiopian cofee leaf dataset/train aug/Healthy/aug_0_5487.jpeg,Healthy,excluded_pattern,,
ethiopian cofee leaf dataset/train aug/Healthy/aug_0_5493.jpeg,Healthy,excluded_pattern,,
ethiopian cofee leaf dataset/train aug/Healthy/aug_0_5496.jpeg,Healthy,excluded_pattern,,
ethiopian cofee leaf dataset/train aug/Healthy/aug_0_5497.jpeg,Healthy,excluded_pattern,,
ethiopian cofee leaf dataset/train aug/Healthy/aug_0_5500.jpeg,Healthy,excluded_pattern,,
ethiopian cofee leaf dataset/train aug/Healthy/aug_0_5503.jpeg,Healthy,excluded_pattern,,
ethiopian cofee leaf dataset/train aug/Healthy/aug_0_5505.jpeg,Healthy,excluded_pattern,,
ethiopian cofee leaf dataset/train aug/Healthy/aug_0_5509.jpeg,Healthy,excluded_pattern,,
ethiopian cofee leaf dataset/train aug/Healthy/aug_0_5512.jpeg,Healthy,excluded_pattern,,
ethiopian cofee leaf dataset/train aug/Healthy/aug_0_5514.jpeg,Healthy,excluded_pattern,,
ethiopian cofee leaf dataset/train aug/Healthy/aug_0_5516.jpeg,Healthy,excluded_pattern,,
ethiopian cofee leaf dataset/train aug/Healthy/aug_0_5520.jpeg,Healthy,excluded_pattern,,
ethiopian cofee leaf dataset/train aug/Healthy/aug_0_5522.jpeg,Healthy,excluded_pattern,,
ethiopian cofee leaf dataset/train aug/Healthy/aug_0_5523.jpeg,Healthy,excluded_pattern,,
ethiopian cofee leaf dataset/train aug/Healthy/aug_0_5526.jpeg,Healthy,excluded_pattern,,
ethiopian cofee leaf dataset/train aug/Healthy/aug_0_5527.jpeg,Healthy,excluded_pattern,,
ethiopian cofee leaf dataset/train aug/Healthy/aug_0_5531.jpeg,Healthy,excluded_pattern,,
ethiopian cofee leaf dataset/train aug/Healthy/aug_0_5539.jpeg,Healthy,excluded_pattern,,
ethiopian cofee leaf dataset/train aug/Healthy/aug_0_5540.jpeg,Healthy,excluded_pattern,,
ethiopian cofee leaf dataset/train aug/Healthy/aug_0_5545.jpeg,Healthy,excluded_pattern,,
ethiopian cofee leaf dataset/train aug/Healthy/aug_0_5547.jpeg,Healthy,excluded_pattern,,
ethiopian cofee leaf dataset/train aug/Healthy/aug_0_5550.jpeg,Healthy,excluded_pattern,,
ethiopian cofee leaf dataset/train aug/Healthy/aug_0_5551.jpeg,Healthy,excluded_pattern,,
ethiopian cofee leaf dataset/train aug/Healthy/aug_0_5553.jpeg,Healthy,excluded_pattern,,
ethiopian cofee leaf dataset/train aug/Healthy/aug_0_5555.jpeg,Healthy,excluded_pattern,,
ethiopian cofee leaf dataset/train aug/Healthy/aug_0_5559.jpeg,Healthy,excluded_pattern,,
ethiopian cofee leaf dataset/train aug/Healthy/aug_0_5563.jpeg,Healthy,excluded_pattern,,
ethiopian cofee leaf dataset/train aug/Healthy/aug_0_5570.jpeg,Healthy,excluded_pattern,,
ethiopian cofee leaf dataset/train aug/Healthy/aug_0_5574.jpeg,Healthy,excluded_pattern,,
ethiopian cofee leaf dataset/train aug/Healthy/aug_0_5580.jpeg,Healthy,excluded_pattern,,
ethiopian cofee leaf dataset/train aug/Healthy/aug_0_5581.jpeg,Healthy,excluded_pattern,,
ethiopian cofee leaf dataset/train aug/Healthy/aug_0_5583.jpeg,Healthy,excluded_pattern,,
ethiopian cofee leaf dataset/train aug/Healthy/aug_0_5585.jpeg,Healthy,excluded_pattern,,
ethiopian cofee leaf dataset/train aug/Healthy/aug_0_5587.jpeg,Healthy,excluded_pattern,,
ethiopian cofee leaf dataset/train aug/Healthy/aug_0_5588.jpeg,Healthy,excluded_pattern,,
ethiopian cofee leaf dataset/train aug/Healthy/aug_0_5597.jpeg,Healthy,excluded_pattern,,
ethiopian cofee leaf dataset/train aug/Healthy/aug_0_5602.jpeg,Healthy,excluded_pattern,,
ethiopian cofee leaf dataset/train aug/Healthy/aug_0_5604.jpeg,Healthy,excluded_pattern,,
ethiopian cofee leaf dataset/train aug/Healthy/aug_0_5605.jpeg,Healthy,excluded_pattern,,
ethiopian cofee leaf dataset/train aug/Healthy/aug_0_5608.jpeg,Healthy,excluded_pattern,,
ethiopian cofee leaf dataset/train aug/Healthy/aug_0_5610.jpeg,Healthy,excluded_pattern,,
ethiopian cofee leaf dataset/train aug/Healthy/aug_0_5612.jpeg,Healthy,excluded_pattern,,
ethiopian cofee leaf dataset/train aug/Healthy/aug_0_5615.jpeg,Healthy,excluded_pattern,,
ethiopian cofee leaf dataset/train aug/Healthy/aug_0_5619.jpeg,Healthy,excluded_pattern,,
ethiopian cofee leaf dataset/train aug/Healthy/aug_0_5620.jpeg,Healthy,excluded_pattern,,
ethiopian cofee leaf dataset/train aug/Healthy/aug_0_5625.jpeg,Healthy,excluded_pattern,,
ethiopian cofee leaf dataset/train aug/Healthy/aug_0_5627.jpeg,Healthy,excluded_pattern,,
ethiopian cofee leaf dataset/train aug/Healthy/aug_0_5644.jpeg,Healthy,excluded_pattern,,
ethiopian cofee leaf dataset/train aug/Healthy/aug_0_5646.jpeg,Healthy,excluded_pattern,,
ethiopian cofee leaf dataset/train aug/Healthy/aug_0_5650.jpeg,Healthy,excluded_pattern,,
ethiopian cofee leaf dataset/train aug/Healthy/aug_0_5651.jpeg,Healthy,excluded_pattern,,
ethiopian cofee leaf dataset/train aug/Healthy/aug_0_5658.jpeg,Healthy,excluded_pattern,,
ethiopian cofee leaf dataset/train aug/Healthy/aug_0_5663.jpeg,Healthy,excluded_pattern,,
ethiopian cofee leaf dataset/train aug/Healthy/aug_0_5666.jpeg,Healthy,excluded_pattern,,
ethiopian cofee leaf dataset/train aug/Healthy/aug_0_5668.jpeg,Healthy,excluded_pattern,,
ethiopian cofee leaf dataset/train aug/Healthy/aug_0_5670.jpeg,Healthy,excluded_pattern,,
ethiopian cofee leaf dataset/train aug/Healthy/aug_0_5673.jpeg,Healthy,excluded_pattern,,
ethiopian cofee leaf dataset/train aug/Healthy/aug_0_5675.jpeg,Healthy,excluded_pattern,,
ethiopian cofee leaf dataset/train aug/Healthy/aug_0_5677.jpeg,Healthy,excluded_pattern,,
ethiopian cofee leaf dataset/train aug/Healthy/aug_0_5687.jpeg,Healthy,excluded_pattern,,
ethiopian cofee leaf dataset/train aug/Healthy/aug_0_5688.jpeg,Healthy,excluded_pattern,,
ethiopian cofee leaf dataset/train aug/Healthy/aug_0_5691.jpeg,Healthy,excluded_pattern,,
ethiopian cofee leaf dataset/train aug/Healthy/aug_0_5695.jpeg,Healthy,excluded_pattern,,
ethiopian cofee leaf dataset/train aug/Healthy/aug_0_5698.jpeg,Healthy,excluded_pattern,,
ethiopian cofee leaf dataset/train aug/Healthy/aug_0_57.jpeg,Healthy,excluded_pattern,,
ethiopian cofee leaf dataset/train aug/Healthy/aug_0_5701.jpeg,Healthy,excluded_pattern,,
ethiopian cofee leaf dataset/train aug/Healthy/aug_0_5703.jpeg,Healthy,excluded_pattern,,
ethiopian cofee leaf dataset/train aug/Healthy/aug_0_5709.jpeg,Healthy,excluded_pattern,,
ethiopian cofee leaf dataset/train aug/Healthy/aug_0_5713.jpeg,Healthy,excluded_pattern,,
ethiopian cofee leaf dataset/train aug/Healthy/aug_0_5714.jpeg,Healthy,excluded_pattern,,
ethiopian cofee leaf dataset/train aug/Healthy/aug_0_5720.jpeg,Healthy,excluded_pattern,,
ethiopian cofee leaf dataset/train aug/Healthy/aug_0_5723.jpeg,Healthy,excluded_pattern,,
ethiopian cofee leaf dataset/train aug/Healthy/aug_0_5727.jpeg,Healthy,excluded_pattern,,
ethiopian cofee leaf dataset/train aug/Healthy/aug_0_5729.jpeg,Healthy,excluded_pattern,,
ethiopian cofee leaf dataset/train aug/Healthy/aug_0_5733.jpeg,Healthy,excluded_pattern,,
ethiopian cofee leaf dataset/train aug/Healthy/aug_0_5734.jpeg,Healthy,excluded_pattern,,
ethiopian cofee leaf dataset/train aug/Healthy/aug_0_5735.jpeg,Healthy,excluded_pattern,,
ethiopian cofee leaf dataset/train aug/Healthy/aug_0_5740.jpeg,Healthy,excluded_pattern,,
ethiopian cofee leaf dataset/train aug/Healthy/aug_0_5746.jpeg,Healthy,excluded_pattern,,
ethiopian cofee leaf dataset/train aug/Healthy/aug_0_5748.jpeg,Healthy,excluded_pattern,,
ethiopian cofee leaf dataset/train aug/Healthy/aug_0_5751.jpeg,Healthy,excluded_pattern,,
ethiopian cofee leaf dataset/train aug/Healthy/aug_0_5755.jpeg,Healthy,excluded_pattern,,
ethiopian cofee leaf dataset/train aug/Healthy/aug_0_5759.jpeg,Healthy,excluded_pattern,,
ethiopian cofee leaf dataset/train aug/Healthy/aug_0_5765.jpeg,Healthy,excluded_pattern,,
ethiopian cofee leaf dataset/train aug/Healthy/aug_0_5767.jpeg,Healthy,excluded_pattern,,
ethiopian cofee leaf dataset/train aug/Healthy/aug_0_5776.jpeg,Healthy,excluded_pattern,,
ethiopian cofee leaf dataset/train aug/Healthy/aug_0_5777.jpeg,Healthy,excluded_pattern,,
ethiopian cofee leaf dataset/train aug/Healthy/aug_0_5778.jpeg,Healthy,excluded_pattern,,
ethiopian cofee leaf dataset/train aug/Healthy/aug_0_5780.jpeg,Healthy,excluded_pattern,,
ethiopian cofee leaf dataset/train aug/Healthy/aug_0_5784.jpeg,Healthy,excluded_pattern,,
ethiopian cofee leaf dataset/train aug/Healthy/aug_0_5786.jpeg,Healthy,excluded_pattern,,
ethiopian cofee leaf dataset/train aug/Healthy/aug_0_5795.jpeg,Healthy,excluded_pattern,,
ethiopian cofee leaf dataset/train aug/Healthy/aug_0_5799.jpeg,Healthy,excluded_pattern,,
ethiopian cofee leaf dataset/train aug/Healthy/aug_0_5800.jpeg,Healthy,excluded_pattern,,
ethiopian cofee leaf dataset/train aug/Healthy/aug_0_5802.jpeg,Healthy,excluded_pattern,,
ethiopian cofee leaf dataset/train aug/Healthy/aug_0_5804.jpeg,Healthy,excluded_pattern,,
ethiopian cofee leaf dataset/train aug/Healthy/aug_0_5805.jpeg,Healthy,excluded_pattern,,
ethiopian cofee leaf dataset/train aug/Healthy/aug_0_5809.jpeg,Healthy,excluded_pattern,,
ethiopian cofee leaf dataset/train aug/Healthy/aug_0_5810.jpeg,Healthy,excluded_pattern,,
ethiopian cofee leaf dataset/train aug/Healthy/aug_0_5811.jpeg,Healthy,excluded_pattern,,
ethiopian cofee leaf dataset/train aug/Healthy/aug_0_5820.jpeg,Healthy,excluded_pattern,,
ethiopian cofee leaf dataset/train aug/Healthy/aug_0_5825.jpeg,Healthy,excluded_pattern,,
ethiopian cofee leaf dataset/train aug/Healthy/aug_0_5831.jpeg,Healthy,excluded_pattern,,
ethiopian cofee leaf dataset/train aug/Healthy/aug_0_5833.jpeg,Healthy,excluded_pattern,,
ethiopian cofee leaf dataset/train aug/Healthy/aug_0_5834.jpeg,Healthy,excluded_pattern,,
ethiopian cofee leaf dataset/train aug/Healthy/aug_0_5837.jpeg,Healthy,excluded_pattern,,
ethiopian cofee leaf dataset/train aug/Healthy/aug_0_5839.jpeg,Healthy,excluded_pattern,,
ethiopian cofee leaf dataset/train aug/Healthy/aug_0_5846.jpeg,Healthy,excluded_pattern,,
ethiopian cofee leaf dataset/train aug/Healthy/aug_0_5849.jpeg,Healthy,excluded_pattern,,
ethiopian cofee leaf dataset/train aug/Healthy/aug_0_5850.jpeg,Healthy,excluded_pattern,,
ethiopian cofee leaf dataset/train aug/Healthy/aug_0_5852.jpeg,Healthy,excluded_pattern,,
ethiopian cofee leaf dataset/train aug/Healthy/aug_0_5853.jpeg,Healthy,excluded_pattern,,
ethiopian cofee leaf dataset/train aug/Healthy/aug_0_5861.jpeg,Healthy,excluded_pattern,,
ethiopian cofee leaf dataset/train aug/Healthy/aug_0_5865.jpeg,Healthy,excluded_pattern,,
ethiopian cofee leaf dataset/train aug/Healthy/aug_0_5869.jpeg,Healthy,excluded_pattern,,
ethiopian cofee leaf dataset/train aug/Healthy/aug_0_5870.jpeg,Healthy,excluded_pattern,,
ethiopian cofee leaf dataset/train aug/Healthy/aug_0_5871.jpeg,Healthy,excluded_pattern,,
ethiopian cofee leaf dataset/train aug/Healthy/aug_0_5874.jpeg,Healthy,excluded_pattern,,
ethiopian cofee leaf dataset/train aug/Healthy/aug_0_5875.jpeg,Healthy,excluded_pattern,,
ethiopian cofee leaf dataset/train aug/Healthy/aug_0_5877.jpeg,Healthy,excluded_pattern,,
ethiopian cofee leaf dataset/train aug/Healthy/aug_0_5886.jpeg,Healthy,excluded_pattern,,
ethiopian cofee leaf dataset/train aug/Healthy/aug_0_5888.jpeg,Healthy,excluded_pattern,,
ethiopian cofee leaf dataset/train aug/Healthy/aug_0_5889.jpeg,Healthy,excluded_pattern,,
ethiopian cofee leaf dataset/train aug/Healthy/aug_0_5891.jpeg,Healthy,excluded_pattern,,
ethiopian cofee leaf dataset/train aug/Healthy/aug_0_5892.jpeg,Healthy,excluded_pattern,,
ethiopian cofee leaf dataset/train aug/Healthy/aug_0_5894.jpeg,Healthy,excluded_pattern,,
ethiopian cofee leaf dataset/train aug/Healthy/aug_0_5896.jpeg,Healthy,excluded_pattern,,
ethiopian cofee leaf dataset/train aug/Healthy/aug_0_5898.jpeg,Healthy,excluded_pattern,,
ethiopian cofee leaf dataset/train aug/Healthy/aug_0_59.jpeg,Healthy,excluded_pattern,,
ethiopian cofee leaf dataset/train aug/Healthy/aug_0_5902.jpeg,Healthy,excluded_pattern,,
ethiopian cofee leaf dataset/train aug/Healthy/aug_0_5903.jpeg,Healthy,excluded_pattern,,
ethiopian cofee leaf dataset/train aug/Healthy/aug_0_5907.jpeg,Healthy,excluded_pattern,,
ethiopian cofee leaf dataset/train aug/Healthy/aug_0_5909.jpeg,Healthy,excluded_pattern,,
ethiopian cofee leaf dataset/train aug/Healthy/aug_0_5912.jpeg,Healthy,excluded_pattern,,
ethiopian cofee leaf dataset/train aug/Healthy/aug_0_5916.jpeg,Healthy,excluded_pattern,,
ethiopian cofee leaf dataset/train aug/Healthy/aug_0_5917.jpeg,Healthy,excluded_pattern,,
ethiopian cofee leaf dataset/train aug/Healthy/aug_0_5918.jpeg,Healthy,excluded_pattern,,
ethiopian cofee leaf dataset/train aug/Healthy/aug_0_5919.jpeg,Healthy,excluded_pattern,,
ethiopian cofee leaf dataset/train aug/Healthy/aug_0_5923.jpeg,Healthy,excluded_pattern,,
ethiopian cofee leaf dataset/train aug/Healthy/aug_0_5925.jpeg,Healthy,excluded_pattern,,
ethiopian cofee leaf dataset/train aug/Healthy/aug_0_5931.jpeg,Healthy,excluded_pattern,,
ethiopian cofee leaf dataset/train aug/Healthy/aug_0_5935.jpeg,Healthy,excluded_pattern,,
ethiopian cofee leaf dataset/train aug/Healthy/aug_0_5937.jpeg,Healthy,excluded_pattern,,
ethiopian cofee leaf dataset/train aug/Healthy/aug_0_5944.jpeg,Healthy,excluded_pattern,,
ethiopian cofee leaf dataset/train aug/Healthy/aug_0_5950.jpeg,Healthy,excluded_pattern,,
ethiopian cofee leaf dataset/train aug/Healthy/aug_0_5951.jpeg,Healthy,excluded_pattern,,
ethiopian cofee leaf dataset/train aug/Healthy/aug_0_5953.jpeg,Healthy,excluded_pattern,,
ethiopian cofee leaf dataset/train aug/Healthy/aug_0_5956.jpeg,Healthy,excluded_pattern,,
ethiopian cofee leaf dataset/train aug/Healthy/aug_0_5959.jpeg,Healthy,excluded_pattern,,
ethiopian cofee leaf dataset/train aug/Healthy/aug_0_5960.jpeg,Healthy,excluded_pattern,,
ethiopian cofee leaf dataset/train aug/Healthy/aug_0_5964.jpeg,Healthy,excluded_pattern,,
ethiopian cofee leaf dataset/train aug/Healthy/aug_0_5965.jpeg,Healthy,excluded_pattern,,
ethiopian cofee leaf dataset/train aug/Healthy/aug_0_5968.jpeg,Healthy,excluded_pattern,,
ethiopian cofee leaf dataset/train aug/Healthy/aug_0_5970.jpeg,Healthy,excluded_pattern,,
ethiopian cofee leaf dataset/train aug/Healthy/aug_0_5972.jpeg,Healthy,excluded_pattern,,
ethiopian cofee leaf dataset/train aug/Healthy/aug_0_5973.jpeg,Healthy,excluded_pattern,,
ethiopian cofee leaf dataset/train aug/Healthy/aug_0_5974.jpeg,Healthy,excluded_pattern,,
ethiopian cofee leaf dataset/train aug/Healthy/aug_0_5975.jpeg,Healthy,excluded_pattern,,
ethiopian cofee leaf dataset/train aug/Healthy/aug_0_5984.jpeg,Healthy,excluded_pattern,,
ethiopian cofee leaf dataset/train aug/Healthy/aug_0_5987.jpeg,Healthy,excluded_pattern,,
ethiopian cofee leaf dataset/train aug/Healthy/aug_0_5989.jpeg,Healthy,excluded_pattern,,
ethiopian cofee leaf dataset/train aug/Healthy/aug_0_5994.jpeg,Healthy,excluded_pattern,,
ethiopian cofee leaf dataset/train aug/Healthy/aug_0_5998.jpeg,Healthy,excluded_pattern,,
ethiopian cofee leaf dataset/train aug/Healthy/aug_0_6000.jpeg,Healthy,excluded_pattern,,
ethiopian cofee leaf dataset/train aug/Healthy/aug_0_6001.jpeg,Healthy,excluded_pattern,,
ethiopian cofee leaf dataset/train aug/Healthy/aug_0_6004.jpeg,Healthy,excluded_pattern,,
ethiopian cofee leaf dataset/train aug/Healthy/aug_0_6008.jpeg,Healthy,excluded_pattern,,
ethiopian cofee leaf dataset/train aug/Healthy/aug_0_6017.jpeg,Healthy,excluded_pattern,,
ethiopian cofee leaf dataset/train aug/Healthy/aug_0_6020.jpeg,Healthy,excluded_pattern,,
ethiopian cofee leaf dataset/train aug/Healthy/aug_0_6021.jpeg,Healthy,excluded_pattern,,
ethiopian cofee leaf dataset/train aug/Healthy/aug_0_6037.jpeg,Healthy,excluded_pattern,,
ethiopian cofee leaf dataset/train aug/Healthy/aug_0_6038.jpeg,Healthy,excluded_pattern,,
ethiopian cofee leaf dataset/train aug/Healthy/aug_0_6046.jpeg,Healthy,excluded_pattern,,
ethiopian cofee leaf dataset/train aug/Healthy/aug_0_6048.jpeg,Healthy,excluded_pattern,,
ethiopian cofee leaf dataset/train aug/Healthy/aug_0_6049.jpeg,Healthy,excluded_pattern,,
ethiopian cofee leaf dataset/train aug/Healthy/aug_0_6050.jpeg,Healthy,excluded_pattern,,
ethiopian cofee leaf dataset/train aug/Healthy/aug_0_6052.jpeg,Healthy,excluded_pattern,,
ethiopian cofee leaf dataset/train aug/Healthy/aug_0_6055.jpeg,Healthy,excluded_pattern,,
ethiopian cofee leaf dataset/train aug/Healthy/aug_0_6057.jpeg,Healthy,excluded_pattern,,
ethiopian cofee leaf dataset/train aug/Healthy/aug_0_6061.jpeg,Healthy,excluded_pattern,,
ethiopian cofee leaf dataset/train aug/Healthy/aug_0_6064.jpeg,Healthy,excluded_pattern,,
ethiopian cofee leaf dataset/train aug/Healthy/aug_0_6065.jpeg,Healthy,excluded_pattern,,
ethiopian cofee leaf dataset/train aug/Healthy/aug_0_6067.jpeg,Healthy,excluded_pattern,,
ethiopian cofee leaf dataset/train aug/Healthy/aug_0_6073.jpeg,Healthy,excluded_pattern,,
ethiopian cofee leaf dataset/train aug/Healthy/aug_0_6078.jpeg,Healthy,excluded_pattern,,
ethiopian cofee leaf dataset/train aug/Healthy/aug_0_6080.jpeg,Healthy,excluded_pattern,,
ethiopian cofee leaf dataset/train aug/Healthy/aug_0_6081.jpeg,Healthy,excluded_pattern,,
ethiopian cofee leaf dataset/train aug/Healthy/aug_0_6089.jpeg,Healthy,excluded_pattern,,
ethiopian cofee leaf dataset/train aug/Healthy/aug_0_6095.jpeg,Healthy,excluded_pattern,,
ethiopian cofee leaf dataset/train aug/Healthy/aug_0_6097.jpeg,Healthy,excluded_pattern,,
ethiopian cofee leaf dataset/train aug/Healthy/aug_0_6101.jpeg,Healthy,excluded_pattern,,
ethiopian cofee leaf dataset/train aug/Healthy/aug_0_6103.jpeg,Healthy,excluded_pattern,,
ethiopian cofee leaf dataset/train aug/Healthy/aug_0_6104.jpeg,Healthy,excluded_pattern,,
ethiopian cofee leaf dataset/train aug/Healthy/aug_0_6109.jpeg,Healthy,excluded_pattern,,
ethiopian cofee leaf dataset/train aug/Healthy/aug_0_6110.jpeg,Healthy,excluded_pattern,,
ethiopian cofee leaf dataset/train aug/Healthy/aug_0_6111.jpeg,Healthy,excluded_pattern,,
ethiopian cofee leaf dataset/train aug/Healthy/aug_0_6114.jpeg,Healthy,excluded_pattern,,
ethiopian cofee leaf dataset/train aug/Healthy/aug_0_6120.jpeg,Healthy,excluded_pattern,,
ethiopian cofee leaf dataset/train aug/Healthy/aug_0_6122.jpeg,Healthy,excluded_pattern,,
ethiopian cofee leaf dataset/train aug/Healthy/aug_0_6123.jpeg,Healthy,excluded_pattern,,
ethiopian cofee leaf dataset/train aug/Healthy/aug_0_6127.jpeg,Healthy,excluded_pattern,,
ethiopian cofee leaf dataset/train aug/Healthy/aug_0_6128.jpeg,Healthy,excluded_pattern,,
ethiopian cofee leaf dataset/train aug/Healthy/aug_0_6132.jpeg,Healthy,excluded_pattern,,
ethiopian cofee leaf dataset/train aug/Healthy/aug_0_6135.jpeg,Healthy,excluded_pattern,,
ethiopian cofee leaf dataset/train aug/Healthy/aug_0_6139.jpeg,Healthy,excluded_pattern,,
ethiopian cofee leaf dataset/train aug/Healthy/aug_0_6140.jpeg,Healthy,excluded_pattern,,
ethiopian cofee leaf dataset/train aug/Healthy/aug_0_6142.jpeg,Healthy,excluded_pattern,,
ethiopian cofee leaf dataset/train aug/Healthy/aug_0_6143.jpeg,Healthy,excluded_pattern,,
ethiopian cofee leaf dataset/train aug/Healthy/aug_0_6145.jpeg,Healthy,excluded_pattern,,
ethiopian cofee leaf dataset/train aug/Healthy/aug_0_6146.jpeg,Healthy,excluded_pattern,,
ethiopian cofee leaf dataset/train aug/Healthy/aug_0_6148.jpeg,Healthy,excluded_pattern,,
ethiopian cofee leaf dataset/train aug/Healthy/aug_0_6155.jpeg,Healthy,excluded_pattern,,
ethiopian cofee leaf dataset/train aug/Healthy/aug_0_6160.jpeg,Healthy,excluded_pattern,,
ethiopian cofee leaf dataset/train aug/Healthy/aug_0_6163.jpeg,Healthy,excluded_pattern,,
ethiopian cofee leaf dataset/train aug/Healthy/aug_0_6169.jpeg,Healthy,excluded_pattern,,
ethiopian cofee leaf dataset/train aug/Healthy/aug_0_6181.jpeg,Healthy,excluded_pattern,,
ethiopian cofee leaf dataset/train aug/Healthy/aug_0_6188.jpeg,Healthy,excluded_pattern,,
ethiopian cofee leaf dataset/train aug/Healthy/aug_0_6191.jpeg,Healthy,excluded_pattern,,
ethiopian cofee leaf dataset/train aug/Healthy/aug_0_6193.jpeg,Healthy,excluded_pattern,,
ethiopian cofee leaf dataset/train aug/Healthy/aug_0_6194.jpeg,Healthy,excluded_pattern,,
ethiopian cofee leaf dataset/train aug/Healthy/aug_0_6196.jpeg,Healthy,excluded_pattern,,
ethiopian cofee leaf dataset/train aug/Healthy/aug_0_6198.jpeg,Healthy,excluded_pattern,,
ethiopian cofee leaf dataset/train aug/Healthy/aug_0_6202.jpeg,Healthy,excluded_pattern,,
ethiopian cofee leaf dataset/train aug/Healthy/aug_0_6208.jpeg,Healthy,excluded_pattern,,
ethiopian cofee leaf dataset/train aug/Healthy/aug_0_6216.jpeg,Healthy,excluded_pattern,,
ethiopian cofee leaf dataset/train aug/Healthy/aug_0_6224.jpeg,Healthy,excluded_pattern,,
ethiopian cofee leaf dataset/train aug/Healthy/aug_0_6227.jpeg,Healthy,excluded_pattern,,
ethiopian cofee leaf dataset/train aug/Healthy/aug_0_6229.jpeg,Healthy,excluded_pattern,,
ethiopian cofee leaf dataset/train aug/Healthy/aug_0_6230.jpeg,Healthy,excluded_pattern,,
ethiopian cofee leaf dataset/train aug/Healthy/aug_0_6231.jpeg,Healthy,excluded_pattern,,
ethiopian cofee leaf dataset/train aug/Healthy/aug_0_6237.jpeg,Healthy,excluded_pattern,,
ethiopian cofee leaf dataset/train aug/Healthy/aug_0_6241.jpeg,Healthy,excluded_pattern,,
ethiopian cofee leaf dataset/train aug/Healthy/aug_0_6246.jpeg,Healthy,excluded_pattern,,
ethiopian cofee leaf dataset/train aug/Healthy/aug_0_6251.jpeg,Healthy,excluded_pattern,,
ethiopian cofee leaf dataset/train aug/Healthy/aug_0_6252.jpeg,Healthy,excluded_pattern,,
ethiopian cofee leaf dataset/train aug/Healthy/aug_0_6255.jpeg,Healthy,excluded_pattern,,
ethiopian cofee leaf dataset/train aug/Healthy/aug_0_6256.jpeg,Healthy,excluded_pattern,,
ethiopian cofee leaf dataset/train aug/Healthy/aug_0_6257.jpeg,Healthy,excluded_pattern,,
ethiopian cofee leaf dataset/train aug/Healthy/aug_0_6258.jpeg,Healthy,excluded_pattern,,
ethiopian cofee leaf dataset/train aug/Healthy/aug_0_6259.jpeg,Healthy,excluded_pattern,,
ethiopian cofee leaf dataset/train aug/Healthy/aug_0_6260.jpeg,Healthy,excluded_pattern,,
ethiopian cofee leaf dataset/train aug/Healthy/aug_0_6262.jpeg,Healthy,excluded_pattern,,
ethiopian cofee leaf dataset/train aug/Healthy/aug_0_6269.jpeg,Healthy,excluded_pattern,,
ethiopian cofee leaf dataset/train aug/Healthy/aug_0_6272.jpeg,Healthy,excluded_pattern,,
ethiopian cofee leaf dataset/train aug/Healthy/aug_0_6276.jpeg,Healthy,excluded_pattern,,
ethiopian cofee leaf dataset/train aug/Healthy/aug_0_6279.jpeg,Healthy,excluded_pattern,,
ethiopian cofee leaf dataset/train aug/Healthy/aug_0_6283.jpeg,Healthy,excluded_pattern,,
ethiopian cofee leaf dataset/train aug/Healthy/aug_0_6295.jpeg,Healthy,excluded_pattern,,
ethiopian cofee leaf dataset/train aug/Healthy/aug_0_6300.jpeg,Healthy,excluded_pattern,,
ethiopian cofee leaf dataset/train aug/Healthy/aug_0_6303.jpeg,Healthy,excluded_pattern,,
ethiopian cofee leaf dataset/train aug/Healthy/aug_0_6306.jpeg,Healthy,excluded_pattern,,
ethiopian cofee leaf dataset/train aug/Healthy/aug_0_6314.jpeg,Healthy,excluded_pattern,,
ethiopian cofee leaf dataset/train aug/Healthy/aug_0_6316.jpeg,Healthy,excluded_pattern,,
ethiopian cofee leaf dataset/train aug/Healthy/aug_0_6320.jpeg,Healthy,excluded_pattern,,
ethiopian cofee leaf dataset/train aug/Healthy/aug_0_6321.jpeg,Healthy,excluded_pattern,,
ethiopian cofee leaf dataset/train aug/Healthy/aug_0_6323.jpeg,Healthy,excluded_pattern,,
ethiopian cofee leaf dataset/train aug/Healthy/aug_0_6326.jpeg,Healthy,excluded_pattern,,
ethiopian cofee leaf dataset/train aug/Healthy/aug_0_6327.jpeg,Healthy,excluded_pattern,,
ethiopian cofee leaf dataset/train aug/Healthy/aug_0_6328.jpeg,Healthy,excluded_pattern,,
ethiopian cofee leaf dataset/train aug/Healthy/aug_0_6333.jpeg,Healthy,excluded_pattern,,
ethiopian cofee leaf dataset/train aug/Healthy/aug_0_6334.jpeg,Healthy,excluded_pattern,,
ethiopian cofee leaf dataset/train aug/Healthy/aug_0_6348.jpeg,Healthy,excluded_pattern,,
ethiopian cofee leaf dataset/train aug/Healthy/aug_0_6349.jpeg,Healthy,excluded_pattern,,
ethiopian cofee leaf dataset/train aug/Healthy/aug_0_6350.jpeg,Healthy,excluded_pattern,,
ethiopian cofee leaf dataset/train aug/Healthy/aug_0_6358.jpeg,Healthy,excluded_pattern,,
ethiopian cofee leaf dataset/train aug/Healthy/aug_0_6361.jpeg,Healthy,excluded_pattern,,
ethiopian cofee leaf dataset/train aug/Healthy/aug_0_6367.jpeg,Healthy,excluded_pattern,,
ethiopian cofee leaf dataset/train aug/Healthy/aug_0_6381.jpeg,Healthy,excluded_pattern,,
ethiopian cofee leaf dataset/train aug/Healthy/aug_0_6385.jpeg,Healthy,excluded_pattern,,
ethiopian cofee leaf dataset/train aug/Healthy/aug_0_6388.jpeg,Healthy,excluded_pattern,,
ethiopian cofee leaf dataset/train aug/Healthy/aug_0_6389.jpeg,Healthy,excluded_pattern,,
ethiopian cofee leaf dataset/train aug/Healthy/aug_0_6391.jpeg,Healthy,excluded_pattern,,
ethiopian cofee leaf dataset/train aug/Healthy/aug_0_6393.jpeg,Healthy,excluded_pattern,,
ethiopian cofee leaf dataset/train aug/Healthy/aug_0_6396.jpeg,Healthy,excluded_pattern,,
ethiopian cofee leaf dataset/train aug/Healthy/aug_0_6400.jpeg,Healthy,excluded_pattern,,
ethiopian cofee leaf dataset/train aug/Healthy/aug_0_6401.jpeg,Healthy,excluded_pattern,,
ethiopian cofee leaf dataset/train aug/Healthy/aug_0_6402.jpeg,Healthy,excluded_pattern,,
ethiopian cofee leaf dataset/train aug/Healthy/aug_0_6404.jpeg,Healthy,excluded_pattern,,
ethiopian cofee leaf dataset/train aug/Healthy/aug_0_6405.jpeg,Healthy,excluded_pattern,,
ethiopian cofee leaf dataset/train aug/Healthy/aug_0_6407.jpeg,Healthy,excluded_pattern,,
ethiopian cofee leaf dataset/train aug/Healthy/aug_0_6408.jpeg,Healthy,excluded_pattern,,
ethiopian cofee leaf dataset/train aug/Healthy/aug_0_6410.jpeg,Healthy,excluded_pattern,,
ethiopian cofee leaf dataset/train aug/Healthy/aug_0_6422.jpeg,Healthy,excluded_pattern,,
ethiopian cofee leaf dataset/train aug/Healthy/aug_0_6425.jpeg,Healthy,excluded_pattern,,
ethiopian cofee leaf dataset/train aug/Healthy/aug_0_6429.jpeg,Healthy,excluded_pattern,,
ethiopian cofee leaf dataset/train aug/Healthy/aug_0_6430.jpeg,Healthy,excluded_pattern,,
ethiopian cofee leaf dataset/train aug/Healthy/aug_0_6431.jpeg,Healthy,excluded_pattern,,
ethiopian cofee leaf dataset/train aug/Healthy/aug_0_6436.jpeg,Healthy,excluded_pattern,,
ethiopian cofee leaf dataset/train aug/Healthy/aug_0_6437.jpeg,Healthy,excluded_pattern,,
ethiopian cofee leaf dataset/train aug/Healthy/aug_0_6441.jpeg,Healthy,excluded_pattern,,
ethiopian cofee leaf dataset/train aug/Healthy/aug_0_6443.jpeg,Healthy,excluded_pattern,,
ethiopian cofee leaf dataset/train aug/Healthy/aug_0_6445.jpeg,Healthy,excluded_pattern,,
ethiopian cofee leaf dataset/train aug/Healthy/aug_0_6448.jpeg,Healthy,excluded_pattern,,
ethiopian cofee leaf dataset/train aug/Healthy/aug_0_6456.jpeg,Healthy,excluded_pattern,,
ethiopian cofee leaf dataset/train aug/Healthy/aug_0_6460.jpeg,Healthy,excluded_pattern,,
ethiopian cofee leaf dataset/train aug/Healthy/aug_0_6465.jpeg,Healthy,excluded_pattern,,
ethiopian cofee leaf dataset/train aug/Healthy/aug_0_6470.jpeg,Healthy,excluded_pattern,,
ethiopian cofee leaf dataset/train aug/Healthy/aug_0_6471.jpeg,Healthy,excluded_pattern,,
ethiopian cofee leaf dataset/train aug/Healthy/aug_0_6472.jpeg,Healthy,excluded_pattern,,
ethiopian cofee leaf dataset/train aug/Healthy/aug_0_6475.jpeg,Healthy,excluded_pattern,,
ethiopian cofee leaf dataset/train aug/Healthy/aug_0_6480.jpeg,Healthy,excluded_pattern,,
ethiopian cofee leaf dataset/train aug/Healthy/aug_0_6487.jpeg,Healthy,excluded_pattern,,
ethiopian cofee leaf dataset/train aug/Healthy/aug_0_6490.jpeg,Healthy,excluded_pattern,,
ethiopian cofee leaf dataset/train aug/Healthy/aug_0_6493.jpeg,Healthy,excluded_pattern,,
ethiopian cofee leaf dataset/train aug/Healthy/aug_0_6496.jpeg,Healthy,excluded_pattern,,
ethiopian cofee leaf dataset/train aug/Healthy/aug_0_6497.jpeg,Healthy,excluded_pattern,,
ethiopian cofee leaf dataset/train aug/Healthy/aug_0_6498.jpeg,Healthy,excluded_pattern,,
ethiopian cofee leaf dataset/train aug/Healthy/aug_0_6502.jpeg,Healthy,excluded_pattern,,
ethiopian cofee leaf dataset/train aug/Healthy/aug_0_6513.jpeg,Healthy,excluded_pattern,,
ethiopian cofee leaf dataset/train aug/Healthy/aug_0_6514.jpeg,Healthy,excluded_pattern,,
ethiopian cofee leaf dataset/train aug/Healthy/aug_0_6515.jpeg,Healthy,excluded_pattern,,
ethiopian cofee leaf dataset/train aug/Healthy/aug_0_6516.jpeg,Healthy,excluded_pattern,,
ethiopian cofee leaf dataset/train aug/Healthy/aug_0_6520.jpeg,Healthy,excluded_pattern,,
ethiopian cofee leaf dataset/train aug/Healthy/aug_0_6522.jpeg,Healthy,excluded_pattern,,
ethiopian cofee leaf dataset/train aug/Healthy/aug_0_6523.jpeg,Healthy,excluded_pattern,,
ethiopian cofee leaf dataset/train aug/Healthy/aug_0_6535.jpeg,Healthy,excluded_pattern,,
ethiopian cofee leaf dataset/train aug/Healthy/aug_0_6537.jpeg,Healthy,excluded_pattern,,
ethiopian cofee leaf dataset/train aug/Healthy/aug_0_6538.jpeg,Healthy,excluded_pattern,,
ethiopian cofee leaf dataset/train aug/Healthy/aug_0_6540.jpeg,Healthy,excluded_pattern,,
ethiopian cofee leaf dataset/train aug/Healthy/aug_0_6541.jpeg,Healthy,excluded_pattern,,
ethiopian cofee leaf dataset/train aug/Healthy/aug_0_6544.jpeg,Healthy,excluded_pattern,,
ethiopian cofee leaf dataset/train aug/Healthy/aug_0_6545.jpeg,Healthy,excluded_pattern,,
ethiopian cofee leaf dataset/train aug/Healthy/aug_0_6551.jpeg,Healthy,excluded_pattern,,
ethiopian cofee leaf dataset/train aug/Healthy/aug_0_6553.jpeg,Healthy,excluded_pattern,,
ethiopian cofee leaf dataset/train aug/Healthy/aug_0_6556.jpeg,Healthy,excluded_pattern,,
ethiopian cofee leaf dataset/train aug/Healthy/aug_0_6563.jpeg,Healthy,excluded_pattern,,
ethiopian cofee leaf dataset/train aug/Healthy/aug_0_6564.jpeg,Healthy,excluded_pattern,,
ethiopian cofee leaf dataset/train aug/Healthy/aug_0_6566.jpeg,Healthy,excluded_pattern,,
ethiopian cofee leaf dataset/train aug/Healthy/aug_0_6568.jpeg,Healthy,excluded_pattern,,
ethiopian cofee leaf dataset/train aug/Healthy/aug_0_6575.jpeg,Healthy,excluded_pattern,,
ethiopian cofee leaf dataset/train aug/Healthy/aug_0_6576.jpeg,Healthy,excluded_pattern,,
ethiopian cofee leaf dataset/train aug/Healthy/aug_0_6579.jpeg,Healthy,excluded_pattern,,
ethiopian cofee leaf dataset/train aug/Healthy/aug_0_6580.jpeg,Healthy,excluded_pattern,,
ethiopian cofee leaf dataset/train aug/Healthy/aug_0_6586.jpeg,Healthy,excluded_pattern,,
ethiopian cofee leaf dataset/train aug/Healthy/aug_0_6595.jpeg,Healthy,excluded_pattern,,
ethiopian cofee leaf dataset/train aug/Healthy/aug_0_6596.jpeg,Healthy,excluded_pattern,,
ethiopian cofee leaf dataset/train aug/Healthy/aug_0_6599.jpeg,Healthy,excluded_pattern,,
ethiopian cofee leaf dataset/train aug/Healthy/aug_0_6600.jpeg,Healthy,excluded_pattern,,
ethiopian cofee leaf dataset/train aug/Healthy/aug_0_6601.jpeg,Healthy,excluded_pattern,,
ethiopian cofee leaf dataset/train aug/Healthy/aug_0_6603.jpeg,Healthy,excluded_pattern,,
ethiopian cofee leaf dataset/train aug/Healthy/aug_0_6608.jpeg,Healthy,excluded_pattern,,
ethiopian cofee leaf dataset/train aug/Healthy/aug_0_6610.jpeg,Healthy,excluded_pattern,,
ethiopian cofee leaf dataset/train aug/Healthy/aug_0_6611.jpeg,Healthy,excluded_pattern,,
ethiopian cofee leaf dataset/train aug/Healthy/aug_0_6616.jpeg,Healthy,excluded_pattern,,
ethiopian cofee leaf dataset/train aug/Healthy/aug_0_6617.jpeg,Healthy,excluded_pattern,,
ethiopian cofee leaf dataset/train aug/Healthy/aug_0_6619.jpeg,Healthy,excluded_pattern,,
ethiopian cofee leaf dataset/train aug/Healthy/aug_0_662.jpeg,Healthy,excluded_pattern,,
ethiopian cofee leaf dataset/train aug/Healthy/aug_0_6621.jpeg,Healthy,excluded_pattern,,
ethiopian cofee leaf dataset/train aug/Healthy/aug_0_6627.jpeg,Healthy,excluded_pattern,,
ethiopian cofee leaf dataset/train aug/Healthy/aug_0_6628.jpeg,Healthy,excluded_pattern,,
ethiopian cofee leaf dataset/train aug/Healthy/aug_0_6630.jpeg,Healthy,excluded_pattern,,
ethiopian cofee leaf dataset/train aug/Healthy/aug_0_6632.jpeg,Healthy,excluded_pattern,,
ethiopian cofee leaf dataset/train aug/Healthy/aug_0_6634.jpeg,Healthy,excluded_pattern,,
ethiopian cofee leaf dataset/train aug/Healthy/aug_0_6638.jpeg,Healthy,excluded_pattern,,
ethiopian cofee leaf dataset/train aug/Healthy/aug_0_664.jpeg,Healthy,excluded_pattern,,
ethiopian cofee leaf dataset/train aug/Healthy/aug_0_6640.jpeg,Healthy,excluded_pattern,,
ethiopian cofee leaf dataset/train aug/Healthy/aug_0_6649.jpeg,Healthy,excluded_pattern,,
ethiopian cofee leaf dataset/train aug/Healthy/aug_0_6650.jpeg,Healthy,excluded_pattern,,
ethiopian cofee leaf dataset/train aug/Healthy/aug_0_6651.jpeg,Healthy,excluded_pattern,,
ethiopian cofee leaf dataset/train aug/Healthy/aug_0_6652.jpeg,Healthy,excluded_pattern,,
ethiopian cofee leaf dataset/train aug/Healthy/aug_0_6656.jpeg,Healthy,excluded_pattern,,
ethiopian cofee leaf dataset/train aug/Healthy/aug_0_6659.jpeg,Healthy,excluded_pattern,,
ethiopian cofee leaf dataset/train aug/Healthy/aug_0_6664.jpeg,Healthy,excluded_pattern,,
ethiopian cofee leaf dataset/train aug/Healthy/aug_0_6669.jpeg,Healthy,excluded_pattern,,
ethiopian cofee leaf dataset/train aug/Healthy/aug_0_6670.jpeg,Healthy,excluded_pattern,,
ethiopian cofee leaf dataset/train aug/Healthy/aug_0_6674.jpeg,Healthy,excluded_pattern,,
ethiopian cofee leaf dataset/train aug/Healthy/aug_0_6678.jpeg,Healthy,excluded_pattern,,
ethiopian cofee leaf dataset/train aug/Healthy/aug_0_6681.jpeg,Healthy,excluded_pattern,,
ethiopian cofee leaf dataset/train aug/Healthy/aug_0_6683.jpeg,Healthy,excluded_pattern,,
ethiopian cofee leaf dataset/train aug/Healthy/aug_0_6688.jpeg,Healthy,excluded_pattern,,
ethiopian cofee leaf dataset/train aug/Healthy/aug_0_6690.jpeg,Healthy,excluded_pattern,,
ethiopian cofee leaf dataset/train aug/Healthy/aug_0_6691.jpeg,Healthy,excluded_pattern,,
ethiopian cofee leaf dataset/train aug/Healthy/aug_0_6699.jpeg,Healthy,excluded_pattern,,
ethiopian cofee leaf dataset/train aug/Healthy/aug_0_6703.jpeg,Healthy,excluded_pattern,,
ethiopian cofee leaf dataset/train aug/Healthy/aug_0_6704.jpeg,Healthy,excluded_pattern,,
ethiopian cofee leaf dataset/train aug/Healthy/aug_0_6705.jpeg,Healthy,excluded_pattern,,
ethiopian cofee leaf dataset/train aug/Healthy/aug_0_6711.jpeg,Healthy,excluded_pattern,,
ethiopian cofee leaf dataset/train aug/Healthy/aug_0_6714.jpeg,Healthy,excluded_pattern,,
ethiopian cofee leaf dataset/train aug/Healthy/aug_0_6717.jpeg,Healthy,excluded_pattern,,
ethiopian cofee leaf dataset/train aug/Healthy/aug_0_672.jpeg,Healthy,excluded_pattern,,
ethiopian cofee leaf dataset/train aug/Healthy/aug_0_6727.jpeg,Healthy,excluded_pattern,,
ethiopian cofee leaf dataset/train aug/Healthy/aug_0_6730.jpeg,Healthy,excluded_pattern,,
ethiopian cofee leaf dataset/train aug/Healthy/aug_0_6734.jpeg,Healthy,excluded_pattern,,
ethiopian cofee leaf dataset/train aug/Healthy/aug_0_6735.jpeg,Healthy,excluded_pattern,,
ethiopian cofee leaf dataset/train aug/Healthy/aug_0_6737.jpeg,Healthy,excluded_pattern,,
ethiopian cofee leaf dataset/train aug/Healthy/aug_0_6739.jpeg,Healthy,excluded_pattern,,
ethiopian cofee leaf dataset/train aug/Healthy/aug_0_674.jpeg,Healthy,excluded_pattern,,
ethiopian cofee leaf dataset/train aug/Healthy/aug_0_6742.jpeg,Healthy,excluded_pattern,,
ethiopian cofee leaf dataset/train aug/Healthy/aug_0_6746.jpeg,Healthy,excluded_pattern,,
ethiopian cofee leaf dataset/train aug/Healthy/aug_0_6748.jpeg,Healthy,excluded_pattern,,
ethiopian cofee leaf dataset/train aug/Healthy/aug_0_6750.jpeg,Healthy,excluded_pattern,,
ethiopian cofee leaf dataset/train aug/Healthy/aug_0_6753.jpeg,Healthy,excluded_pattern,,
ethiopian cofee leaf dataset/train aug/Healthy/aug_0_6757.jpeg,Healthy,excluded_pattern,,
ethiopian cofee leaf dataset/train aug/Healthy/aug_0_676.jpeg,Healthy,excluded_pattern,,
ethiopian cofee leaf dataset/train aug/Healthy/aug_0_6760.jpeg,Healthy,excluded_pattern,,
ethiopian cofee leaf dataset/train aug/Healthy/aug_0_6761.jpeg,Healthy,excluded_pattern,,
ethiopian cofee leaf dataset/train aug/Healthy/aug_0_6766.jpeg,Healthy,excluded_pattern,,
ethiopian cofee leaf dataset/train aug/Healthy/aug_0_6768.jpeg,Healthy,excluded_pattern,,
ethiopian cofee leaf dataset/train aug/Healthy/aug_0_6770.jpeg,Healthy,excluded_pattern,,
ethiopian cofee leaf dataset/train aug/Healthy/aug_0_6774.jpeg,Healthy,excluded_pattern,,
ethiopian cofee leaf dataset/train aug/Healthy/aug_0_6780.jpeg,Healthy,excluded_pattern,,
ethiopian cofee leaf dataset/train aug/Healthy/aug_0_6781.jpeg,Healthy,excluded_pattern,,
ethiopian cofee leaf dataset/train aug/Healthy/aug_0_6783.jpeg,Healthy,excluded_pattern,,
ethiopian cofee leaf dataset/train aug/Healthy/aug_0_6784.jpeg,Healthy,excluded_pattern,,
ethiopian cofee leaf dataset/train aug/Healthy/aug_0_6785.jpeg,Healthy,excluded_pattern,,
ethiopian cofee leaf dataset/train aug/Healthy/aug_0_6787.jpeg,Healthy,excluded_pattern,,
ethiopian cofee leaf dataset/train aug/Healthy/aug_0_6788.jpeg,Healthy,excluded_pattern,,
ethiopian cofee leaf dataset/train aug/Healthy/aug_0_6794.jpeg,Healthy,excluded_pattern,,
ethiopian cofee leaf dataset/train aug/Healthy/aug_0_6797.jpeg,Healthy,excluded_pattern,,
ethiopian cofee leaf dataset/train aug/Healthy/aug_0_68.jpeg,Healthy,excluded_pattern,,
ethiopian cofee leaf dataset/train aug/Healthy/aug_0_6801.jpeg,Healthy,excluded_pattern,,
ethiopian cofee leaf dataset/train aug/Healthy/aug_0_6802.jpeg,Healthy,excluded_pattern,,
ethiopian cofee leaf dataset/train aug/Healthy/aug_0_6808.jpeg,Healthy,excluded_pattern,,
ethiopian cofee leaf dataset/train aug/Healthy/aug_0_6809.jpeg,Healthy,excluded_pattern,,
ethiopian cofee leaf dataset/train aug/Healthy/aug_0_681.jpeg,Healthy,excluded_pattern,,
ethiopian cofee leaf dataset/train aug/Healthy/aug_0_6811.jpeg,Healthy,excluded_pattern,,
ethiopian cofee leaf dataset/train aug/Healthy/aug_0_6814.jpeg,Healthy,excluded_pattern,,
ethiopian cofee leaf dataset/train aug/Healthy/aug_0_6816.jpeg,Healthy,excluded_pattern,,
ethiopian cofee leaf dataset/train aug/Healthy/aug_0_6817.jpeg,Healthy,excluded_pattern,,
ethiopian cofee leaf dataset/train aug/Healthy/aug_0_6818.jpeg,Healthy,excluded_pattern,,
ethiopian cofee leaf dataset/train aug/Healthy/aug_0_6819.jpeg,Healthy,excluded_pattern,,
ethiopian cofee leaf dataset/train aug/Healthy/aug_0_682.jpeg,Healthy,excluded_pattern,,
ethiopian cofee leaf dataset/train aug/Healthy/aug_0_6820.jpeg,Healthy,excluded_pattern,,
ethiopian cofee leaf dataset/train aug/Healthy/aug_0_6821.jpeg,Healthy,excluded_pattern,,
ethiopian cofee leaf dataset/train aug/Healthy/aug_0_6824.jpeg,Healthy,excluded_pattern,,
ethiopian cofee leaf dataset/train aug/Healthy/aug_0_6826.jpeg,Healthy,excluded_pattern,,
ethiopian cofee leaf dataset/train aug/Healthy/aug_0_6827.jpeg,Healthy,excluded_pattern,,
ethiopian cofee leaf dataset/train aug/Healthy/aug_0_6831.jpeg,Healthy,excluded_pattern,,
ethiopian cofee leaf dataset/train aug/Healthy/aug_0_6832.jpeg,Healthy,excluded_pattern,,
ethiopian cofee leaf dataset/train aug/Healthy/aug_0_6837.jpeg,Healthy,excluded_pattern,,
ethiopian cofee leaf dataset/train aug/Healthy/aug_0_6838.jpeg,Healthy,excluded_pattern,,
ethiopian cofee leaf dataset/train aug/Healthy/aug_0_6840.jpeg,Healthy,excluded_pattern,,
ethiopian cofee leaf dataset/train aug/Healthy/aug_0_6846.jpeg,Healthy,excluded_pattern,,
ethiopian cofee leaf dataset/train aug/Healthy/aug_0_6847.jpeg,Healthy,excluded_pattern,,
ethiopian cofee leaf dataset/train aug/Healthy/aug_0_6849.jpeg,Healthy,excluded_pattern,,
ethiopian cofee leaf dataset/train aug/Healthy/aug_0_685.jpeg,Healthy,excluded_pattern,,
ethiopian cofee leaf dataset/train aug/Healthy/aug_0_6853.jpeg,Healthy,excluded_pattern,,
ethiopian cofee leaf dataset/train aug/Healthy/aug_0_6857.jpeg,Healthy,excluded_pattern,,
ethiopian cofee leaf dataset/train aug/Healthy/aug_0_6862.jpeg,Healthy,excluded_pattern,,
ethiopian cofee leaf dataset/train aug/Healthy/aug_0_6865.jpeg,Healthy,excluded_pattern,,
ethiopian cofee leaf dataset/train aug/Healthy/aug_0_6867.jpeg,Healthy,excluded_pattern,,
ethiopian cofee leaf dataset/train aug/Healthy/aug_0_6868.jpeg,Healthy,excluded_pattern,,
ethiopian cofee leaf dataset/train aug/Healthy/aug_0_6870.jpeg,Healthy,excluded_pattern,,
ethiopian cofee leaf dataset/train aug/Healthy/aug_0_6878.jpeg,Healthy,excluded_pattern,,
ethiopian cofee leaf dataset/train aug/Healthy/aug_0_6879.jpeg,Healthy,excluded_pattern,,
ethiopian cofee leaf dataset/train aug/Healthy/aug_0_688.jpeg,Healthy,excluded_pattern,,
ethiopian cofee leaf dataset/train aug/Healthy/aug_0_6888.jpeg,Healthy,excluded_pattern,,
ethiopian cofee leaf dataset/train aug/Healthy/aug_0_6890.jpeg,Healthy,excluded_pattern,,
ethiopian cofee leaf dataset/train aug/Healthy/aug_0_6891.jpeg,Healthy,excluded_pattern,,
ethiopian cofee leaf dataset/train aug/Healthy/aug_0_6893.jpeg,Healthy,excluded_pattern,,
ethiopian cofee leaf dataset/train aug/Healthy/aug_0_6899.jpeg,Healthy,excluded_pattern,,
ethiopian cofee leaf dataset/train aug/Healthy/aug_0_690.jpeg,Healthy,excluded_pattern,,
ethiopian cofee leaf dataset/train aug/Healthy/aug_0_6903.jpeg,Healthy,excluded_pattern,,
ethiopian cofee leaf dataset/train aug/Healthy/aug_0_6906.jpeg,Healthy,excluded_pattern,,
ethiopian cofee leaf dataset/train aug/Healthy/aug_0_6909.jpeg,Healthy,excluded_pattern,,
ethiopian cofee leaf dataset/train aug/Healthy/aug_0_691.jpeg,Healthy,excluded_pattern,,
ethiopian cofee leaf dataset/train aug/Healthy/aug_0_6911.jpeg,Healthy,excluded_pattern,,
ethiopian cofee leaf dataset/train aug/Healthy/aug_0_6912.jpeg,Healthy,excluded_pattern,,
ethiopian cofee leaf dataset/train aug/Healthy/aug_0_6914.jpeg,Healthy,excluded_pattern,,
ethiopian cofee leaf dataset/train aug/Healthy/aug_0_6916.jpeg,Healthy,excluded_pattern,,
ethiopian cofee leaf dataset/train aug/Healthy/aug_0_6922.jpeg,Healthy,excluded_pattern,,
ethiopian cofee leaf dataset/train aug/Healthy/aug_0_6925.jpeg,Healthy,excluded_pattern,,
ethiopian cofee leaf dataset/train aug/Healthy/aug_0_6929.jpeg,Healthy,excluded_pattern,,
ethiopian cofee leaf dataset/train aug/Healthy/aug_0_6930.jpeg,Healthy,excluded_pattern,,
ethiopian cofee leaf dataset/train aug/Healthy/aug_0_6941.jpeg,Healthy,excluded_pattern,,
ethiopian cofee leaf dataset/train aug/Healthy/aug_0_6943.jpeg,Healthy,excluded_pattern,,
ethiopian cofee leaf dataset/train aug/Healthy/aug_0_6944.jpeg,Healthy,excluded_pattern,,
ethiopian cofee leaf dataset/train aug/Healthy/aug_0_6945.jpeg,Healthy,excluded_pattern,,
ethiopian cofee leaf dataset/train aug/Healthy/aug_0_6946.jpeg,Healthy,excluded_pattern,,
ethiopian cofee leaf dataset/train aug/Healthy/aug_0_6954.jpeg,Healthy,excluded_pattern,,
ethiopian cofee leaf dataset/train aug/Healthy/aug_0_6955.jpeg,Healthy,excluded_pattern,,
ethiopian cofee leaf dataset/train aug/Healthy/aug_0_6958.jpeg,Healthy,excluded_pattern,,
ethiopian cofee leaf dataset/train aug/Healthy/aug_0_6959.jpeg,Healthy,excluded_pattern,,
ethiopian cofee leaf dataset/train aug/Healthy/aug_0_6962.jpeg,Healthy,excluded_pattern,,
ethiopian cofee leaf dataset/train aug/Healthy/aug_0_6963.jpeg,Healthy,excluded_pattern,,
ethiopian cofee leaf dataset/train aug/Healthy/aug_0_6969.jpeg,Healthy,excluded_pattern,,
ethiopian cofee leaf dataset/train aug/Healthy/aug_0_6972.jpeg,Healthy,excluded_pattern,,
ethiopian cofee leaf dataset/train aug/Healthy/aug_0_698.jpeg,Healthy,excluded_pattern,,
ethiopian cofee leaf dataset/train aug/Healthy/aug_0_6983.jpeg,Healthy,excluded_pattern,,
ethiopian cofee leaf dataset/train aug/Healthy/aug_0_6988.jpeg,Healthy,excluded_pattern,,
ethiopian cofee leaf dataset/train aug/Healthy/aug_0_6989.jpeg,Healthy,excluded_pattern,,
ethiopian cofee leaf dataset/train aug/Healthy/aug_0_6990.jpeg,Healthy,excluded_pattern,,
ethiopian cofee leaf dataset/train aug/Healthy/aug_0_6991.jpeg,Healthy,excluded_pattern,,
ethiopian cofee leaf dataset/train aug/Healthy/aug_0_6995.jpeg,Healthy,excluded_pattern,,
ethiopian cofee leaf dataset/train aug/Healthy/aug_0_6996.jpeg,Healthy,excluded_pattern,,
ethiopian cofee leaf dataset/train aug/Healthy/aug_0_70.jpeg,Healthy,excluded_pattern,,
ethiopian cofee leaf dataset/train aug/Healthy/aug_0_7001.jpeg,Healthy,excluded_pattern,,
ethiopian cofee leaf dataset/train aug/Healthy/aug_0_7003.jpeg,Healthy,excluded_pattern,,
ethiopian cofee leaf dataset/train aug/Healthy/aug_0_7005.jpeg,Healthy,excluded_pattern,,
ethiopian cofee leaf dataset/train aug/Healthy/aug_0_7010.jpeg,Healthy,excluded_pattern,,
ethiopian cofee leaf dataset/train aug/Healthy/aug_0_7011.jpeg,Healthy,excluded_pattern,,
ethiopian cofee leaf dataset/train aug/Healthy/aug_0_7013.jpeg,Healthy,excluded_pattern,,
ethiopian cofee leaf dataset/train aug/Healthy/aug_0_7015.jpeg,Healthy,excluded_pattern,,
ethiopian cofee leaf dataset/train aug/Healthy/aug_0_7018.jpeg,Healthy,excluded_pattern,,
ethiopian cofee leaf dataset/train aug/Healthy/aug_0_7021.jpeg,Healthy,excluded_pattern,,
ethiopian cofee leaf dataset/train aug/Healthy/aug_0_7023.jpeg,Healthy,excluded_pattern,,
ethiopian cofee leaf dataset/train aug/Healthy/aug_0_7025.jpeg,Healthy,excluded_pattern,,
ethiopian cofee leaf dataset/train aug/Healthy/aug_0_7026.jpeg,Healthy,excluded_pattern,,
ethiopian cofee leaf dataset/train aug/Healthy/aug_0_7029.jpeg,Healthy,excluded_pattern,,
ethiopian cofee leaf dataset/train aug/Healthy/aug_0_7031.jpeg,Healthy,excluded_pattern,,
ethiopian cofee leaf dataset/train aug/Healthy/aug_0_7034.jpeg,Healthy,excluded_pattern,,
ethiopian cofee leaf dataset/train aug/Healthy/aug_0_7045.jpeg,Healthy,excluded_pattern,,
ethiopian cofee leaf dataset/train aug/Healthy/aug_0_7046.jpeg,Healthy,excluded_pattern,,
ethiopian cofee leaf dataset/train aug/Healthy/aug_0_7047.jpeg,Healthy,excluded_pattern,,
ethiopian cofee leaf dataset/train aug/Healthy/aug_0_7050.jpeg,Healthy,excluded_pattern,,
ethiopian cofee leaf dataset/train aug/Healthy/aug_0_7052.jpeg,Healthy,excluded_pattern,,
ethiopian cofee leaf dataset/train aug/Healthy/aug_0_7053.jpeg,Healthy,excluded_pattern,,
ethiopian cofee leaf dataset/train aug/Healthy/aug_0_7054.jpeg,Healthy,excluded_pattern,,
ethiopian cofee leaf dataset/train aug/Healthy/aug_0_7059.jpeg,Healthy,excluded_pattern,,
ethiopian cofee leaf dataset/train aug/Healthy/aug_0_7062.jpeg,Healthy,excluded_pattern,,
ethiopian cofee leaf dataset/train aug/Healthy/aug_0_7070.jpeg,Healthy,excluded_pattern,,
ethiopian cofee leaf dataset/train aug/Healthy/aug_0_7071.jpeg,Healthy,excluded_pattern,,
ethiopian cofee leaf dataset/train aug/Healthy/aug_0_7076.jpeg,Healthy,excluded_pattern,,
ethiopian cofee leaf dataset/train aug/Healthy/aug_0_709.jpeg,Healthy,excluded_pattern,,
ethiopian cofee leaf dataset/train aug/Healthy/aug_0_715.jpeg,Healthy,excluded_pattern,,
ethiopian cofee leaf dataset/train aug/Healthy/aug_0_716.jpeg,Healthy,excluded_pattern,,
ethiopian cofee leaf dataset/train aug/Healthy/aug_0_729.jpeg,Healthy,excluded_pattern,,
ethiopian cofee leaf dataset/train aug/Healthy/aug_0_73.jpeg,Healthy,excluded_pattern,,
ethiopian cofee leaf dataset/train aug/Healthy/aug_0_730.jpeg,Healthy,excluded_pattern,,
ethiopian cofee leaf dataset/train aug/Healthy/aug_0_734.jpeg,Healthy,excluded_pattern,,
ethiopian cofee leaf dataset/train aug/Healthy/aug_0_736.jpeg,Healthy,excluded_pattern,,
ethiopian cofee leaf dataset/train aug/Healthy/aug_0_738.jpeg,Healthy,excluded_pattern,,
ethiopian cofee leaf dataset/train aug/Healthy/aug_0_740.jpeg,Healthy,excluded_pattern,,
ethiopian cofee leaf dataset/train aug/Healthy/aug_0_743.jpeg,Healthy,excluded_pattern,,
ethiopian cofee leaf dataset/train aug/Healthy/aug_0_744.jpeg,Healthy,excluded_pattern,,
ethiopian cofee leaf dataset/train aug/Healthy/aug_0_745.jpeg,Healthy,excluded_pattern,,
ethiopian cofee leaf dataset/train aug/Healthy/aug_0_747.jpeg,Healthy,excluded_pattern,,
ethiopian cofee leaf dataset/train aug/Healthy/aug_0_755.jpeg,Healthy,excluded_pattern,,
ethiopian cofee leaf dataset/train aug/Healthy/aug_0_756.jpeg,Healthy,excluded_pattern,,
ethiopian cofee leaf dataset/train aug/Healthy/aug_0_758.jpeg,Healthy,excluded_pattern,,
ethiopian cofee leaf dataset/train aug/Healthy/aug_0_76.jpeg,Healthy,excluded_pattern,,
ethiopian cofee leaf dataset/train aug/Healthy/aug_0_762.jpeg,Healthy,excluded_pattern,,
ethiopian cofee leaf dataset/train aug/Healthy/aug_0_763.jpeg,Healthy,excluded_pattern,,
ethiopian cofee leaf dataset/train aug/Healthy/aug_0_769.jpeg,Healthy,excluded_pattern,,
ethiopian cofee leaf dataset/train aug/Healthy/aug_0_774.jpeg,Healthy,excluded_pattern,,
ethiopian cofee leaf dataset/train aug/Healthy/aug_0_780.jpeg,Healthy,excluded_pattern,,
ethiopian cofee leaf dataset/train aug/Healthy/aug_0_782.jpeg,Healthy,excluded_pattern,,
ethiopian cofee leaf dataset/train aug/Healthy/aug_0_784.jpeg,Healthy,excluded_pattern,,
ethiopian cofee leaf dataset/train aug/Healthy/aug_0_787.jpeg,Healthy,excluded_pattern,,
ethiopian cofee leaf dataset/train aug/Healthy/aug_0_79.jpeg,Healthy,excluded_pattern,,
ethiopian cofee leaf dataset/train aug/Healthy/aug_0_790.jpeg,Healthy,excluded_pattern,,
ethiopian cofee leaf dataset/train aug/Healthy/aug_0_791.jpeg,Healthy,excluded_pattern,,
ethiopian cofee leaf dataset/train aug/Healthy/aug_0_795.jpeg,Healthy,excluded_pattern,,
ethiopian cofee leaf dataset/train aug/Healthy/aug_0_8.jpeg,Healthy,excluded_pattern,,
ethiopian cofee leaf dataset/train aug/Healthy/aug_0_801.jpeg,Healthy,excluded_pattern,,
ethiopian cofee leaf dataset/train aug/Healthy/aug_0_803.jpeg,Healthy,excluded_pattern,,
ethiopian cofee leaf dataset/train aug/Healthy/aug_0_804.jpeg,Healthy,excluded_pattern,,
ethiopian cofee leaf dataset/train aug/Healthy/aug_0_805.jpeg,Healthy,excluded_pattern,,
ethiopian cofee leaf dataset/train aug/Healthy/aug_0_807.jpeg,Healthy,excluded_pattern,,
ethiopian cofee leaf dataset/train aug/Healthy/aug_0_808.jpeg,Healthy,excluded_pattern,,
ethiopian cofee leaf dataset/train aug/Healthy/aug_0_809.jpeg,Healthy,excluded_pattern,,
ethiopian cofee leaf dataset/train aug/Healthy/aug_0_81.jpeg,Healthy,excluded_pattern,,
ethiopian cofee leaf dataset/train aug/Healthy/aug_0_82.jpeg,Healthy,excluded_pattern,,
ethiopian cofee leaf dataset/train aug/Healthy/aug_0_823.jpeg,Healthy,excluded_pattern,,
ethiopian cofee leaf dataset/train aug/Healthy/aug_0_826.jpeg,Healthy,excluded_pattern,,
ethiopian cofee leaf dataset/train aug/Healthy/aug_0_832.jpeg,Healthy,excluded_pattern,,
ethiopian cofee leaf dataset/train aug/Healthy/aug_0_833.jpeg,Healthy,excluded_pattern,,
ethiopian cofee leaf dataset/train aug/Healthy/aug_0_844.jpeg,Healthy,excluded_pattern,,
ethiopian cofee leaf dataset/train aug/Healthy/aug_0_845.jpeg,Healthy,excluded_pattern,,
ethiopian cofee leaf dataset/train aug/Healthy/aug_0_848.jpeg,Healthy,excluded_pattern,,
ethiopian cofee leaf dataset/train aug/Healthy/aug_0_849.jpeg,Healthy,excluded_pattern,,
ethiopian cofee leaf dataset/train aug/Healthy/aug_0_851.jpeg,Healthy,excluded_pattern,,
ethiopian cofee leaf dataset/train aug/Healthy/aug_0_853.jpeg,Healthy,excluded_pattern,,
ethiopian cofee leaf dataset/train aug/Healthy/aug_0_855.jpeg,Healthy,excluded_pattern,,
ethiopian cofee leaf dataset/train aug/Healthy/aug_0_858.jpeg,Healthy,excluded_pattern,,
ethiopian cofee leaf dataset/train aug/Healthy/aug_0_860.jpeg,Healthy,excluded_pattern,,
ethiopian cofee leaf dataset/train aug/Healthy/aug_0_865.jpeg,Healthy,excluded_pattern,,
ethiopian cofee leaf dataset/train aug/Healthy/aug_0_868.jpeg,Healthy,excluded_pattern,,
ethiopian cofee leaf dataset/train aug/Healthy/aug_0_876.jpeg,Healthy,excluded_pattern,,
ethiopian cofee leaf dataset/train aug/Healthy/aug_0_878.jpeg,Healthy,excluded_pattern,,
ethiopian cofee leaf dataset/train aug/Healthy/aug_0_882.jpeg,Healthy,excluded_pattern,,
ethiopian cofee leaf dataset/train aug/Healthy/aug_0_891.jpeg,Healthy,excluded_pattern,,
ethiopian cofee leaf dataset/train aug/Healthy/aug_0_892.jpeg,Healthy,excluded_pattern,,
ethiopian cofee leaf dataset/train aug/Healthy/aug_0_894.jpeg,Healthy,excluded_pattern,,
ethiopian cofee leaf dataset/train aug/Healthy/aug_0_896.jpeg,Healthy,excluded_pattern,,
ethiopian cofee leaf dataset/train aug/Healthy/aug_0_900.jpeg,Healthy,excluded_pattern,,
ethiopian cofee leaf dataset/train aug/Healthy/aug_0_906.jpeg,Healthy,excluded_pattern,,
ethiopian cofee leaf dataset/train aug/Healthy/aug_0_912.jpeg,Healthy,excluded_pattern,,
ethiopian cofee leaf dataset/train aug/Healthy/aug_0_913.jpeg,Healthy,excluded_pattern,,
ethiopian cofee leaf dataset/train aug/Healthy/aug_0_916.jpeg,Healthy,excluded_pattern,,
ethiopian cofee leaf dataset/train aug/Healthy/aug_0_9174.jpeg,Healthy,excluded_pattern,,
ethiopian cofee leaf dataset/train aug/Healthy/aug_0_9177.jpeg,Healthy,excluded_pattern,,
ethiopian cofee leaf dataset/train aug/Healthy/aug_0_918.jpeg,Healthy,excluded_pattern,,
ethiopian cofee leaf dataset/train aug/Healthy/aug_0_9182.jpeg,Healthy,excluded_pattern,,
ethiopian cofee leaf dataset/train aug/Healthy/aug_0_9187.jpeg,Healthy,excluded_pattern,,
ethiopian cofee leaf dataset/train aug/Healthy/aug_0_9188.jpeg,Healthy,excluded_pattern,,
ethiopian cofee leaf dataset/train aug/Healthy/aug_0_9189.jpeg,Healthy,excluded_pattern,,
ethiopian cofee leaf dataset/train aug/Healthy/aug_0_9191.jpeg,Healthy,excluded_pattern,,
ethiopian cofee leaf dataset/train aug/Healthy/aug_0_9192.jpeg,Healthy,excluded_pattern,,
ethiopian cofee leaf dataset/train aug/Healthy/aug_0_9196.jpeg,Healthy,excluded_pattern,,
ethiopian cofee leaf dataset/train aug/Healthy/aug_0_920.jpeg,Healthy,excluded_pattern,,
ethiopian cofee leaf dataset/train aug/Healthy/aug_0_9200.jpeg,Healthy,excluded_pattern,,
ethiopian cofee leaf dataset/train aug/Healthy/aug_0_9206.jpeg,Healthy,excluded_pattern,,
ethiopian cofee leaf dataset/train aug/Healthy/aug_0_9209.jpeg,Healthy,excluded_pattern,,
ethiopian cofee leaf dataset/train aug/Healthy/aug_0_921.jpeg,Healthy,excluded_pattern,,
ethiopian cofee leaf dataset/train aug/Healthy/aug_0_9214.jpeg,Healthy,excluded_pattern,,
ethiopian cofee leaf dataset/train aug/Healthy/aug_0_9221.jpeg,Healthy,excluded_pattern,,
ethiopian cofee leaf dataset/train aug/Healthy/aug_0_9223.jpeg,Healthy,excluded_pattern,,
ethiopian cofee leaf dataset/train aug/Healthy/aug_0_9224.jpeg,Healthy,excluded_pattern,,
ethiopian cofee leaf dataset/train aug/Healthy/aug_0_9226.jpeg,Healthy,excluded_pattern,,
ethiopian cofee leaf dataset/train aug/Healthy/aug_0_923.jpeg,Healthy,excluded_pattern,,
ethiopian cofee leaf dataset/train aug/Healthy/aug_0_9230.jpeg,Healthy,excluded_pattern,,
ethiopian cofee leaf dataset/train aug/Healthy/aug_0_9233.jpeg,Healthy,excluded_pattern,,
ethiopian cofee leaf dataset/train aug/Healthy/aug_0_9234.jpeg,Healthy,excluded_pattern,,
ethiopian cofee leaf dataset/train aug/Healthy/aug_0_9235.jpeg,Healthy,excluded_pattern,,
ethiopian cofee leaf dataset/train aug/Healthy/aug_0_9236.jpeg,Healthy,excluded_pattern,,
ethiopian cofee leaf dataset/train aug/Healthy/aug_0_9238.jpeg,Healthy,excluded_pattern,,
ethiopian cofee leaf dataset/train aug/Healthy/aug_0_9243.jpeg,Healthy,excluded_pattern,,
ethiopian cofee leaf dataset/train aug/Healthy/aug_0_9247.jpeg,Healthy,excluded_pattern,,
ethiopian cofee leaf dataset/train aug/Healthy/aug_0_925.jpeg,Healthy,excluded_pattern,,
ethiopian cofee leaf dataset/train aug/Healthy/aug_0_9253.jpeg,Healthy,excluded_pattern,,
ethiopian cofee leaf dataset/train aug/Healthy/aug_0_9254.jpeg,Healthy,excluded_pattern,,
ethiopian cofee leaf dataset/train aug/Healthy/aug_0_9257.jpeg,Healthy,excluded_pattern,,
ethiopian cofee leaf dataset/train aug/Healthy/aug_0_9258.jpeg,Healthy,excluded_pattern,,
ethiopian cofee leaf dataset/train aug/Healthy/aug_0_9259.jpeg,Healthy,excluded_pattern,,
ethiopian cofee leaf dataset/train aug/Healthy/aug_0_9261.jpeg,Healthy,excluded_pattern,,
ethiopian cofee leaf dataset/train aug/Healthy/aug_0_9268.jpeg,Healthy,excluded_pattern,,
ethiopian cofee leaf dataset/train aug/Healthy/aug_0_9269.jpeg,Healthy,excluded_pattern,,
ethiopian cofee leaf dataset/train aug/Healthy/aug_0_927.jpeg,Healthy,excluded_pattern,,
ethiopian cofee leaf dataset/train aug/Healthy/aug_0_9271.jpeg,Healthy,excluded_pattern,,
ethiopian cofee leaf dataset/train aug/Healthy/aug_0_9275.jpeg,Healthy,excluded_pattern,,
ethiopian cofee leaf dataset/train aug/Healthy/aug_0_9276.jpeg,Healthy,excluded_pattern,,
ethiopian cofee leaf dataset/train aug/Healthy/aug_0_9279.jpeg,Healthy,excluded_pattern,,
ethiopian cofee leaf dataset/train aug/Healthy/aug_0_9283.jpeg,Healthy,excluded_pattern,,
ethiopian cofee leaf dataset/train aug/Healthy/aug_0_9286.jpeg,Healthy,excluded_pattern,,
ethiopian cofee leaf dataset/train aug/Healthy/aug_0_9287.jpeg,Healthy,excluded_pattern,,
ethiopian cofee leaf dataset/train aug/Healthy/aug_0_9289.jpeg,Healthy,excluded_pattern,,
ethiopian cofee leaf dataset/train aug/Healthy/aug_0_9290.jpeg,Healthy,excluded_pattern,,
ethiopian cofee leaf dataset/train aug/Healthy/aug_0_9298.jpeg,Healthy,excluded_pattern,,
ethiopian cofee leaf dataset/train aug/Healthy/aug_0_93.jpeg,Healthy,excluded_pattern,,
ethiopian cofee leaf dataset/train aug/Healthy/aug_0_930.jpeg,Healthy,excluded_pattern,,
ethiopian cofee leaf dataset/train aug/Healthy/aug_0_9302.jpeg,Healthy,excluded_pattern,,
ethiopian cofee leaf dataset/train aug/Healthy/aug_0_9304.jpeg,Healthy,excluded_pattern,,
ethiopian cofee leaf dataset/train aug/Healthy/aug_0_9305.jpeg,Healthy,excluded_pattern,,
ethiopian cofee leaf dataset/train aug/Healthy/aug_0_9308.jpeg,Healthy,excluded_pattern,,
ethiopian cofee leaf dataset/train aug/Healthy/aug_0_931.jpeg,Healthy,excluded_pattern,,
ethiopian cofee leaf dataset/train aug/Healthy/aug_0_9316.jpeg,Healthy,excluded_pattern,,
ethiopian cofee leaf dataset/train aug/Healthy/aug_0_9319.jpeg,Healthy,excluded_pattern,,
ethiopian cofee leaf dataset/train aug/Healthy/aug_0_932.jpeg,Healthy,excluded_pattern,,
ethiopian cofee leaf dataset/train aug/Healthy/aug_0_9322.jpeg,Healthy,excluded_pattern,,
ethiopian cofee leaf dataset/train aug/Healthy/aug_0_9328.jpeg,Healthy,excluded_pattern,,
ethiopian cofee leaf dataset/train aug/Healthy/aug_0_9329.jpeg,Healthy,excluded_pattern,,
ethiopian cofee leaf dataset/train aug/Healthy/aug_0_933.jpeg,Healthy,excluded_pattern,,
ethiopian cofee leaf dataset/train aug/Healthy/aug_0_9331.jpeg,Healthy,excluded_pattern,,
ethiopian cofee leaf dataset/train aug/Healthy/aug_0_9332.jpeg,Healthy,excluded_pattern,,
ethiopian cofee leaf dataset/train aug/Healthy/aug_0_9342.jpeg,Healthy,excluded_pattern,,
ethiopian cofee leaf dataset/train aug/Healthy/aug_0_9343.jpeg,Healthy,excluded_pattern,,
ethiopian cofee leaf dataset/train aug/Healthy/aug_0_9347.jpeg,Healthy,excluded_pattern,,
ethiopian cofee leaf dataset/train aug/Healthy/aug_0_935.jpeg,Healthy,excluded_pattern,,
ethiopian cofee leaf dataset/train aug/Healthy/aug_0_9353.jpeg,Healthy,excluded_pattern,,
ethiopian cofee leaf dataset/train aug/Healthy/aug_0_9355.jpeg,Healthy,excluded_pattern,,
ethiopian cofee leaf dataset/train aug/Healthy/aug_0_9357.jpeg,Healthy,excluded_pattern,,
ethiopian cofee leaf dataset/train aug/Healthy/aug_0_9358.jpeg,Healthy,excluded_pattern,,
ethiopian cofee leaf dataset/train aug/Healthy/aug_0_9363.jpeg,Healthy,excluded_pattern,,
ethiopian cofee leaf dataset/train aug/Healthy/aug_0_9371.jpeg,Healthy,excluded_pattern,,
ethiopian cofee leaf dataset/train aug/Healthy/aug_0_9376.jpeg,Healthy,excluded_pattern,,
ethiopian cofee leaf dataset/train aug/Healthy/aug_0_9377.jpeg,Healthy,excluded_pattern,,
ethiopian cofee leaf dataset/train aug/Healthy/aug_0_9383.jpeg,Healthy,excluded_pattern,,
ethiopian cofee leaf dataset/train aug/Healthy/aug_0_9386.jpeg,Healthy,excluded_pattern,,
ethiopian cofee leaf dataset/train aug/Healthy/aug_0_9393.jpeg,Healthy,excluded_pattern,,
ethiopian cofee leaf dataset/train aug/Healthy/aug_0_9394.jpeg,Healthy,excluded_pattern,,
ethiopian cofee leaf dataset/train aug/Healthy/aug_0_9395.jpeg,Healthy,excluded_pattern,,
ethiopian cofee leaf dataset/train aug/Healthy/aug_0_9396.jpeg,Healthy,excluded_pattern,,
ethiopian cofee leaf dataset/train aug/Healthy/aug_0_9397.jpeg,Healthy,excluded_pattern,,
ethiopian cofee leaf dataset/train aug/Healthy/aug_0_9398.jpeg,Healthy,excluded_pattern,,
ethiopian cofee leaf dataset/train aug/Healthy/aug_0_9400.jpeg,Healthy,excluded_pattern,,
ethiopian cofee leaf dataset/train aug/Healthy/aug_0_9401.jpeg,Healthy,excluded_pattern,,
ethiopian cofee leaf dataset/train aug/Healthy/aug_0_9406.jpeg,Healthy,excluded_pattern,,
ethiopian cofee leaf dataset/train aug/Healthy/aug_0_9408.jpeg,Healthy,excluded_pattern,,
ethiopian cofee leaf dataset/train aug/Healthy/aug_0_9409.jpeg,Healthy,excluded_pattern,,
ethiopian cofee leaf dataset/train aug/Healthy/aug_0_9410.jpeg,Healthy,excluded_pattern,,
ethiopian cofee leaf dataset/train aug/Healthy/aug_0_9413.jpeg,Healthy,excluded_pattern,,
ethiopian cofee leaf dataset/train aug/Healthy/aug_0_9423.jpeg,Healthy,excluded_pattern,,
ethiopian cofee leaf dataset/train aug/Healthy/aug_0_9426.jpeg,Healthy,excluded_pattern,,
ethiopian cofee leaf dataset/train aug/Healthy/aug_0_9430.jpeg,Healthy,excluded_pattern,,
ethiopian cofee leaf dataset/train aug/Healthy/aug_0_9432.jpeg,Healthy,excluded_pattern,,
ethiopian cofee leaf dataset/train aug/Healthy/aug_0_9435.jpeg,Healthy,excluded_pattern,,
ethiopian cofee leaf dataset/train aug/Healthy/aug_0_9448.jpeg,Healthy,excluded_pattern,,
ethiopian cofee leaf dataset/train aug/Healthy/aug_0_945.jpeg,Healthy,excluded_pattern,,
ethiopian cofee leaf dataset/train aug/Healthy/aug_0_9455.jpeg,Healthy,excluded_pattern,,
ethiopian cofee leaf dataset/train aug/Healthy/aug_0_9456.jpeg,Healthy,excluded_pattern,,
ethiopian cofee leaf dataset/train aug/Healthy/aug_0_9457.jpeg,Healthy,excluded_pattern,,
ethiopian cofee leaf dataset/train aug/Healthy/aug_0_9458.jpeg,Healthy,excluded_pattern,,
ethiopian cofee leaf dataset/train aug/Healthy/aug_0_9459.jpeg,Healthy,excluded_pattern,,
ethiopian cofee leaf dataset/train aug/Healthy/aug_0_946.jpeg,Healthy,excluded_pattern,,
ethiopian cofee leaf dataset/train aug/Healthy/aug_0_9460.jpeg,Healthy,excluded_pattern,,
ethiopian cofee leaf dataset/train aug/Healthy/aug_0_9461.jpeg,Healthy,excluded_pattern,,
ethiopian cofee leaf dataset/train aug/Healthy/aug_0_9464.jpeg,Healthy,excluded_pattern,,
ethiopian cofee leaf dataset/train aug/Healthy/aug_0_9466.jpeg,Healthy,excluded_pattern,,
ethiopian cofee leaf dataset/train aug/Healthy/aug_0_9469.jpeg,Healthy,excluded_pattern,,
ethiopian cofee leaf dataset/train aug/Healthy/aug_0_9472.jpeg,Healthy,excluded_pattern,,
ethiopian cofee leaf dataset/train aug/Healthy/aug_0_9474.jpeg,Healthy,excluded_pattern,,
ethiopian cofee leaf dataset/train aug/Healthy/aug_0_9477.jpeg,Healthy,excluded_pattern,,
ethiopian cofee leaf dataset/train aug/Healthy/aug_0_948.jpeg,Healthy,excluded_pattern,,
ethiopian cofee leaf dataset/train aug/Healthy/aug_0_9492.jpeg,Healthy,excluded_pattern,,
ethiopian cofee leaf dataset/train aug/Healthy/aug_0_9497.jpeg,Healthy,excluded_pattern,,
ethiopian cofee leaf dataset/train aug/Healthy/aug_0_9499.jpeg,Healthy,excluded_pattern,,
ethiopian cofee leaf dataset/train aug/Healthy/aug_0_95.jpeg,Healthy,excluded_pattern,,
ethiopian cofee leaf dataset/train aug/Healthy/aug_0_9500.jpeg,Healthy,excluded_pattern,,
ethiopian cofee leaf dataset/train aug/Healthy/aug_0_9501.jpeg,Healthy,excluded_pattern,,
ethiopian cofee leaf dataset/train aug/Healthy/aug_0_9505.jpeg,Healthy,excluded_pattern,,
ethiopian cofee leaf dataset/train aug/Healthy/aug_0_9510.jpeg,Healthy,excluded_pattern,,
ethiopian cofee leaf dataset/train aug/Healthy/aug_0_9512.jpeg,Healthy,excluded_pattern,,
ethiopian cofee leaf dataset/train aug/Healthy/aug_0_9514.jpeg,Healthy,excluded_pattern,,
ethiopian cofee leaf dataset/train aug/Healthy/aug_0_9515.jpeg,Healthy,excluded_pattern,,
ethiopian cofee leaf dataset/train aug/Healthy/aug_0_9516.jpeg,Healthy,excluded_pattern,,
ethiopian cofee leaf dataset/train aug/Healthy/aug_0_9518.jpeg,Healthy,excluded_pattern,,
ethiopian cofee leaf dataset/train aug/Healthy/aug_0_9525.jpeg,Healthy,excluded_pattern,,
ethiopian cofee leaf dataset/train aug/Healthy/aug_0_9533.jpeg,Healthy,excluded_pattern,,
ethiopian cofee leaf dataset/train aug/Healthy/aug_0_9537.jpeg,Healthy,excluded_pattern,,
ethiopian cofee leaf dataset/train aug/Healthy/aug_0_954.jpeg,Healthy,excluded_pattern,,
ethiopian cofee leaf dataset/train aug/Healthy/aug_0_9540.jpeg,Healthy,excluded_pattern,,
ethiopian cofee leaf dataset/train aug/Healthy/aug_0_9541.jpeg,Healthy,excluded_pattern,,
ethiopian cofee leaf dataset/train aug/Healthy/aug_0_9546.jpeg,Healthy,excluded_pattern,,
ethiopian cofee leaf dataset/train aug/Healthy/aug_0_9551.jpeg,Healthy,excluded_pattern,,
ethiopian cofee leaf dataset/train aug/Healthy/aug_0_9559.jpeg,Healthy,excluded_pattern,,
ethiopian cofee leaf dataset/train aug/Healthy/aug_0_956.jpeg,Healthy,excluded_pattern,,
ethiopian cofee leaf dataset/train aug/Healthy/aug_0_9560.jpeg,Healthy,excluded_pattern,,
ethiopian cofee leaf dataset/train aug/Healthy/aug_0_9567.jpeg,Healthy,excluded_pattern,,
ethiopian cofee leaf dataset/train aug/Healthy/aug_0_9575.jpeg,Healthy,excluded_pattern,,
ethiopian cofee leaf dataset/train aug/Healthy/aug_0_9576.jpeg,Healthy,excluded_pattern,,
ethiopian cofee leaf dataset/train aug/Healthy/aug_0_9578.jpeg,Healthy,excluded_pattern,,
ethiopian cofee leaf dataset/train aug/Healthy/aug_0_9579.jpeg,Healthy,excluded_pattern,,
ethiopian cofee leaf dataset/train aug/Healthy/aug_0_9580.jpeg,Healthy,excluded_pattern,,
ethiopian cofee leaf dataset/train aug/Healthy/aug_0_959.jpeg,Healthy,excluded_pattern,,
ethiopian cofee leaf dataset/train aug/Healthy/aug_0_9590.jpeg,Healthy,excluded_pattern,,
ethiopian cofee leaf dataset/train aug/Healthy/aug_0_9594.jpeg,Healthy,excluded_pattern,,
ethiopian cofee leaf dataset/train aug/Healthy/aug_0_9595.jpeg,Healthy,excluded_pattern,,
ethiopian cofee leaf dataset/train aug/Healthy/aug_0_9602.jpeg,Healthy,excluded_pattern,,
ethiopian cofee leaf dataset/train aug/Healthy/aug_0_9603.jpeg,Healthy,excluded_pattern,,
ethiopian cofee leaf dataset/train aug/Healthy/aug_0_9604.jpeg,Healthy,excluded_pattern,,
ethiopian cofee leaf dataset/train aug/Healthy/aug_0_9607.jpeg,Healthy,excluded_pattern,,
ethiopian cofee leaf dataset/train aug/Healthy/aug_0_962.jpeg,Healthy,excluded_pattern,,
ethiopian cofee leaf dataset/train aug/Healthy/aug_0_9624.jpeg,Healthy,excluded_pattern,,
ethiopian cofee leaf dataset/train aug/Healthy/aug_0_9629.jpeg,Healthy,excluded_pattern,,
ethiopian cofee leaf dataset/train aug/Healthy/aug_0_9630.jpeg,Healthy,excluded_pattern,,
ethiopian cofee leaf dataset/train aug/Healthy/aug_0_9631.jpeg,Healthy,excluded_pattern,,
ethiopian cofee leaf dataset/train aug/Healthy/aug_0_9634.jpeg,Healthy,excluded_pattern,,
ethiopian cofee leaf dataset/train aug/Healthy/aug_0_964.jpeg,Healthy,excluded_pattern,,
ethiopian cofee leaf dataset/train aug/Healthy/aug_0_9640.jpeg,Healthy,excluded_pattern,,
ethiopian cofee leaf dataset/train aug/Healthy/aug_0_9647.jpeg,Healthy,excluded_pattern,,
ethiopian cofee leaf dataset/train aug/Healthy/aug_0_965.jpeg,Healthy,excluded_pattern,,
ethiopian cofee leaf dataset/train aug/Healthy/aug_0_9651.jpeg,Healthy,excluded_pattern,,
ethiopian cofee leaf dataset/train aug/Healthy/aug_0_9652.jpeg,Healthy,excluded_pattern,,
ethiopian cofee leaf dataset/train aug/Healthy/aug_0_9658.jpeg,Healthy,excluded_pattern,,
ethiopian cofee leaf dataset/train aug/Healthy/aug_0_966.jpeg,Healthy,excluded_pattern,,
ethiopian cofee leaf dataset/train aug/Healthy/aug_0_9662.jpeg,Healthy,excluded_pattern,,
ethiopian cofee leaf dataset/train aug/Healthy/aug_0_9665.jpeg,Healthy,excluded_pattern,,
ethiopian cofee leaf dataset/train aug/Healthy/aug_0_9666.jpeg,Healthy,excluded_pattern,,
ethiopian cofee leaf dataset/train aug/Healthy/aug_0_9670.jpeg,Healthy,excluded_pattern,,
ethiopian cofee leaf dataset/train aug/Healthy/aug_0_9676.jpeg,Healthy,excluded_pattern,,
ethiopian cofee leaf dataset/train aug/Healthy/aug_0_9683.jpeg,Healthy,excluded_pattern,,
ethiopian cofee leaf dataset/train aug/Healthy/aug_0_9687.jpeg,Healthy,excluded_pattern,,
ethiopian cofee leaf dataset/train aug/Healthy/aug_0_9691.jpeg,Healthy,excluded_pattern,,
ethiopian cofee leaf dataset/train aug/Healthy/aug_0_9695.jpeg,Healthy,excluded_pattern,,
ethiopian cofee leaf dataset/train aug/Healthy/aug_0_970.jpeg,Healthy,excluded_pattern,,
ethiopian cofee leaf dataset/train aug/Healthy/aug_0_9700.jpeg,Healthy,excluded_pattern,,
ethiopian cofee leaf dataset/train aug/Healthy/aug_0_9704.jpeg,Healthy,excluded_pattern,,
ethiopian cofee leaf dataset/train aug/Healthy/aug_0_9705.jpeg,Healthy,excluded_pattern,,
ethiopian cofee leaf dataset/train aug/Healthy/aug_0_9706.jpeg,Healthy,excluded_pattern,,
ethiopian cofee leaf dataset/train aug/Healthy/aug_0_971.jpeg,Healthy,excluded_pattern,,
ethiopian cofee leaf dataset/train aug/Healthy/aug_0_9711.jpeg,Healthy,excluded_pattern,,
ethiopian cofee leaf dataset/train aug/Healthy/aug_0_9717.jpeg,Healthy,excluded_pattern,,
ethiopian cofee leaf dataset/train aug/Healthy/aug_0_9735.jpeg,Healthy,excluded_pattern,,
ethiopian cofee leaf dataset/train aug/Healthy/aug_0_9737.jpeg,Healthy,excluded_pattern,,
ethiopian cofee leaf dataset/train aug/Healthy/aug_0_974.jpeg,Healthy,excluded_pattern,,
ethiopian cofee leaf dataset/train aug/Healthy/aug_0_9741.jpeg,Healthy,excluded_pattern,,
ethiopian cofee leaf dataset/train aug/Healthy/aug_0_9745.jpeg,Healthy,excluded_pattern,,
ethiopian cofee leaf dataset/train aug/Healthy/aug_0_9747.jpeg,Healthy,excluded_pattern,,
ethiopian cofee leaf dataset/train aug/Healthy/aug_0_9748.jpeg,Healthy,excluded_pattern,,
ethiopian cofee leaf dataset/train aug/Healthy/aug_0_9749.jpeg,Healthy,excluded_pattern,,
ethiopian cofee leaf dataset/train aug/Healthy/aug_0_9750.jpeg,Healthy,excluded_pattern,,
ethiopian cofee leaf dataset/train aug/Healthy/aug_0_9753.jpeg,Healthy,excluded_pattern,,
ethiopian cofee leaf dataset/train aug/Healthy/aug_0_9755.jpeg,Healthy,excluded_pattern,,
ethiopian cofee leaf dataset/train aug/Healthy/aug_0_9757.jpeg,Healthy,excluded_pattern,,
ethiopian cofee leaf dataset/train aug/Healthy/aug_0_9761.jpeg,Healthy,excluded_pattern,,
ethiopian cofee leaf dataset/train aug/Healthy/aug_0_9762.jpeg,Healthy,excluded_pattern,,
ethiopian cofee leaf dataset/train aug/Healthy/aug_0_9766.jpeg,Healthy,excluded_pattern,,
ethiopian cofee leaf dataset/train aug/Healthy/aug_0_9767.jpeg,Healthy,excluded_pattern,,
ethiopian cofee leaf dataset/train aug/Healthy/aug_0_977.jpeg,Healthy,excluded_pattern,,
ethiopian cofee leaf dataset/train aug/Healthy/aug_0_9771.jpeg,Healthy,excluded_pattern,,
ethiopian cofee leaf dataset/train aug/Healthy/aug_0_9772.jpeg,Healthy,excluded_pattern,,
ethiopian cofee leaf dataset/train aug/Healthy/aug_0_9775.jpeg,Healthy,excluded_pattern,,
ethiopian cofee leaf dataset/train aug/Healthy/aug_0_9776.jpeg,Healthy,excluded_pattern,,
ethiopian cofee leaf dataset/train aug/Healthy/aug_0_9777.jpeg,Healthy,excluded_pattern,,
ethiopian cofee leaf dataset/train aug/Healthy/aug_0_9779.jpeg,Healthy,excluded_pattern,,
ethiopian cofee leaf dataset/train aug/Healthy/aug_0_9784.jpeg,Healthy,excluded_pattern,,
ethiopian cofee leaf dataset/train aug/Healthy/aug_0_9788.jpeg,Healthy,excluded_pattern,,
ethiopian cofee leaf dataset/train aug/Healthy/aug_0_9789.jpeg,Healthy,excluded_pattern,,
ethiopian cofee leaf dataset/train aug/Healthy/aug_0_9790.jpeg,Healthy,excluded_pattern,,
ethiopian cofee leaf dataset/train aug/Healthy/aug_0_9791.jpeg,Healthy,excluded_pattern,,
ethiopian cofee leaf dataset/train aug/Healthy/aug_0_9793.jpeg,Healthy,excluded_pattern,,
ethiopian cofee leaf dataset/train aug/Healthy/aug_0_9795.jpeg,Healthy,excluded_pattern,,
ethiopian cofee leaf dataset/train aug/Healthy/aug_0_9799.jpeg,Healthy,excluded_pattern,,
ethiopian cofee leaf dataset/train aug/Healthy/aug_0_980.jpeg,Healthy,excluded_pattern,,
ethiopian cofee leaf dataset/train aug/Healthy/aug_0_9800.jpeg,Healthy,excluded_pattern,,
ethiopian cofee leaf dataset/train aug/Healthy/aug_0_9803.jpeg,Healthy,excluded_pattern,,
ethiopian cofee leaf dataset/train aug/Healthy/aug_0_9804.jpeg,Healthy,excluded_pattern,,
ethiopian cofee leaf dataset/train aug/Healthy/aug_0_9806.jpeg,Healthy,excluded_pattern,,
ethiopian cofee leaf dataset/train aug/Healthy/aug_0_9816.jpeg,Healthy,excluded_pattern,,
ethiopian cofee leaf dataset/train aug/Healthy/aug_0_9821.jpeg,Healthy,excluded_pattern,,
ethiopian cofee leaf dataset/train aug/Healthy/aug_0_9823.jpeg,Healthy,excluded_pattern,,
ethiopian cofee leaf dataset/train aug/Healthy/aug_0_9829.jpeg,Healthy,excluded_pattern,,
ethiopian cofee leaf dataset/train aug/Healthy/aug_0_9833.jpeg,Healthy,excluded_pattern,,
ethiopian cofee leaf dataset/train aug/Healthy/aug_0_9838.jpeg,Healthy,excluded_pattern,,
ethiopian cofee leaf dataset/train aug/Healthy/aug_0_984.jpeg,Healthy,excluded_pattern,,
ethiopian cofee leaf dataset/train aug/Healthy/aug_0_9844.jpeg,Healthy,excluded_pattern,,
ethiopian cofee leaf dataset/train aug/Healthy/aug_0_9845.jpeg,Healthy,excluded_pattern,,
ethiopian cofee leaf dataset/train aug/Healthy/aug_0_9849.jpeg,Healthy,excluded_pattern,,
ethiopian cofee leaf dataset/train aug/Healthy/aug_0_9852.jpeg,Healthy,excluded_pattern,,
ethiopian cofee leaf dataset/train aug/Healthy/aug_0_9857.jpeg,Healthy,excluded_pattern,,
ethiopian cofee leaf dataset/train aug/Healthy/aug_0_9858.jpeg,Healthy,excluded_pattern,,
ethiopian cofee leaf dataset/train aug/Healthy/aug_0_9860.jpeg,Healthy,excluded_pattern,,
ethiopian cofee leaf dataset/train aug/Healthy/aug_0_9861.jpeg,Healthy,excluded_pattern,,
ethiopian cofee leaf dataset/train aug/Healthy/aug_0_9863.jpeg,Healthy,excluded_pattern,,
ethiopian cofee leaf dataset/train aug/Healthy/aug_0_9868.jpeg,Healthy,excluded_pattern,,
ethiopian cofee leaf dataset/train aug/Healthy/aug_0_9870.jpeg,Healthy,excluded_pattern,,
ethiopian cofee leaf dataset/train aug/Healthy/aug_0_9871.jpeg,Healthy,excluded_pattern,,
ethiopian cofee leaf dataset/train aug/Healthy/aug_0_9875.jpeg,Healthy,excluded_pattern,,
ethiopian cofee leaf dataset/train aug/Healthy/aug_0_9876.jpeg,Healthy,excluded_pattern,,
ethiopian cofee leaf dataset/train aug/Healthy/aug_0_9878.jpeg,Healthy,excluded_pattern,,
ethiopian cofee leaf dataset/train aug/Healthy/aug_0_988.jpeg,Healthy,excluded_pattern,,
ethiopian cofee leaf dataset/train aug/Healthy/aug_0_9881.jpeg,Healthy,excluded_pattern,,
ethiopian cofee leaf dataset/train aug/Healthy/aug_0_9886.jpeg,Healthy,excluded_pattern,,
ethiopian cofee leaf dataset/train aug/Healthy/aug_0_9889.jpeg,Healthy,excluded_pattern,,
ethiopian cofee leaf dataset/train aug/Healthy/aug_0_9890.jpeg,Healthy,excluded_pattern,,
ethiopian cofee leaf dataset/train aug/Healthy/aug_0_9893.jpeg,Healthy,excluded_pattern,,
ethiopian cofee leaf dataset/train aug/Healthy/aug_0_9894.jpeg,Healthy,excluded_pattern,,
ethiopian cofee leaf dataset/train aug/Healthy/aug_0_9899.jpeg,Healthy,excluded_pattern,,
ethiopian cofee leaf dataset/train aug/Healthy/aug_0_99.jpeg,Healthy,excluded_pattern,,
ethiopian cofee leaf dataset/train aug/Healthy/aug_0_9900.jpeg,Healthy,excluded_pattern,,
ethiopian cofee leaf dataset/train aug/Healthy/aug_0_9904.jpeg,Healthy,excluded_pattern,,
ethiopian cofee leaf dataset/train aug/Healthy/aug_0_9910.jpeg,Healthy,excluded_pattern,,
ethiopian cofee leaf dataset/train aug/Healthy/aug_0_9911.jpeg,Healthy,excluded_pattern,,
ethiopian cofee leaf dataset/train aug/Healthy/aug_0_9913.jpeg,Healthy,excluded_pattern,,
ethiopian cofee leaf dataset/train aug/Healthy/aug_0_9914.jpeg,Healthy,excluded_pattern,,
ethiopian cofee leaf dataset/train aug/Healthy/aug_0_9915.jpeg,Healthy,excluded_pattern,,
ethiopian cofee leaf dataset/train aug/Healthy/aug_0_9917.jpeg,Healthy,excluded_pattern,,
ethiopian cofee leaf dataset/train aug/Healthy/aug_0_9921.jpeg,Healthy,excluded_pattern,,
ethiopian cofee leaf dataset/train aug/Healthy/aug_0_9922.jpeg,Healthy,excluded_pattern,,
ethiopian cofee leaf dataset/train aug/Healthy/aug_0_9923.jpeg,Healthy,excluded_pattern,,
ethiopian cofee leaf dataset/train aug/Healthy/aug_0_9928.jpeg,Healthy,excluded_pattern,,
ethiopian cofee leaf dataset/train aug/Healthy/aug_0_9939.jpeg,Healthy,excluded_pattern,,
ethiopian cofee leaf dataset/train aug/Healthy/aug_0_9941.jpeg,Healthy,excluded_pattern,,
ethiopian cofee leaf dataset/train aug/Healthy/aug_0_9944.jpeg,Healthy,excluded_pattern,,
ethiopian cofee leaf dataset/train aug/Healthy/aug_0_9945.jpeg,Healthy,excluded_pattern,,
ethiopian cofee leaf dataset/train aug/Healthy/aug_0_9946.jpeg,Healthy,excluded_pattern,,
ethiopian cofee leaf dataset/train aug/Healthy/aug_0_9949.jpeg,Healthy,excluded_pattern,,
ethiopian cofee leaf dataset/train aug/Healthy/aug_0_995.jpeg,Healthy,excluded_pattern,,
ethiopian cofee leaf dataset/train aug/Healthy/aug_0_9950.jpeg,Healthy,excluded_pattern,,
ethiopian cofee leaf dataset/train aug/Healthy/aug_0_9956.jpeg,Healthy,excluded_pattern,,
ethiopian cofee leaf dataset/train aug/Healthy/aug_0_9959.jpeg,Healthy,excluded_pattern,,
ethiopian cofee leaf dataset/train aug/Healthy/aug_0_9962.jpeg,Healthy,excluded_pattern,,
ethiopian cofee leaf dataset/train aug/Healthy/aug_0_9968.jpeg,Healthy,excluded_pattern,,
ethiopian cofee leaf dataset/train aug/Healthy/aug_0_9969.jpeg,Healthy,excluded_pattern,,
ethiopian cofee leaf dataset/train aug/Healthy/aug_0_997.jpeg,Healthy,excluded_pattern,,
ethiopian cofee leaf dataset/train aug/Healthy/aug_0_9970.jpeg,Healthy,excluded_pattern,,
ethiopian cofee leaf dataset/train aug/Healthy/aug_0_9973.jpeg,Healthy,excluded_pattern,,
ethiopian cofee leaf dataset/train aug/Healthy/aug_0_9974.jpeg,Healthy,excluded_pattern,,
ethiopian cofee leaf dataset/train aug/Healthy/aug_0_9977.jpeg,Healthy,excluded_pattern,,
ethiopian cofee leaf dataset/train aug/Healthy/aug_0_9984.jpeg,Healthy,excluded_pattern,,
ethiopian cofee leaf dataset/train aug/Healthy/aug_0_9990.jpeg,Healthy,excluded_pattern,,
ethiopian cofee leaf dataset/train aug/Healthy/aug_0_9992.jpeg,Healthy,excluded_pattern,,
ethiopian cofee leaf dataset/train aug/Healthy/aug_0_9993.jpeg,Healthy,excluded_pattern,,
ethiopian cofee leaf dataset/train aug/Healthy/aug_0_9995.jpeg,Healthy,excluded_pattern,,
ethiopian cofee leaf dataset/train aug/Healthy/aug_0_9997.jpeg,Healthy,excluded_pattern,,
ethiopian cofee leaf dataset/train aug/Leaf rust/1550.jpg,Leaf Rust,conflict,,
ethiopian cofee leaf dataset/train aug/Leaf rust/1595.jpg,Leaf Rust,conflict,,
ethiopian cofee leaf dataset/train aug/Leaf rust/1596.jpg,Leaf Rust,conflict,,
ethiopian cofee leaf dataset/train aug/Leaf rust/1597.jpg,Leaf Rust,conflict,,
ethiopian cofee leaf dataset/train aug/Leaf rust/1598.jpg,Leaf Rust,conflict,,
ethiopian cofee leaf dataset/train aug/Leaf rust/1599.jpg,Leaf Rust,conflict,,
ethiopian cofee leaf dataset/train aug/Leaf rust/1600.jpg,Leaf Rust,conflict,,
ethiopian cofee leaf dataset/train aug/Leaf rust/1601.jpg,Leaf Rust,conflict,,
ethiopian cofee leaf dataset/train aug/Leaf rust/1602.jpg,Leaf Rust,conflict,,
ethiopian cofee leaf dataset/train aug/Leaf rust/1603.jpg,Leaf Rust,conflict,,
ethiopian cofee leaf dataset/train aug/Leaf rust/20231122_135241 (2).jpg,Leaf Rust,conflict,,
ethiopian cofee leaf dataset/train aug/Leaf rust/20231122_135324 (2).jpg,Leaf Rust,conflict,,
ethiopian cofee leaf dataset/train aug/Leaf rust/20231122_135455 (2).jpg,Leaf Rust,conflict,,
ethiopian cofee leaf dataset/train aug/Leaf rust/20231122_135521 (2).jpg,Leaf Rust,conflict,,
ethiopian cofee leaf dataset/train aug/Leaf rust/20231122_135529 (2).jpg,Leaf Rust,conflict,,
ethiopian cofee leaf dataset/train aug/Leaf rust/20231122_135605.jpg,Leaf Rust,conflict,,
ethiopian cofee leaf dataset/train aug/Leaf rust/20231122_135612 (2).jpg,Leaf Rust,conflict,,
ethiopian cofee leaf dataset/train aug/Leaf rust/20231122_140239 (2).jpg,Leaf Rust,conflict,,
ethiopian cofee leaf dataset/train aug/Leaf rust/20231122_140441 (2).jpg,Leaf Rust,conflict,,
ethiopian cofee leaf dataset/train aug/Leaf rust/20231122_140550 (2).jpg,Leaf Rust,conflict,,
ethiopian cofee leaf dataset/train aug/Leaf rust/20231122_141201 (2).jpg,Leaf Rust,conflict,,
ethiopian cofee leaf dataset/train aug/Leaf rust/20231122_151937.jpg,Leaf Rust,conflict,,
ethiopian cofee leaf dataset/train aug/Leaf rust/20231122_152540.jpg,Leaf Rust,conflict,,
ethiopian cofee leaf dataset/train aug/Leaf rust/20231122_160441.jpg,Leaf Rust,conflict,,
ethiopian cofee leaf dataset/train aug/Leaf rust/20231122_161412.jpg,Leaf Rust,conflict,,
ethiopian cofee leaf dataset/train aug/Leaf rust/20231122_162017.jpg,Leaf Rust,conflict,,
ethiopian cofee leaf dataset/train aug/Leaf rust/20231122_162649.jpg,Leaf Rust,conflict,,
ethiopian cofee leaf dataset/train aug/Leaf rust/20231123_100824.jpg,Leaf Rust,conflict,,
ethiopian cofee leaf dataset/train aug/Leaf rust/20231123_101607.jpg,Leaf Rust,duplicate,,ethiopian cofee leaf dataset/test/Leaf rust/20231123_101607.jpg
ethiopian cofee leaf dataset/train aug/Leaf rust/20231123_101611.jpg,Leaf Rust,duplicate,,ethiopian cofee leaf dataset/test/Leaf rust/20231123_101611.jpg
ethiopian cofee leaf dataset/train aug/Leaf rust/20231123_101620.jpg,Leaf Rust,duplicate,,ethiopian cofee leaf dataset/test/Leaf rust/20231123_101620.jpg
ethiopian cofee leaf dataset/train aug/Leaf rust/20231123_101627.jpg,Leaf Rust,duplicate,,ethiopian cofee leaf dataset/test/Leaf rust/20231123_101627.jpg
ethiopian cofee leaf dataset/train aug/Leaf rust/20231123_101709.jpg,Leaf Rust,duplicate,,ethiopian cofee leaf dataset/test/Leaf rust/20231123_101709.jpg
ethiopian cofee leaf dataset/train aug/Leaf rust/20231123_101716.jpg,Leaf Rust,duplicate,,ethiopian cofee leaf dataset/test/Leaf rust/20231123_101716.jpg
ethiopian cofee leaf dataset/train aug/Leaf rust/20231123_102538.jpg,Leaf Rust,duplicate,,ethiopian cofee leaf dataset/test/Leaf rust/20231123_102538.jpg
ethiopian cofee leaf dataset/train aug/Leaf rust/20231123_102541.jpg,Leaf Rust,duplicate,,ethiopian cofee leaf dataset/test/Leaf rust/20231123_102541.jpg
ethiopian cofee leaf dataset/train aug/Leaf rust/20231123_102545.jpg,Leaf Rust,duplicate,,ethiopian cofee leaf dataset/test/Leaf rust/20231123_102545.jpg
ethiopian cofee leaf dataset/train aug/Leaf rust/20231123_102557.jpg,Leaf Rust,duplicate,,ethiopian cofee leaf dataset/test/Leaf rust/20231123_102557.jpg
ethiopian cofee leaf dataset/train aug/Leaf rust/20231123_102804.jpg,Leaf Rust,duplicate,,ethiopian cofee leaf dataset/test/Leaf rust/20231123_102804.jpg
ethiopian cofee leaf dataset/train aug/Leaf rust/20231123_102916.jpg,Leaf Rust,duplicate,,ethiopian cofee leaf dataset/test/Leaf rust/20231123_102916.jpg
ethiopian cofee leaf dataset/train aug/Leaf rust/20231123_102918.jpg,Leaf Rust,duplicate,,ethiopian cofee leaf dataset/test/Leaf rust/20231123_102918.jpg
ethiopian cofee leaf dataset/train aug/Leaf rust/20231123_102926.jpg,Leaf Rust,duplicate,,ethiopian cofee leaf dataset/test/Leaf rust/20231123_102926.jpg
ethiopian cofee leaf dataset/train aug/Leaf rust/20231123_102959.jpg,Leaf Rust,duplicate,,ethiopian cofee leaf dataset/test/Leaf rust/20231123_102959.jpg
ethiopian cofee leaf dataset/train aug/Leaf rust/20231123_103017.jpg,Leaf Rust,duplicate,,ethiopian cofee leaf dataset/test/Leaf rust/20231123_103017.jpg
ethiopian cofee leaf dataset/train aug/Leaf rust/20231123_103023.jpg,Leaf Rust,duplicate,,ethiopian cofee leaf dataset/test/Leaf rust/20231123_103023.jpg
ethiopian cofee leaf dataset/train aug/Leaf rust/20231123_103028.jpg,Leaf Rust,duplicate,,ethiopian cofee leaf dataset/test/Leaf rust/20231123_103028.jpg
ethiopian cofee leaf dataset/train aug/Leaf rust/20231123_103109.jpg,Leaf Rust,duplicate,,ethiopian cofee leaf dataset/test/Leaf rust/20231123_103109.jpg
ethiopian cofee leaf dataset/train aug/Leaf rust/20231123_103147.jpg,Leaf Rust,duplicate,,ethiopian cofee leaf dataset/test/Leaf rust/20231123_103147.jpg
ethiopian cofee leaf dataset/train aug/Leaf rust/20231123_103239.jpg,Leaf Rust,duplicate,,ethiopian cofee leaf dataset/test/Leaf rust/20231123_103239.jpg
ethiopian cofee leaf dataset/train aug/Leaf rust/20231123_103248.jpg,Leaf Rust,duplicate,,ethiopian cofee leaf dataset/test/Leaf rust/20231123_103248.jpg
ethiopian cofee leaf dataset/train aug/Leaf rust/20231123_103321.jpg,Leaf Rust,duplicate,,ethiopian cofee leaf dataset/test/Leaf rust/20231123_103321.jpg
ethiopian cofee leaf dataset/train aug/Leaf rust/20231123_103519.jpg,Leaf Rust,duplicate,,ethiopian cofee leaf dataset/test/Leaf rust/20231123_103519.jpg
ethiopian cofee leaf dataset/train aug/Leaf rust/20231123_103524.jpg,Leaf Rust,duplicate,,ethiopian cofee leaf dataset/test/Leaf rust/20231123_103524.jpg
ethiopian cofee leaf dataset/train aug/Leaf rust/20231123_103541.jpg,Leaf Rust,duplicate,,ethiopian cofee leaf dataset/test/Leaf rust/20231123_103541.jpg
ethiopian cofee leaf dataset/train aug/Leaf rust/20231123_103759.jpg,Leaf Rust,duplicate,,ethiopian cofee leaf dataset/test/Leaf rust/20231123_103759.jpg
ethiopian cofee leaf dataset/train aug/Leaf rust/20231123_103858.jpg,Leaf Rust,duplicate,,ethiopian cofee leaf dataset/test/Leaf rust/20231123_103858.jpg
ethiopian cofee leaf dataset/train aug/Leaf rust/20231123_103910.jpg,Leaf Rust,duplicate,,ethiopian cofee leaf dataset/test/Leaf rust/20231123_103910.jpg
ethiopian cofee leaf dataset/train aug/Leaf rust/20231123_103934.jpg,Leaf Rust,duplicate,,ethiopian cofee leaf dataset/test/Leaf rust/20231123_103934.jpg
ethiopian cofee leaf dataset/train aug/Leaf rust/20231123_104019.jpg,Leaf Rust,duplicate,,ethiopian cofee leaf dataset/test/Leaf rust/20231123_104019.jpg
ethiopian cofee leaf dataset/train aug/Leaf rust/20231123_104111.jpg,Leaf Rust,duplicate,,ethiopian cofee leaf dataset/test/Leaf rust/20231123_104111.jpg
ethiopian cofee leaf dataset/train aug/Leaf rust/20231123_104147.jpg,Leaf Rust,duplicate,,ethiopian cofee leaf dataset/test/Leaf rust/20231123_104147.jpg
ethiopian cofee leaf dataset/train aug/Leaf rust/20231123_104150.jpg,Leaf Rust,duplicate,,ethiopian cofee leaf dataset/test/Leaf rust/20231123_104150.jpg
ethiopian cofee leaf dataset/train aug/Leaf rust/20231123_104211.jpg,Leaf Rust,duplicate,,ethiopian cofee leaf dataset/test/Leaf rust/20231123_104211.jpg
ethiopian cofee leaf dataset/train aug/Leaf rust/20231123_104318.jpg,Leaf Rust,duplicate,,ethiopian cofee leaf dataset/test/Leaf rust/20231123_104318.jpg
ethiopian cofee leaf dataset/train aug/Leaf rust/20231123_104321.jpg,Leaf Rust,duplicate,,ethiopian cofee leaf dataset/test/Leaf rust/20231123_104321.jpg
ethiopian cofee leaf dataset/train aug/Leaf rust/20231123_104441.jpg,Leaf Rust,duplicate,,ethiopian cofee leaf dataset/test/Leaf rust/20231123_104441.jpg
ethiopian cofee leaf dataset/train aug/Leaf rust/20231123_104525.jpg,Leaf Rust,duplicate,,ethiopian cofee leaf dataset/test/Leaf rust/20231123_104525.jpg
ethiopian cofee leaf dataset/train aug/Leaf rust/20231123_104545.jpg,Leaf Rust,duplicate,,ethiopian cofee leaf dataset/test/Leaf rust/20231123_104545.jpg
ethiopian cofee leaf dataset/train aug/Leaf rust/20231123_104552.jpg,Leaf Rust,duplicate,,ethiopian cofee leaf dataset/test/Leaf rust/20231123_104552.jpg
ethiopian cofee leaf dataset/train aug/Leaf rust/20231123_104905.jpg,Leaf Rust,duplicate,,ethiopian cofee leaf dataset/test/Leaf rust/20231123_104905.jpg
ethiopian cofee leaf dataset/train aug/Leaf rust/20231123_104939.jpg,Leaf Rust,duplicate,,ethiopian cofee leaf dataset/test/Leaf rust/20231123_104939.jpg
ethiopian cofee leaf dataset/train aug/Leaf rust/20231123_105010.jpg,Leaf Rust,duplicate,,ethiopian cofee leaf dataset/test/Leaf rust/20231123_105010.jpg
ethiopian cofee leaf dataset/train aug/Leaf rust/20231123_105016.jpg,Leaf Rust,duplicate,,ethiopian cofee leaf dataset/test/Leaf rust/20231123_105016.jpg
ethiopian cofee leaf dataset/train aug/Leaf rust/20231123_105052.jpg,Leaf Rust,duplicate,,ethiopian cofee leaf dataset/test/Leaf rust/20231123_105052.jpg
ethiopian cofee leaf dataset/train aug/Leaf rust/20231123_105056.jpg,Leaf Rust,duplicate,,ethiopian cofee leaf dataset/test/Leaf rust/20231123_105056.jpg
ethiopian cofee leaf dataset/train aug/Leaf rust/20231123_105059.jpg,Leaf Rust,duplicate,,ethiopian cofee leaf dataset/test/Leaf rust/20231123_105059.jpg
ethiopian cofee leaf dataset/train aug/Leaf rust/20231123_105205.jpg,Leaf Rust,duplicate,,ethiopian cofee leaf dataset/test/Leaf rust/20231123_105205.jpg
ethiopian cofee leaf dataset/train aug/Leaf rust/20231123_105455.jpg,Leaf Rust,duplicate,,ethiopian cofee leaf dataset/test/Leaf rust/20231123_105455.jpg
ethiopian cofee leaf dataset/train aug/Leaf rust/20231123_105549.jpg,Leaf Rust,duplicate,,ethiopian cofee leaf dataset/test/Leaf rust/20231123_105549.jpg
ethiopian cofee leaf dataset/train aug/Leaf rust/20231123_105744.jpg,Leaf Rust,duplicate,,ethiopian cofee leaf dataset/test/Leaf rust/20231123_105744.jpg
ethiopian cofee leaf dataset/train aug/Leaf rust/20231123_105747.jpg,Leaf Rust,duplicate,,ethiopian cofee leaf dataset/test/Leaf rust/20231123_105747.jpg
ethiopian cofee leaf dataset/train aug/Leaf rust/20231123_105754.jpg,Leaf Rust,duplicate,,ethiopian cofee leaf dataset/test/Leaf rust/20231123_105754.jpg
ethiopian cofee leaf dataset/train aug/Leaf rust/20231123_105759.jpg,Leaf Rust,duplicate,,ethiopian cofee leaf dataset/test/Leaf rust/20231123_105759.jpg
ethiopian cofee leaf dataset/train aug/Leaf rust/20231123_105853.jpg,Leaf Rust,duplicate,,ethiopian cofee leaf dataset/test/Leaf rust/20231123_105853.jpg
ethiopian cofee leaf dataset/train aug/Leaf rust/20231123_110046.jpg,Leaf Rust,duplicate,,ethiopian cofee leaf dataset/test/Leaf rust/20231123_110046.jpg
ethiopian cofee leaf dataset/train aug/Leaf rust/20231123_110253.jpg,Leaf Rust,duplicate,,ethiopian cofee leaf dataset/test/Leaf rust/20231123_110253.jpg
ethiopian cofee leaf dataset/train aug/Leaf rust/20231123_110615.jpg,Leaf Rust,duplicate,,ethiopian cofee leaf dataset/test/Leaf rust/20231123_110615.jpg
ethiopian cofee leaf dataset/train aug/Leaf rust/20231123_110633.jpg,Leaf Rust,duplicate,,ethiopian cofee leaf dataset/test/Leaf rust/20231123_110633.jpg
ethiopian cofee leaf dataset/train aug/Leaf rust/20231123_110701.jpg,Leaf Rust,duplicate,,ethiopian cofee leaf dataset/test/Leaf rust/20231123_110701.jpg
ethiopian cofee leaf dataset/train aug/Leaf rust/20231123_110707.jpg,Leaf Rust,duplicate,,ethiopian cofee leaf dataset/test/Leaf rust/20231123_110707.jpg
ethiopian cofee leaf dataset/train aug/Leaf rust/20231123_110710.jpg,Leaf Rust,duplicate,,ethiopian cofee leaf dataset/test/Leaf rust/20231123_110710.jpg
ethiopian cofee leaf dataset/train aug/Leaf rust/20231123_110722.jpg,Leaf Rust,duplicate,,ethiopian cofee leaf dataset/test/Leaf rust/20231123_110722.jpg
ethiopian cofee leaf dataset/train aug/Leaf rust/20231123_110745.jpg,Leaf Rust,duplicate,,ethiopian cofee leaf dataset/test/Leaf rust/20231123_110745.jpg
ethiopian cofee leaf dataset/train aug/Leaf rust/20231123_110803.jpg,Leaf Rust,duplicate,,ethiopian cofee leaf dataset/test/Leaf rust/20231123_110803.jpg
ethiopian cofee leaf dataset/train aug/Leaf rust/20231123_110906.jpg,Leaf Rust,duplicate,,ethiopian cofee leaf dataset/test/Leaf rust/20231123_110906.jpg
ethiopian cofee leaf dataset/train aug/Leaf rust/20231123_110913.jpg,Leaf Rust,duplicate,,ethiopian cofee leaf dataset/test/Leaf rust/20231123_110913.jpg
ethiopian cofee leaf dataset/train aug/Leaf rust/20231123_110927.jpg,Leaf Rust,duplicate,,ethiopian cofee leaf dataset/test/Leaf rust/20231123_110927.jpg
ethiopian cofee leaf dataset/train aug/Leaf rust/20231123_111038.jpg,Leaf Rust,duplicate,,ethiopian cofee leaf dataset/test/Leaf rust/20231123_111038.jpg
ethiopian cofee leaf dataset/train aug/Leaf rust/20231123_111054.jpg,Leaf Rust,duplicate,,ethiopian cofee leaf dataset/test/Leaf rust/20231123_111054.jpg
ethiopian cofee leaf dataset/train aug/Leaf rust/20231123_111218.jpg,Leaf Rust,duplicate,,ethiopian cofee leaf dataset/test/Leaf rust/20231123_111218.jpg
ethiopian cofee leaf dataset/train aug/Leaf rust/20231123_111326.jpg,Leaf Rust,duplicate,,ethiopian cofee leaf dataset/test/Leaf rust/20231123_111326.jpg
ethiopian cofee leaf dataset/train aug/Leaf rust/20231123_111337.jpg,Leaf Rust,duplicate,,ethiopian cofee leaf dataset/test/Leaf rust/20231123_111337.jpg
ethiopian cofee leaf dataset/train aug/Leaf rust/20231123_111344.jpg,Leaf Rust,duplicate,,ethiopian cofee leaf dataset/test/Leaf rust/20231123_111344.jpg
ethiopian cofee leaf dataset/train aug/Leaf rust/20231123_111408.jpg,Leaf Rust,duplicate,,ethiopian cofee leaf dataset/test/Leaf rust/20231123_111408.jpg
ethiopian cofee leaf dataset/train aug/Leaf rust/20231123_111520.jpg,Leaf Rust,duplicate,,ethiopian cofee leaf dataset/test/Leaf rust/20231123_111520.jpg
ethiopian cofee leaf dataset/train aug/Leaf rust/20231123_111534.jpg,Leaf Rust,duplicate,,ethiopian cofee leaf dataset/test/Leaf rust/20231123_111534.jpg
ethiopian cofee leaf dataset/train aug/Leaf rust/20231123_111549.jpg,Leaf Rust,duplicate,,ethiopian cofee leaf dataset/test/Leaf rust/20231123_111549.jpg
ethiopian cofee leaf dataset/train aug/Leaf rust/20231123_111601.jpg,Leaf Rust,duplicate,,ethiopian cofee leaf dataset/test/Leaf rust/20231123_111601.jpg
ethiopian cofee leaf dataset/train aug/Leaf rust/20231123_111608.jpg,Leaf Rust,duplicate,,ethiopian cofee leaf dataset/test/Leaf rust/20231123_111608.jpg
ethiopian cofee leaf dataset/train aug/Leaf rust/20231123_111612.jpg,Leaf Rust,duplicate,,ethiopian cofee leaf dataset/test/Leaf rust/20231123_111612.jpg
ethiopian cofee leaf dataset/train aug/Leaf rust/20231123_111639.jpg,Leaf Rust,duplicate,,ethiopian cofee leaf dataset/test/Leaf rust/20231123_111639.jpg
ethiopian cofee leaf dataset/train aug/Leaf rust/20231123_111642.jpg,Leaf Rust,duplicate,,ethiopian cofee leaf dataset/test/Leaf rust/20231123_111642.jpg
ethiopian cofee leaf dataset/train aug/Leaf rust/20231123_111657.jpg,Leaf Rust,duplicate,,ethiopian cofee leaf dataset/test/Leaf rust/20231123_111657.jpg
ethiopian cofee leaf dataset/train aug/Leaf rust/20231123_111720.jpg,Leaf Rust,duplicate,,ethiopian cofee leaf dataset/test/Leaf rust/20231123_111720.jpg
ethiopian cofee leaf dataset/train aug/Leaf rust/20231123_111723.jpg,Leaf Rust,duplicate,,ethiopian cofee leaf dataset/test/Leaf rust/20231123_111723.jpg
ethiopian cofee leaf dataset/train aug/Leaf rust/20231123_111726.jpg,Leaf Rust,duplicate,,ethiopian cofee leaf dataset/test/Leaf rust/20231123_111726.jpg
ethiopian cofee leaf dataset/train aug/Leaf rust/20231123_111736.jpg,Leaf Rust,duplicate,,ethiopian cofee leaf dataset/test/Leaf rust/20231123_111736.jpg
ethiopian cofee leaf dataset/train aug/Leaf rust/20231123_111749.jpg,Leaf Rust,duplicate,,ethiopian cofee leaf dataset/test/Leaf rust/20231123_111749.jpg
ethiopian cofee leaf dataset/train aug/Leaf rust/20231123_111855.jpg,Leaf Rust,duplicate,,ethiopian cofee leaf dataset/test/Leaf rust/20231123_111855.jpg
ethiopian cofee leaf dataset/train aug/Leaf rust/20231123_111857.jpg,Leaf Rust,duplicate,,ethiopian cofee leaf dataset/test/Leaf rust/20231123_111857.jpg
ethiopian cofee leaf dataset/train aug/Leaf rust/20231123_111907.jpg,Leaf Rust,duplicate,,ethiopian cofee leaf dataset/test/Leaf rust/20231123_111907.jpg
ethiopian cofee leaf dataset/train aug/Leaf rust/20231123_111909.jpg,Leaf Rust,duplicate,,ethiopian cofee leaf dataset/test/Leaf rust/20231123_111909.jpg
ethiopian cofee leaf dataset/train aug/Leaf rust/20231123_111946.jpg,Leaf Rust,duplicate,,ethiopian cofee leaf dataset/test/Leaf rust/20231123_111946.jpg
ethiopian cofee leaf dataset/train aug/Leaf rust/20231123_112131.jpg,Leaf Rust,duplicate,,ethiopian cofee leaf dataset/test/Leaf rust/20231123_112131.jpg
ethiopian cofee leaf dataset/train aug/Leaf rust/20231123_112206.jpg,Leaf Rust,duplicate,,ethiopian cofee leaf dataset/test/Leaf rust/20231123_112206.jpg
ethiopian cofee leaf dataset/train aug/Leaf rust/20231123_112218.jpg,Leaf Rust,duplicate,,ethiopian cofee leaf dataset/test/Leaf rust/20231123_112218.jpg
ethiopian cofee leaf dataset/train aug/Leaf rust/20231123_112224.jpg,Leaf Rust,duplicate,,ethiopian cofee leaf dataset/test/Leaf rust/20231123_112224.jpg
ethiopian cofee leaf dataset/train aug/Leaf rust/20231123_112229.jpg,Leaf Rust,duplicate,,ethiopian cofee leaf dataset/test/Leaf rust/20231123_112229.jpg
ethiopian cofee leaf dataset/train aug/Leaf rust/20231123_112237.jpg,Leaf Rust,duplicate,,ethiopian cofee leaf dataset/test/Leaf rust/20231123_112237.jpg
ethiopian cofee leaf dataset/train aug/Leaf rust/20231123_112244.jpg,Leaf Rust,duplicate,,ethiopian cofee leaf dataset/test/Leaf rust/20231123_112244.jpg
ethiopian cofee leaf dataset/train aug/Leaf rust/20231123_112249.jpg,Leaf Rust,duplicate,,ethiopian cofee leaf dataset/test/Leaf rust/20231123_112249.jpg
ethiopian cofee leaf dataset/train aug/Leaf rust/20231123_112252.jpg,Leaf Rust,duplicate,,ethiopian cofee leaf dataset/test/Leaf rust/20231123_112252.jpg
ethiopian cofee leaf dataset/train aug/Leaf rust/20231123_112301.jpg,Leaf Rust,duplicate,,ethiopian cofee leaf dataset/test/Leaf rust/20231123_112301.jpg
ethiopian cofee leaf dataset/train aug/Leaf rust/20231123_112309.jpg,Leaf Rust,duplicate,,ethiopian cofee leaf dataset/test/Leaf rust/20231123_112309.jpg
ethiopian cofee leaf dataset/train aug/Leaf rust/20231123_115904.jpg,Leaf Rust,duplicate,,ethiopian cofee leaf dataset/test/Leaf rust/20231123_115904.jpg
ethiopian cofee leaf dataset/train aug/Leaf rust/20231123_120004.jpg,Leaf Rust,duplicate,,ethiopian cofee leaf dataset/test/Leaf rust/20231123_120004.jpg
ethiopian cofee leaf dataset/train aug/Leaf rust/20231123_120022.jpg,Leaf Rust,duplicate,,ethiopian cofee leaf dataset/test/Leaf rust/20231123_120022.jpg
ethiopian cofee leaf dataset/train aug/Leaf rust/20231123_120030.jpg,Leaf Rust,duplicate,,ethiopian cofee leaf dataset/test/Leaf rust/20231123_120030.jpg
ethiopian cofee leaf dataset/train aug/Leaf rust/20231123_120339.jpg,Leaf Rust,duplicate,,ethiopian cofee leaf dataset/test/Leaf rust/20231123_120339.jpg
ethiopian cofee leaf dataset/train aug/Leaf rust/20231123_120349.jpg,Leaf Rust,duplicate,,ethiopian cofee leaf dataset/test/Leaf rust/20231123_120349.jpg
ethiopian cofee leaf dataset/train aug/Leaf rust/20231123_120359.jpg,Leaf Rust,duplicate,,ethiopian cofee leaf dataset/test/Leaf rust/20231123_120359.jpg
ethiopian cofee leaf dataset/train aug/Leaf rust/20231123_120402.jpg,Leaf Rust,duplicate,,ethiopian cofee leaf dataset/test/Leaf rust/20231123_120402.jpg
ethiopian cofee leaf dataset/train aug/Leaf rust/20231123_120417.jpg,Leaf Rust,duplicate,,ethiopian cofee leaf dataset/test/Leaf rust/20231123_120417.jpg
ethiopian cofee leaf dataset/train aug/Leaf rust/20231123_120511.jpg,Leaf Rust,duplicate,,ethiopian cofee leaf dataset/test/Leaf rust/20231123_120511.jpg
ethiopian cofee leaf dataset/train aug/Leaf rust/20231123_120514.jpg,Leaf Rust,duplicate,,ethiopian cofee leaf dataset/test/Leaf rust/20231123_120514.jpg
ethiopian cofee leaf dataset/train aug/Leaf rust/20231123_120612.jpg,Leaf Rust,duplicate,,ethiopian cofee leaf dataset/test/Leaf rust/20231123_120612.jpg
ethiopian cofee leaf dataset/train aug/Leaf rust/20231123_120632.jpg,Leaf Rust,duplicate,,ethiopian cofee leaf dataset/test/Leaf rust/20231123_120632.jpg
ethiopian cofee leaf dataset/train aug/Leaf rust/20231123_120639.jpg,Leaf Rust,duplicate,,ethiopian cofee leaf dataset/test/Leaf rust/20231123_120639.jpg
ethiopian cofee leaf dataset/train aug/Leaf rust/20231123_120642.jpg,Leaf Rust,duplicate,,ethiopian cofee leaf dataset/test/Leaf rust/20231123_120642.jpg
ethiopian cofee leaf dataset/train aug/Leaf rust/20231123_120645.jpg,Leaf Rust,duplicate,,ethiopian cofee leaf dataset/test/Leaf rust/20231123_120645.jpg
ethiopian cofee leaf dataset/train aug/Leaf rust/20231123_120650.jpg,Leaf Rust,duplicate,,ethiopian cofee leaf dataset/test/Leaf rust/20231123_120650.jpg
ethiopian cofee leaf dataset/train aug/Leaf rust/20231123_120735.jpg,Leaf Rust,duplicate,,ethiopian cofee leaf dataset/test/Leaf rust/20231123_120735.jpg
ethiopian cofee leaf dataset/train aug/Leaf rust/20231123_120841.jpg,Leaf Rust,duplicate,,ethiopian cofee leaf dataset/test/Leaf rust/20231123_120841.jpg
ethiopian cofee leaf dataset/train aug/Leaf rust/20231123_120933.jpg,Leaf Rust,duplicate,,ethiopian cofee leaf dataset/test/Leaf rust/20231123_120933.jpg
ethiopian cofee leaf dataset/train aug/Leaf rust/20231123_120938.jpg,Leaf Rust,duplicate,,ethiopian cofee leaf dataset/test/Leaf rust/20231123_120938.jpg
ethiopian cofee leaf dataset/train aug/Leaf rust/20231123_121008.jpg,Leaf Rust,duplicate,,ethiopian cofee leaf dataset/test/Leaf rust/20231123_121008.jpg
ethiopian cofee leaf dataset/train aug/Leaf rust/20231123_121047.jpg,Leaf Rust,duplicate,,ethiopian cofee leaf dataset/test/Leaf rust/20231123_121047.jpg
ethiopian cofee leaf dataset/train aug/Leaf rust/20231123_121203.jpg,Leaf Rust,duplicate,,ethiopian cofee leaf dataset/test/Leaf rust/20231123_121203.jpg
ethiopian cofee leaf dataset/train aug/Leaf rust/20231123_121216.jpg,Leaf Rust,duplicate,,ethiopian cofee leaf dataset/test/Leaf rust/20231123_121216.jpg
ethiopian cofee leaf dataset/train aug/Leaf rust/20231123_121228.jpg,Leaf Rust,duplicate,,ethiopian cofee leaf dataset/test/Leaf rust/20231123_121228.jpg
ethiopian cofee leaf dataset/train aug/Leaf rust/20231123_121251.jpg,Leaf Rust,duplicate,,ethiopian cofee leaf dataset/test/Leaf rust/20231123_121251.jpg
ethiopian cofee leaf dataset/train aug/Leaf rust/20231123_121255.jpg,Leaf Rust,duplicate,,ethiopian cofee leaf dataset/test/Leaf rust/20231123_121255.jpg
ethiopian cofee leaf dataset/train aug/Leaf rust/20231123_121258.jpg,Leaf Rust,duplicate,,ethiopian cofee leaf dataset/test/Leaf rust/20231123_121258.jpg
ethiopian cofee leaf dataset/train aug/Leaf rust/20231123_121303.jpg,Leaf Rust,duplicate,,ethiopian cofee leaf dataset/test/Leaf rust/20231123_121303.jpg
ethiopian cofee leaf dataset/train aug/Leaf rust/20231123_121308.jpg,Leaf Rust,duplicate,,ethiopian cofee leaf dataset/test/Leaf rust/20231123_121308.jpg
ethiopian cofee leaf dataset/train aug/Leaf rust/20231123_121316.jpg,Leaf Rust,duplicate,,ethiopian cofee leaf dataset/test/Leaf rust/20231123_121316.jpg
ethiopian cofee leaf dataset/train aug/Leaf rust/20231123_121351.jpg,Leaf Rust,duplicate,,ethiopian cofee leaf dataset/test/Leaf rust/20231123_121351.jpg
ethiopian cofee leaf dataset/train aug/Leaf rust/20231123_121359.jpg,Leaf Rust,duplicate,,ethiopian cofee leaf dataset/test/Leaf rust/20231123_121359.jpg
ethiopian cofee leaf dataset/train aug/Leaf rust/C10P12H2.jpg,Leaf Rust,duplicate,,ethiopian cofee leaf dataset/test/Leaf rust/C10P12H2.jpg
ethiopian cofee leaf dataset/train aug/Leaf rust/C10P15E2.jpg,Leaf Rust,duplicate,,ethiopian cofee leaf dataset/test/Leaf rust/C10P15E2.jpg
ethiopian cofee leaf dataset/train aug/Leaf rust/C10P15H2.jpg,Leaf Rust,duplicate,,ethiopian cofee leaf dataset/test/Leaf rust/C10P15H2.jpg
ethiopian cofee leaf dataset/train aug/Leaf rust/C10P2E1.jpg,Leaf Rust,duplicate,,ethiopian cofee leaf dataset/test/Leaf rust/C10P2E1.jpg
ethiopian cofee leaf dataset/train aug/Leaf rust/C10P2H1.jpg,Leaf Rust,duplicate,,ethiopian cofee leaf dataset/test/Leaf rust/C10P2H1.jpg
ethiopian cofee leaf dataset/train aug/Leaf rust/C10P4H1.jpg,Leaf Rust,duplicate,,ethiopian cofee leaf dataset/test/Leaf rust/C10P4H1.jpg
ethiopian cofee leaf dataset/train aug/Leaf rust/C10P7E2.jpg,Leaf Rust,duplicate,,ethiopian cofee leaf dataset/test/Leaf rust/C10P7E2.jpg
ethiopian cofee leaf dataset/train aug/Leaf rust/C10P7H2.jpg,Leaf Rust,duplicate,,ethiopian cofee leaf dataset/test/Leaf rust/C10P7H2.jpg
ethiopian cofee leaf dataset/train aug/Leaf rust/C10P8E2.jpg,Leaf Rust,duplicate,,ethiopian cofee leaf dataset/test/Leaf rust/C10P8E2.jpg
ethiopian cofee leaf dataset/train aug/Leaf rust/C10P8H2.jpg,Leaf Rust,duplicate,,ethiopian cofee leaf dataset/test/Leaf rust/C10P8H2.jpg
ethiopian cofee leaf dataset/train aug/Leaf rust/C10P9H2.jpg,Leaf Rust,duplicate,,ethiopian cofee leaf dataset/test/Leaf rust/C10P9H2.jpg
ethiopian cofee leaf dataset/train aug/Leaf rust/C1P10E2.jpg,Leaf Rust,duplicate,,ethiopian cofee leaf dataset/test/Leaf rust/C1P10E2.jpg
ethiopian cofee leaf dataset/train aug/Leaf rust/C1P10H2.jpg,Leaf Rust,duplicate,,ethiopian cofee leaf dataset/test/Leaf rust/C1P10H2.jpg
ethiopian cofee leaf dataset/train aug/Leaf rust/C1P11E2.jpg,Leaf Rust,duplicate,,ethiopian cofee leaf dataset/test/Leaf rust/C1P11E2.jpg
ethiopian cofee leaf dataset/train aug/Leaf rust/C1P11H2.jpg,Leaf Rust,duplicate,,ethiopian cofee leaf dataset/test/Leaf rust/C1P11H2.jpg
ethiopian cofee leaf dataset/train aug/Leaf rust/C1P12E2.jpg,Leaf Rust,duplicate,,ethiopian cofee leaf dataset/test/Leaf rust/C1P12E2.jpg
ethiopian cofee leaf dataset/train aug/Leaf rust/C1P12H2.jpg,Leaf Rust,duplicate,,ethiopian cofee leaf dataset/test/Leaf rust/C1P12H2.jpg
ethiopian cofee leaf dataset/train aug/Leaf rust/C1P13E2.jpg,Leaf Rust,duplicate,,ethiopian cofee leaf dataset/test/Leaf rust/C1P13E2.jpg
ethiopian cofee leaf dataset/train aug/Leaf rust/C1P13H2.jpg,Leaf Rust,duplicate,,ethiopian cofee leaf dataset/test/Leaf rust/C1P13H2.jpg
ethiopian cofee leaf dataset/train aug/Leaf rust/C1P14E2.jpg,Leaf Rust,duplicate,,ethiopian cofee leaf dataset/test/Leaf rust/C1P14E2.jpg
ethiopian cofee leaf dataset/train aug/Leaf rust/C1P14H2.jpg,Leaf Rust,duplicate,,ethiopian cofee leaf dataset/test/Leaf rust/C1P14H2.jpg
ethiopian cofee leaf dataset/train aug/Leaf rust/C1P17E2.jpg,Leaf Rust,duplicate,,ethiopian cofee leaf dataset/test/Leaf rust/C1P17E2.jpg
ethiopian cofee leaf dataset/train aug/Leaf rust/C1P18E2.jpg,Leaf Rust,duplicate,,ethiopian cofee leaf dataset/test/Leaf rust/C1P18E2.jpg
ethiopian cofee leaf dataset/train aug/Leaf rust/C1P19E2.jpg,Leaf Rust,duplicate,,ethiopian cofee leaf dataset/test/Leaf rust/C1P19E2.jpg
ethiopian cofee leaf dataset/train aug/Leaf rust/C1P19H2.jpg,Leaf Rust,duplicate,,ethiopian cofee leaf dataset/test/Leaf rust/C1P19H2.jpg
ethiopian cofee leaf dataset/train aug/Leaf rust/C1P1E2.jpg,Leaf Rust,duplicate,,ethiopian cofee leaf dataset/test/Leaf rust/C1P1E2.jpg
ethiopian cofee leaf dataset/train aug/Leaf rust/C1P1H2.jpg,Leaf Rust,duplicate,,ethiopian cofee leaf dataset/test/Leaf rust/C1P1H2.jpg
ethiopian cofee leaf dataset/train aug/Leaf rust/C1P24E2.jpg,Leaf Rust,duplicate,,ethiopian cofee leaf dataset/test/Leaf rust/C1P24E2.jpg
ethiopian cofee leaf dataset/train aug/Leaf rust/C1P25E2.jpg,Leaf Rust,duplicate,,ethiopian cofee leaf dataset/test/Leaf rust/C1P25E2.jpg
ethiopian cofee leaf dataset/train aug/Leaf rust/C1P25H2.jpg,Leaf Rust,duplicate,,ethiopian cofee leaf dataset/test/Leaf rust/C1P25H2.jpg
ethiopian cofee leaf dataset/train aug/Leaf rust/C1P26E2.jpg,Leaf Rust,duplicate,,ethiopian cofee leaf dataset/test/Leaf rust/C1P26E2.jpg
ethiopian cofee leaf dataset/train aug/Leaf rust/C1P2E2.jpg,Leaf Rust,duplicate,,ethiopian cofee leaf dataset/test/Leaf rust/C1P2E2.jpg
ethiopian cofee leaf dataset/train aug/Leaf rust/C1P2H2.jpg,Leaf Rust,duplicate,,ethiopian cofee leaf dataset/test/Leaf rust/C1P2H2.jpg
ethiopian cofee leaf dataset/train aug/Leaf rust/C1P33H2.jpg,Leaf Rust,duplicate,,ethiopian cofee leaf dataset/test/Leaf rust/C1P33H2.jpg
ethiopian cofee leaf dataset/train aug/Leaf rust/C1P34E2.jpg,Leaf Rust,duplicate,,ethiopian cofee leaf dataset/test/Leaf rust/C1P34E2.jpg
ethiopian cofee leaf dataset/train aug/Leaf rust/C1P35E2.jpg,Leaf Rust,duplicate,,ethiopian cofee leaf dataset/test/Leaf rust/C1P35E2.jpg
ethiopian cofee leaf dataset/train aug/Leaf rust/C1P35H2.jpg,Leaf Rust,duplicate,,ethiopian cofee leaf dataset/test/Leaf rust/C1P35H2.jpg
ethiopian cofee leaf dataset/train aug/Leaf rust/C1P38E2.jpg,Leaf Rust,duplicate,,ethiopian cofee leaf dataset/test/Leaf rust/C1P38E2.jpg
ethiopian cofee leaf dataset/train aug/Leaf rust/C1P38H2.jpg,Leaf Rust,duplicate,,ethiopian cofee leaf dataset/test/Leaf rust/C1P38H2.jpg
ethiopian cofee leaf dataset/train aug/Leaf rust/C1P39E2.jpg,Leaf Rust,duplicate,,ethiopian cofee leaf dataset/test/Leaf rust/C1P39E2.jpg
ethiopian cofee leaf dataset/train aug/Leaf rust/C1P3E2.jpg,Leaf Rust,duplicate,,ethiopian cofee leaf dataset/test/Leaf rust/C1P3E2.jpg
ethiopian cofee leaf dataset/train aug/Leaf rust/C1P3H2.jpg,Leaf Rust,duplicate,,ethiopian cofee leaf dataset/test/Leaf rust/C1P3H2.jpg
ethiopian cofee leaf dataset/train aug/Leaf rust/C1P4E2.jpg,Leaf Rust,duplicate,,ethiopian cofee leaf dataset/test/Leaf rust/C1P4E2.jpg
ethiopian cofee leaf dataset/train aug/Leaf rust/C1P4H2.jpg,Leaf Rust,duplicate,,ethiopian cofee leaf dataset/test/Leaf rust/C1P4H2.jpg
ethiopian cofee leaf dataset/train aug/Leaf rust/C1P5E2.jpg,Leaf Rust,duplicate,,ethiopian cofee leaf dataset/test/Leaf rust/C1P5E2.jpg
ethiopian cofee leaf dataset/train aug/Leaf rust/C1P5H2.jpg,Leaf Rust,duplicate,,ethiopian cofee leaf dataset/test/Leaf rust/C1P5H2.jpg
ethiopian cofee leaf dataset/train aug/Leaf rust/C1P6E2.jpg,Leaf Rust,duplicate,,ethiopian cofee leaf dataset/test/Leaf rust/C1P6E2.jpg
ethiopian cofee leaf dataset/train aug/Leaf rust/C1P6H2.jpg,Leaf Rust,duplicate,,ethiopian cofee leaf dataset/test/Leaf rust/C1P6H2.jpg
ethiopian cofee leaf dataset/train aug/Leaf rust/C1P7E2.jpg,Leaf Rust,duplicate,,ethiopian cofee leaf dataset/test/Leaf rust/C1P7E2.jpg
ethiopian cofee leaf dataset/train aug/Leaf rust/C1P7H2.jpg,Leaf Rust,duplicate,,ethiopian cofee leaf dataset/test/Leaf rust/C1P7H2.jpg
ethiopian cofee leaf dataset/train aug/Leaf rust/C1P8E2.jpg,Leaf Rust,duplicate,,ethiopian cofee leaf dataset/test/Leaf rust/C1P8E2.jpg
ethiopian cofee leaf dataset/train aug/Leaf rust/C1P8H2.jpg,Leaf Rust,duplicate,,ethiopian cofee leaf dataset/test/Leaf rust/C1P8H2.jpg
ethiopian cofee leaf dataset/train aug/Leaf rust/C1P9E2.jpg,Leaf Rust,duplicate,,ethiopian cofee leaf dataset/test/Leaf rust/C1P9E2.jpg
ethiopian cofee leaf dataset/train aug/Leaf rust/C1P9H2.jpg,Leaf Rust,duplicate,,ethiopian cofee leaf dataset/test/Leaf rust/C1P9H2.jpg
ethiopian cofee leaf dataset/train aug/Leaf rust/C7P15E1.jpg,Leaf Rust,duplicate,,ethiopian cofee leaf dataset/test/Leaf rust/C7P15E1.jpg
ethiopian cofee leaf dataset/train aug/Leaf rust/C7P16E2.jpg,Leaf Rust,duplicate,,ethiopian cofee leaf dataset/test/Leaf rust/C7P16E2.jpg
ethiopian cofee leaf dataset/train aug/Leaf rust/C7P17E2.jpg,Leaf Rust,duplicate,,ethiopian cofee leaf dataset/test/Leaf rust/C7P17E2.jpg
ethiopian cofee leaf dataset/train aug/Leaf rust/C7P17H2.jpg,Leaf Rust,duplicate,,ethiopian cofee leaf dataset/test/Leaf rust/C7P17H2.jpg
ethiopian cofee leaf dataset/train aug/Leaf rust/C7P19E1.jpg,Leaf Rust,duplicate,,ethiopian cofee leaf dataset/test/Leaf rust/C7P19E1.jpg
ethiopian cofee leaf dataset/train aug/Leaf rust/C7P20H2.jpg,Leaf Rust,duplicate,,ethiopian cofee leaf dataset/test/Leaf rust/C7P20H2.jpg
ethiopian cofee leaf dataset/train aug/Leaf rust/C7P29E2.jpg,Leaf Rust,duplicate,,ethiopian cofee leaf dataset/test/Leaf rust/C7P29E2.jpg
ethiopian cofee leaf dataset/train aug/Leaf rust/C7P29H2.jpg,Leaf Rust,duplicate,,ethiopian cofee leaf dataset/test/Leaf rust/C7P29H2.jpg
ethiopian cofee leaf dataset/train aug/Leaf rust/C7P36E2.jpg,Leaf Rust,duplicate,,ethiopian cofee leaf dataset/test/Leaf rust/C7P36E2.jpg
ethiopian cofee leaf dataset/train aug/Leaf rust/C8P23H2.jpg,Leaf Rust,duplicate,,ethiopian cofee leaf dataset/test/Leaf rust/C8P23H2.jpg
ethiopian cofee leaf dataset/train aug/Leaf rust/C8P24E2.jpg,Leaf Rust,duplicate,,ethiopian cofee leaf dataset/test/Leaf rust/C8P24E2.jpg
ethiopian cofee leaf dataset/train aug/Leaf rust/C8P5H1.jpg,Leaf Rust,duplicate,,ethiopian cofee leaf dataset/test/Leaf rust/C8P5H1.jpg
ethiopian cofee leaf dataset/train aug/Leaf rust/C9P10E1.jpg,Leaf Rust,duplicate,,ethiopian cofee leaf dataset/test/Leaf rust/C9P10E1.jpg
ethiopian cofee leaf dataset/train aug/Leaf rust/C9P12H1.jpg,Leaf Rust,duplicate,,ethiopian cofee leaf dataset/test/Leaf rust/C9P12H1.jpg
ethiopian cofee leaf dataset/train aug/Leaf rust/C9P15E1.jpg,Leaf Rust,duplicate,,ethiopian cofee leaf dataset/test/Leaf rust/C9P15E1.jpg
ethiopian cofee leaf dataset/train aug/Leaf rust/C9P15H1.jpg,Leaf Rust,duplicate,,ethiopian cofee leaf dataset/test/Leaf rust/C9P15H1.jpg
ethiopian cofee leaf dataset/train aug/Leaf rust/C9P17H1.jpg,Leaf Rust,duplicate,,ethiopian cofee leaf dataset/test/Leaf rust/C9P17H1.jpg
ethiopian cofee leaf dataset/train aug/Leaf rust/C9P23E1.jpg,Leaf Rust,duplicate,,ethiopian cofee leaf dataset/test/Leaf rust/C9P23E1.jpg
ethiopian cofee leaf dataset/train aug/Leaf rust/C9P23H1.jpg,Leaf Rust,duplicate,,ethiopian cofee leaf dataset/test/Leaf rust/C9P23H1.jpg
ethiopian cofee leaf dataset/train aug/Leaf rust/C9P29E1.jpg,Leaf Rust,duplicate,,ethiopian cofee leaf dataset/test/Leaf rust/C9P29E1.jpg
ethiopian cofee leaf dataset/train aug/Leaf rust/C9P29H1.jpg,Leaf Rust,duplicate,,ethiopian cofee leaf dataset/test/Leaf rust/C9P29H1.jpg
ethiopian cofee leaf dataset/train aug/Leaf rust/C9P31E1.jpg,Leaf Rust,duplicate,,ethiopian cofee leaf dataset/test/Leaf rust/C9P31E1.jpg
ethiopian cofee leaf dataset/train aug/Leaf rust/C9P31H1.jpg,Leaf Rust,duplicate,,ethiopian cofee leaf dataset/test/Leaf rust/C9P31H1.jpg
ethiopian cofee leaf dataset/train aug/Leaf rust/C9P36H1.jpg,Leaf Rust,duplicate,,ethiopian cofee leaf dataset/test/Leaf rust/C9P36H1.jpg
ethiopian cofee leaf dataset/train aug/Leaf rust/C9P4H1.jpg,Leaf Rust,duplicate,,ethiopian cofee leaf dataset/test/Leaf rust/C9P4H1.jpg
ethiopian cofee leaf dataset/train aug/Leaf rust/C9P7E1.jpg,Leaf Rust,duplicate,,ethiopian cofee leaf dataset/test/Leaf rust/C9P7E1.jpg
ethiopian cofee leaf dataset/train aug/Leaf rust/C9P7H1.jpg,Leaf Rust,duplicate,,ethiopian cofee leaf dataset/test/Leaf rust/C9P7H1.jpg
ethiopian cofee leaf dataset/train aug/Leaf rust/C9P8E1.jpg,Leaf Rust,duplicate,,ethiopian cofee leaf dataset/test/Leaf rust/C9P8E1.jpg
ethiopian cofee leaf dataset/train aug/Leaf rust/aug_0_1004.jpeg,Leaf Rust,excluded_pattern,,
ethiopian cofee leaf dataset/train aug/Leaf rust/aug_0_1006.jpeg,Leaf Rust,excluded_pattern,,
ethiopian cofee leaf dataset/train aug/Leaf rust/aug_0_1008.jpeg,Leaf Rust,excluded_pattern,,
ethiopian cofee leaf dataset/train aug/Leaf rust/aug_0_1012.jpeg,Leaf Rust,excluded_pattern,,
ethiopian cofee leaf dataset/train aug/Leaf rust/aug_0_1014.jpeg,Leaf Rust,excluded_pattern,,
ethiopian cofee leaf dataset/train aug/Leaf rust/aug_0_1020.jpeg,Leaf Rust,excluded_pattern,,
ethiopian cofee leaf dataset/train aug/Leaf rust/aug_0_1025.jpeg,Leaf Rust,excluded_pattern,,
ethiopian cofee leaf dataset/train aug/Leaf rust/aug_0_1030.jpeg,Leaf Rust,excluded_pattern,,
ethiopian cofee leaf dataset/train aug/Leaf rust/aug_0_1035.jpeg,Leaf Rust,excluded_pattern,,
ethiopian cofee leaf dataset/train aug/Leaf rust/aug_0_1041.jpeg,Leaf Rust,excluded_pattern,,
ethiopian cofee leaf dataset/train aug/Leaf rust/aug_0_1042.jpeg,Leaf Rust,excluded_pattern,,
ethiopian cofee leaf dataset/train aug/Leaf rust/aug_0_1044.jpeg,Leaf Rust,excluded_pattern,,
ethiopian cofee leaf dataset/train aug/Leaf rust/aug_0_1047.jpeg,Leaf Rust,excluded_pattern,,
ethiopian cofee leaf dataset/train aug/Leaf rust/aug_0_1048.jpeg,Leaf Rust,excluded_pattern,,
ethiopian cofee leaf dataset/train aug/Leaf rust/aug_0_1053.jpeg,Leaf Rust,excluded_pattern,,
ethiopian cofee leaf dataset/train aug/Leaf rust/aug_0_1054.jpeg,Leaf Rust,excluded_pattern,,
ethiopian cofee leaf dataset/train aug/Leaf rust/aug_0_1059.jpeg,Leaf Rust,excluded_pattern,,
ethiopian cofee leaf dataset/train aug/Leaf rust/aug_0_1060.jpeg,Leaf Rust,excluded_pattern,,
ethiopian cofee leaf dataset/train aug/Leaf rust/aug_0_1061.jpeg,Leaf Rust,excluded_pattern,,
ethiopian cofee leaf dataset/train aug/Leaf rust/aug_0_1066.jpeg,Leaf Rust,excluded_pattern,,
ethiopian cofee leaf dataset/train aug/Leaf rust/aug_0_1068.jpeg,Leaf Rust,excluded_pattern,,
ethiopian cofee leaf dataset/train aug/Leaf rust/aug_0_1071.jpeg,Leaf Rust,excluded_pattern,,
ethiopian cofee leaf dataset/train aug/Leaf rust/aug_0_1074.jpeg,Leaf Rust,excluded_pattern,,
ethiopian cofee leaf dataset/train aug/Leaf rust/aug_0_1076.jpeg,Leaf Rust,excluded_pattern,,
ethiopian cofee leaf dataset/train aug/Leaf rust/aug_0_1078.jpeg,Leaf Rust,excluded_pattern,,
ethiopian cofee leaf dataset/train aug/Leaf rust/aug_0_1087.jpeg,Leaf Rust,excluded_pattern,,
ethiopian cofee leaf dataset/train aug/Leaf rust/aug_0_1088.jpeg,Leaf Rust,excluded_pattern,,
ethiopian cofee leaf dataset/train aug/Leaf rust/aug_0_1090.jpeg,Leaf Rust,excluded_pattern,,
ethiopian cofee leaf dataset/train aug/Leaf rust/aug_0_1092.jpeg,Leaf Rust,excluded_pattern,,
ethiopian cofee leaf dataset/train aug/Leaf rust/aug_0_1095.jpeg,Leaf Rust,excluded_pattern,,
ethiopian cofee leaf dataset/train aug/Leaf rust/aug_0_1096.jpeg,Leaf Rust,excluded_pattern,,
ethiopian cofee leaf dataset/train aug/Leaf rust/aug_0_1108.jpeg,Leaf Rust,excluded_pattern,,
ethiopian cofee leaf dataset/train aug/Leaf rust/aug_0_1110.jpeg,Leaf Rust,excluded_pattern,,
ethiopian cofee leaf dataset/train aug/Leaf rust/aug_0_1112.jpeg,Leaf Rust,excluded_pattern,,
ethiopian cofee leaf dataset/train aug/Leaf rust/aug_0_1121.jpeg,Leaf Rust,excluded_pattern,,
ethiopian cofee leaf dataset/train aug/Leaf rust/aug_0_1122.jpeg,Leaf Rust,excluded_pattern,,
ethiopian cofee leaf dataset/train aug/Leaf rust/aug_0_1130.jpeg,Leaf Rust,excluded_pattern,,
ethiopian cofee leaf dataset/train aug/Leaf rust/aug_0_1131.jpeg,Leaf Rust,excluded_pattern,,
ethiopian cofee leaf dataset/train aug/Leaf rust/aug_0_1133.jpeg,Leaf Rust,excluded_pattern,,
ethiopian cofee leaf dataset/train aug/Leaf rust/aug_0_1135.jpeg,Leaf Rust,excluded_pattern,,
ethiopian cofee leaf dataset/train aug/Leaf rust/aug_0_1136.jpeg,Leaf Rust,excluded_pattern,,
ethiopian cofee leaf dataset/train aug/Leaf rust/aug_0_1137.jpeg,Leaf Rust,excluded_pattern,,
ethiopian cofee leaf dataset/train aug/Leaf rust/aug_0_1142.jpeg,Leaf Rust,excluded_pattern,,
ethiopian cofee leaf dataset/train aug/Leaf rust/aug_0_1147.jpeg,Leaf Rust,excluded_pattern,,
ethiopian cofee leaf dataset/train aug/Leaf rust/aug_0_1151.jpeg,Leaf Rust,excluded_pattern,,
ethiopian cofee leaf dataset/train aug/Leaf rust/aug_0_1158.jpeg,Leaf Rust,excluded_pattern,,
ethiopian cofee leaf dataset/train aug/Leaf rust/aug_0_1159.jpeg,Leaf Rust,excluded_pattern,,
ethiopian cofee leaf dataset/train aug/Leaf rust/aug_0_1161.jpeg,Leaf Rust,excluded_pattern,,
ethiopian cofee leaf dataset/train aug/Leaf rust/aug_0_1167.jpeg,Leaf Rust,excluded_pattern,,
ethiopian cofee leaf dataset/train aug/Leaf rust/aug_0_1170.jpeg,Leaf Rust,excluded_pattern,,
ethiopian cofee leaf dataset/train aug/Leaf rust/aug_0_1171.jpeg,Leaf Rust,excluded_pattern,,
ethiopian cofee leaf dataset/train aug/Leaf rust/aug_0_1172.jpeg,Leaf Rust,excluded_pattern,,
ethiopian cofee leaf dataset/train aug/Leaf rust/aug_0_1173.jpeg,Leaf Rust,excluded_pattern,,
ethiopian cofee leaf dataset/train aug/Leaf rust/aug_0_1176.jpeg,Leaf Rust,excluded_pattern,,
ethiopian cofee leaf dataset/train aug/Leaf rust/aug_0_1177.jpeg,Leaf Rust,excluded_pattern,,
ethiopian cofee leaf dataset/train aug/Leaf rust/aug_0_1186.jpeg,Leaf Rust,excluded_pattern,,
ethiopian cofee leaf dataset/train aug/Leaf rust/aug_0_1190.jpeg,Leaf Rust,excluded_pattern,,
ethiopian cofee leaf dataset/train aug/Leaf rust/aug_0_1198.jpeg,Leaf Rust,excluded_pattern,,
ethiopian cofee leaf dataset/train aug/Leaf rust/aug_0_1211.jpeg,Leaf Rust,excluded_pattern,,
ethiopian cofee leaf dataset/train aug/Leaf rust/aug_0_1212.jpeg,Leaf Rust,excluded_pattern,,
ethiopian cofee leaf dataset/train aug/Leaf rust/aug_0_1214.jpeg,Leaf Rust,excluded_pattern,,
ethiopian cofee leaf dataset/train aug/Leaf rust/aug_0_1217.jpeg,Leaf Rust,excluded_pattern,,
ethiopian cofee leaf dataset/train aug/Leaf rust/aug_0_1229.jpeg,Leaf Rust,excluded_pattern,,
ethiopian cofee leaf dataset/train aug/Leaf rust/aug_0_1230.jpeg,Leaf Rust,excluded_pattern,,
ethiopian cofee leaf dataset/train aug/Leaf rust/aug_0_1235.jpeg,Leaf Rust,excluded_pattern,,
ethiopian cofee leaf dataset/train aug/Leaf rust/aug_0_1241.jpeg,Leaf Rust,excluded_pattern,,
ethiopian cofee leaf dataset/train aug/Leaf rust/aug_0_1251.jpeg,Leaf Rust,excluded_pattern,,
ethiopian cofee leaf dataset/train aug/Leaf rust/aug_0_1257.jpeg,Leaf Rust,excluded_pattern,,
ethiopian cofee leaf dataset/train aug/Leaf rust/aug_0_1258.jpeg,Leaf Rust,excluded_pattern,,
ethiopian cofee leaf dataset/train aug/Leaf rust/aug_0_1260.jpeg,Leaf Rust,excluded_pattern,,
ethiopian cofee leaf dataset/train aug/Leaf rust/aug_0_1261.jpeg,Leaf Rust,excluded_pattern,,
ethiopian cofee leaf dataset/train aug/Leaf rust/aug_0_1267.jpeg,Leaf Rust,excluded_pattern,,
ethiopian cofee leaf dataset/train aug/Leaf rust/aug_0_1268.jpeg,Leaf Rust,excluded_pattern,,
ethiopian cofee leaf dataset/train aug/Leaf rust/aug_0_1272.jpeg,Leaf Rust,excluded_pattern,,
ethiopian cofee leaf dataset/train aug/Leaf rust/aug_0_1273.jpeg,Leaf Rust,excluded_pattern,,
ethiopian cofee leaf dataset/train aug/Leaf rust/aug_0_1283.jpeg,Leaf Rust,excluded_pattern,,
ethiopian cofee leaf dataset/train aug/Leaf rust/aug_0_1284.jpeg,Leaf Rust,excluded_pattern,,
ethiopian cofee leaf dataset/train aug/Leaf rust/aug_0_1287.jpeg,Leaf Rust,excluded_pattern,,
ethiopian cofee leaf dataset/train aug/Leaf rust/aug_0_1288.jpeg,Leaf Rust,excluded_pattern,,
ethiopian cofee leaf dataset/train aug/Leaf rust/aug_0_1290.jpeg,Leaf Rust,excluded_pattern,,
ethiopian cofee leaf dataset/train aug/Leaf rust/aug_0_1294.jpeg,Leaf Rust,excluded_pattern,,
ethiopian cofee leaf dataset/train aug/Leaf rust/aug_0_1295.jpeg,Leaf Rust,excluded_pattern,,
ethiopian cofee leaf dataset/train aug/Leaf rust/aug_0_1301.jpeg,Leaf Rust,excluded_pattern,,
ethiopian cofee leaf dataset/train aug/Leaf rust/aug_0_1306.jpeg,Leaf Rust,excluded_pattern,,
ethiopian cofee leaf dataset/train aug/Leaf rust/aug_0_1308.jpeg,Leaf Rust,excluded_pattern,,
ethiopian cofee leaf dataset/train aug/Leaf rust/aug_0_1309.jpeg,Leaf Rust,excluded_pattern,,
ethiopian cofee leaf dataset/train aug/Leaf rust/aug_0_1311.jpeg,Leaf Rust,excluded_pattern,,
ethiopian cofee leaf dataset/train aug/Leaf rust/aug_0_1312.jpeg,Leaf Rust,excluded_pattern,,
ethiopian cofee leaf dataset/train aug/Leaf rust/aug_0_1314.jpeg,Leaf Rust,excluded_pattern,,
ethiopian cofee leaf dataset/train aug/Leaf rust/aug_0_1315.jpeg,Leaf Rust,excluded_pattern,,
ethiopian cofee leaf dataset/train aug/Leaf rust/aug_0_1317.jpeg,Leaf Rust,excluded_pattern,,
ethiopian cofee leaf dataset/train aug/Leaf rust/aug_0_1323.jpeg,Leaf Rust,excluded_pattern,,
ethiopian cofee leaf dataset/train aug/Leaf rust/aug_0_1330.jpeg,Leaf Rust,excluded_pattern,,
ethiopian cofee leaf dataset/train aug/Leaf rust/aug_0_1333.jpeg,Leaf Rust,excluded_pattern,,
ethiopian cofee leaf dataset/train aug/Leaf rust/aug_0_1335.jpeg,Leaf Rust,excluded_pattern,,
ethiopian cofee leaf dataset/train aug/Leaf rust/aug_0_1337.jpeg,Leaf Rust,excluded_pattern,,
ethiopian cofee leaf dataset/train aug/Leaf rust/aug_0_1338.jpeg,Leaf Rust,excluded_pattern,,
ethiopian cofee leaf dataset/train aug/Leaf rust/aug_0_1347.jpeg,Leaf Rust,excluded_pattern,,
ethiopian cofee leaf dataset/train aug/Leaf rust/aug_0_1350.jpeg,Leaf Rust,excluded_pattern,,
ethiopian cofee leaf dataset/train aug/Leaf rust/aug_0_1351.jpeg,Leaf Rust,excluded_pattern,,
ethiopian cofee leaf dataset/train aug/Leaf rust/aug_0_1359.jpeg,Leaf Rust,excluded_pattern,,
ethiopian cofee leaf dataset/train aug/Leaf rust/aug_0_1360.jpeg,Leaf Rust,excluded_pattern,,
ethiopian cofee leaf dataset/train aug/Leaf rust/aug_0_1361.jpeg,Leaf Rust,excluded_pattern,,
ethiopian cofee leaf dataset/train aug/Leaf rust/aug_0_1362.jpeg,Leaf Rust,excluded_pattern,,
ethiopian cofee leaf dataset/train aug/Leaf rust/aug_0_1369.jpeg,Leaf Rust,excluded_pattern,,
ethiopian cofee leaf dataset/train aug/Leaf rust/aug_0_1372.jpeg,Leaf Rust,excluded_pattern,,
ethiopian cofee leaf dataset/train aug/Leaf rust/aug_0_1376.jpeg,Leaf Rust,excluded_pattern,,
ethiopian cofee leaf dataset/train aug/Leaf rust/aug_0_1378.jpeg,Leaf Rust,excluded_pattern,,
ethiopian cofee leaf dataset/train aug/Leaf rust/aug_0_1379.jpeg,Leaf Rust,excluded_pattern,,
ethiopian cofee leaf dataset/train aug/Leaf rust/aug_0_1395.jpeg,Leaf Rust,excluded_pattern,,
ethiopian cofee leaf dataset/train aug/Leaf rust/aug_0_1396.jpeg,Leaf Rust,excluded_pattern,,
ethiopian cofee leaf dataset/train aug/Leaf rust/aug_0_1397.jpeg,Leaf Rust,excluded_pattern,,
ethiopian cofee leaf dataset/train aug/Leaf rust/aug_0_1399.jpeg,Leaf Rust,excluded_pattern,,
ethiopian cofee leaf dataset/train aug/Leaf rust/aug_0_1405.jpeg,Leaf Rust,excluded_pattern,,
ethiopian cofee leaf dataset/train aug/Leaf rust/aug_0_1407.jpeg,Leaf Rust,excluded_pattern,,
ethiopian cofee leaf dataset/train aug/Leaf rust/aug_0_1408.jpeg,Leaf Rust,excluded_pattern,,
ethiopian cofee leaf dataset/train aug/Leaf rust/aug_0_1409.jpeg,Leaf Rust,excluded_pattern,,
ethiopian cofee leaf dataset/train aug/Leaf rust/aug_0_1414.jpeg,Leaf Rust,excluded_pattern,,
ethiopian cofee leaf dataset/train aug/Leaf rust/aug_0_1415.jpeg,Leaf Rust,excluded_pattern,,
ethiopian cofee leaf dataset/train aug/Leaf rust/aug_0_1429.jpeg,Leaf Rust,excluded_pattern,,
ethiopian cofee leaf dataset/train aug/Leaf rust/aug_0_1430.jpeg,Leaf Rust,excluded_pattern,,
ethiopian cofee leaf dataset/train aug/Leaf rust/aug_0_1431.jpeg,Leaf Rust,excluded_pattern,,
ethiopian cofee leaf dataset/train aug/Leaf rust/aug_0_1432.jpeg,Leaf Rust,excluded_pattern,,
ethiopian cofee leaf dataset/train aug/Leaf rust/aug_0_1434.jpeg,Leaf Rust,excluded_pattern,,
ethiopian cofee leaf dataset/train aug/Leaf rust/aug_0_1438.jpeg,Leaf Rust,excluded_pattern,,
ethiopian cofee leaf dataset/train aug/Leaf rust/aug_0_1439.jpeg,Leaf Rust,excluded_pattern,,
ethiopian cofee leaf dataset/train aug/Leaf rust/aug_0_1442.jpeg,Leaf Rust,excluded_pattern,,
ethiopian cofee leaf dataset/train aug/Leaf rust/aug_0_1443.jpeg,Leaf Rust,excluded_pattern,,
ethiopian cofee leaf dataset/train aug/Leaf rust/aug_0_1445.jpeg,Leaf Rust,excluded_pattern,,
ethiopian cofee leaf dataset/train aug/Leaf rust/aug_0_1447.jpeg,Leaf Rust,excluded_pattern,,
ethiopian cofee leaf dataset/train aug/Leaf rust/aug_0_1448.jpeg,Leaf Rust,excluded_pattern,,
ethiopian cofee leaf dataset/train aug/Leaf rust/aug_0_1451.jpeg,Leaf Rust,excluded_pattern,,
ethiopian cofee leaf dataset/train aug/Leaf rust/aug_0_1452.jpeg,Leaf Rust,excluded_pattern,,
ethiopian cofee leaf dataset/train aug/Leaf rust/aug_0_1459.jpeg,Leaf Rust,excluded_pattern,,
ethiopian cofee leaf dataset/train aug/Leaf rust/aug_0_1462.jpeg,Leaf Rust,excluded_pattern,,
ethiopian cofee leaf dataset/train aug/Leaf rust/aug_0_1463.jpeg,Leaf Rust,excluded_pattern,,
ethiopian cofee leaf dataset/train aug/Leaf rust/aug_0_1464.jpeg,Leaf Rust,excluded_pattern,,
ethiopian cofee leaf dataset/train aug/Leaf rust/aug_0_1465.jpeg,Leaf Rust,excluded_pattern,,
ethiopian cofee leaf dataset/train aug/Leaf rust/aug_0_1466.jpeg,Leaf Rust,excluded_pattern,,
ethiopian cofee leaf dataset/train aug/Leaf rust/aug_0_1468.jpeg,Leaf Rust,excluded_pattern,,
ethiopian cofee leaf dataset/train aug/Leaf rust/aug_0_1471.jpeg,Leaf Rust,excluded_pattern,,
ethiopian cofee leaf dataset/train aug/Leaf rust/aug_0_1472.jpeg,Leaf Rust,excluded_pattern,,
ethiopian cofee leaf dataset/train aug/Leaf rust/aug_0_1479.jpeg,Leaf Rust,excluded_pattern,,
ethiopian cofee leaf dataset/train aug/Leaf rust/aug_0_1480.jpeg,Leaf Rust,excluded_pattern,,
ethiopian cofee leaf dataset/train aug/Leaf rust/aug_0_1481.jpeg,Leaf Rust,excluded_pattern,,
ethiopian cofee leaf dataset/train aug/Leaf rust/aug_0_1484.jpeg,Leaf Rust,excluded_pattern,,
ethiopian cofee leaf dataset/train aug/Leaf rust/aug_0_1485.jpeg,Leaf Rust,excluded_pattern,,
ethiopian cofee leaf dataset/train aug/Leaf rust/aug_0_1487.jpeg,Leaf Rust,excluded_pattern,,
ethiopian cofee leaf dataset/train aug/Leaf rust/aug_0_1489.jpeg,Leaf Rust,excluded_pattern,,
ethiopian cofee leaf dataset/train aug/Leaf rust/aug_0_1490.jpeg,Leaf Rust,excluded_pattern,,
ethiopian cofee leaf dataset/train aug/Leaf rust/aug_0_1491.jpeg,Leaf Rust,excluded_pattern,,
ethiopian cofee leaf dataset/train aug/Leaf rust/aug_0_1495.jpeg,Leaf Rust,excluded_pattern,,
ethiopian cofee leaf dataset/train aug/Leaf rust/aug_0_1498.jpeg,Leaf Rust,excluded_pattern,,
ethiopian cofee leaf dataset/train aug/Leaf rust/aug_0_1500.jpeg,Leaf Rust,excluded_pattern,,
ethiopian cofee leaf dataset/train aug/Leaf rust/aug_0_1501.jpeg,Leaf Rust,excluded_pattern,,
ethiopian cofee leaf dataset/train aug/Leaf rust/aug_0_1502.jpeg,Leaf Rust,excluded_pattern,,
ethiopian cofee leaf dataset/train aug/Leaf rust/aug_0_1508.jpeg,Leaf Rust,excluded_pattern,,
ethiopian cofee leaf dataset/train aug/Leaf rust/aug_0_1511.jpeg,Leaf Rust,excluded_pattern,,
ethiopian cofee leaf dataset/train aug/Leaf rust/aug_0_1518.jpeg,Leaf Rust,excluded_pattern,,
ethiopian cofee leaf dataset/train aug/Leaf rust/aug_0_1522.jpeg,Leaf Rust,excluded_pattern,,
ethiopian cofee leaf dataset/train aug/Leaf rust/aug_0_1531.jpeg,Leaf Rust,excluded_pattern,,
ethiopian cofee leaf dataset/train aug/Leaf rust/aug_0_1532.jpeg,Leaf Rust,excluded_pattern,,
ethiopian cofee leaf dataset/train aug/Leaf rust/aug_0_1535.jpeg,Leaf Rust,excluded_pattern,,
ethiopian cofee leaf dataset/train aug/Leaf rust/aug_0_1536.jpeg,Leaf Rust,excluded_pattern,,
ethiopian cofee leaf dataset/train aug/Leaf rust/aug_0_1546.jpeg,Leaf Rust,excluded_pattern,,
ethiopian cofee leaf dataset/train aug/Leaf rust/aug_0_1547.jpeg,Leaf Rust,excluded_pattern,,
ethiopian cofee leaf dataset/train aug/Leaf rust/aug_0_1548.jpeg,Leaf Rust,excluded_pattern,,
ethiopian cofee leaf dataset/train aug/Leaf rust/aug_0_1553.jpeg,Leaf Rust,excluded_pattern,,
ethiopian cofee leaf dataset/train aug/Leaf rust/aug_0_1556.jpeg,Leaf Rust,excluded_pattern,,
ethiopian cofee leaf dataset/train aug/Leaf rust/aug_0_1561.jpeg,Leaf Rust,excluded_pattern,,
ethiopian cofee leaf dataset/train aug/Leaf rust/aug_0_1562.jpeg,Leaf Rust,excluded_pattern,,
ethiopian cofee leaf dataset/train aug/Leaf rust/aug_0_1564.jpeg,Leaf Rust,excluded_pattern,,
ethiopian cofee leaf dataset/train aug/Leaf rust/aug_0_1565.jpeg,Leaf Rust,excluded_pattern,,
ethiopian cofee leaf dataset/train aug/Leaf rust/aug_0_1566.jpeg,Leaf Rust,excluded_pattern,,
ethiopian cofee leaf dataset/train aug/Leaf rust/aug_0_1570.jpeg,Leaf Rust,excluded_pattern,,
ethiopian cofee leaf dataset/train aug/Leaf rust/aug_0_1575.jpeg,Leaf Rust,excluded_pattern,,
ethiopian cofee leaf dataset/train aug/Leaf rust/aug_0_1579.jpeg,Leaf Rust,excluded_pattern,,
ethiopian cofee leaf dataset/train aug/Leaf rust/aug_0_1583.jpeg,Leaf Rust,excluded_pattern,,
ethiopian cofee leaf dataset/train aug/Leaf rust/aug_0_1584.jpeg,Leaf Rust,excluded_pattern,,
ethiopian cofee leaf dataset/train aug/Leaf rust/aug_0_1592.jpeg,Leaf Rust,excluded_pattern,,
ethiopian cofee leaf dataset/train aug/Leaf rust/aug_0_1595.jpeg,Leaf Rust,excluded_pattern,,
ethiopian cofee leaf dataset/train aug/Leaf rust/aug_0_1596.jpeg,Leaf Rust,excluded_pattern,,
ethiopian cofee leaf dataset/train aug/Leaf rust/aug_0_1598.jpeg,Leaf Rust,excluded_pattern,,
ethiopian cofee leaf dataset/train aug/Leaf rust/aug_0_1605.jpeg,Leaf Rust,excluded_pattern,,
ethiopian cofee leaf dataset/train aug/Leaf rust/aug_0_1609.jpeg,Leaf Rust,excluded_pattern,,
ethiopian cofee leaf dataset/train aug/Leaf rust/aug_0_1613.jpeg,Leaf Rust,excluded_pattern,,
ethiopian cofee leaf dataset/train aug/Leaf rust/aug_0_1614.jpeg,Leaf Rust,excluded_pattern,,
ethiopian cofee leaf dataset/train aug/Leaf rust/aug_0_1616.jpeg,Leaf Rust,excluded_pattern,,
ethiopian cofee leaf dataset/train aug/Leaf rust/aug_0_1617.jpeg,Leaf Rust,excluded_pattern,,
ethiopian cofee leaf dataset/train aug/Leaf rust/aug_0_1624.jpeg,Leaf Rust,excluded_pattern,,
ethiopian cofee leaf dataset/train aug/Leaf rust/aug_0_1627.jpeg,Leaf Rust,excluded_pattern,,
ethiopian cofee leaf dataset/train aug/Leaf rust/aug_0_1629.jpeg,Leaf Rust,excluded_pattern,,
ethiopian cofee leaf dataset/train aug/Leaf rust/aug_0_1636.jpeg,Leaf Rust,excluded_pattern,,
ethiopian cofee leaf dataset/train aug/Leaf rust/aug_0_1643.jpeg,Leaf Rust,excluded_pattern,,
ethiopian cofee leaf dataset/train aug/Leaf rust/aug_0_1647.jpeg,Leaf Rust,excluded_pattern,,
ethiopian cofee leaf dataset/train aug/Leaf rust/aug_0_1648.jpeg,Leaf Rust,excluded_pattern,,
ethiopian cofee leaf dataset/train aug/Leaf rust/aug_0_1654.jpeg,Leaf Rust,excluded_pattern,,
ethiopian cofee leaf dataset/train aug/Leaf rust/aug_0_1656.jpeg,Leaf Rust,excluded_pattern,,
ethiopian cofee leaf dataset/train aug/Leaf rust/aug_0_1657.jpeg,Leaf Rust,excluded_pattern,,
ethiopian cofee leaf dataset/train aug/Leaf rust/aug_0_1658.jpeg,Leaf Rust,excluded_pattern,,
ethiopian cofee leaf dataset/train aug/Leaf rust/aug_0_1659.jpeg,Leaf Rust,excluded_pattern,,
ethiopian cofee leaf dataset/train aug/Leaf rust/aug_0_1662.jpeg,Leaf Rust,excluded_pattern,,
ethiopian cofee leaf dataset/train aug/Leaf rust/aug_0_1663.jpeg,Leaf Rust,excluded_pattern,,
ethiopian cofee leaf dataset/train aug/Leaf rust/aug_0_1666.jpeg,Leaf Rust,excluded_pattern,,
ethiopian cofee leaf dataset/train aug/Leaf rust/aug_0_1668.jpeg,Leaf Rust,excluded_pattern,,
ethiopian cofee leaf dataset/train aug/Leaf rust/aug_0_1669.jpeg,Leaf Rust,excluded_pattern,,
ethiopian cofee leaf dataset/train aug/Leaf rust/aug_0_1671.jpeg,Leaf Rust,excluded_pattern,,
ethiopian cofee leaf dataset/train aug/Leaf rust/aug_0_1673.jpeg,Leaf Rust,excluded_pattern,,
ethiopian cofee leaf dataset/train aug/Leaf rust/aug_0_1674.jpeg,Leaf Rust,excluded_pattern,,
ethiopian cofee leaf dataset/train aug/Leaf rust/aug_0_1676.jpeg,Leaf Rust,excluded_pattern,,
ethiopian cofee leaf dataset/train aug/Leaf rust/aug_0_1683.jpeg,Leaf Rust,excluded_pattern,,
ethiopian cofee leaf dataset/train aug/Leaf rust/aug_0_1686.jpeg,Leaf Rust,excluded_pattern,,
ethiopian cofee leaf dataset/train aug/Leaf rust/aug_0_1688.jpeg,Leaf Rust,excluded_pattern,,
ethiopian cofee leaf dataset/train aug/Leaf rust/aug_0_1690.jpeg,Leaf Rust,excluded_pattern,,
ethiopian cofee leaf dataset/train aug/Leaf rust/aug_0_1697.jpeg,Leaf Rust,excluded_pattern,,
ethiopian cofee leaf dataset/train aug/Leaf rust/aug_0_1700.jpeg,Leaf Rust,excluded_pattern,,
ethiopian cofee leaf dataset/train aug/Leaf rust/aug_0_1710.jpeg,Leaf Rust,excluded_pattern,,
ethiopian cofee leaf dataset/train aug/Leaf rust/aug_0_1715.jpeg,Leaf Rust,excluded_pattern,,
ethiopian cofee leaf dataset/train aug/Leaf rust/aug_0_1721.jpeg,Leaf Rust,excluded_pattern,,
ethiopian cofee leaf dataset/train aug/Leaf rust/aug_0_1723.jpeg,Leaf Rust,excluded_pattern,,
ethiopian cofee leaf dataset/train aug/Leaf rust/aug_0_1724.jpeg,Leaf Rust,excluded_pattern,,
ethiopian cofee leaf dataset/train aug/Leaf rust/aug_0_1725.jpeg,Leaf Rust,excluded_pattern,,
ethiopian cofee leaf dataset/train aug/Leaf rust/aug_0_1729.jpeg,Leaf Rust,excluded_pattern,,
ethiopian cofee leaf dataset/train aug/Leaf rust/aug_0_1730.jpeg,Leaf Rust,excluded_pattern,,
ethiopian cofee leaf dataset/train aug/Leaf rust/aug_0_1736.jpeg,Leaf Rust,excluded_pattern,,
ethiopian cofee leaf dataset/train aug/Leaf rust/aug_0_1738.jpeg,Leaf Rust,excluded_pattern,,
ethiopian cofee leaf dataset/train aug/Leaf rust/aug_0_1739.jpeg,Leaf Rust,excluded_pattern,,
ethiopian cofee leaf dataset/train aug/Leaf rust/aug_0_1743.jpeg,Leaf Rust,excluded_pattern,,
ethiopian cofee leaf dataset/train aug/Leaf rust/aug_0_1745.jpeg,Leaf Rust,excluded_pattern,,
ethiopian cofee leaf dataset/train aug/Leaf rust/aug_0_1748.jpeg,Leaf Rust,excluded_pattern,,
ethiopian cofee leaf dataset/train aug/Leaf rust/aug_0_1753.jpeg,Leaf Rust,excluded_pattern,,
ethiopian cofee leaf dataset/train aug/Leaf rust/aug_0_1754.jpeg,Leaf Rust,excluded_pattern,,
ethiopian cofee leaf dataset/train aug/Leaf rust/aug_0_1755.jpeg,Leaf Rust,excluded_pattern,,
ethiopian cofee leaf dataset/train aug/Leaf rust/aug_0_1756.jpeg,Leaf Rust,excluded_pattern,,
ethiopian cofee leaf dataset/train aug/Leaf rust/aug_0_1759.jpeg,Leaf Rust,excluded_pattern,,
ethiopian cofee leaf dataset/train aug/Leaf rust/aug_0_1763.jpeg,Leaf Rust,excluded_pattern,,
ethiopian cofee leaf dataset/train aug/Leaf rust/aug_0_1766.jpeg,Leaf Rust,excluded_pattern,,
ethiopian cofee leaf dataset/train aug/Leaf rust/aug_0_1767.jpeg,Leaf Rust,excluded_pattern,,
ethiopian cofee leaf dataset/train aug/Leaf rust/aug_0_1770.jpeg,Leaf Rust,excluded_pattern,,
ethiopian cofee leaf dataset/train aug/Leaf rust/aug_0_1772.jpeg,Leaf Rust,excluded_pattern,,
ethiopian cofee leaf dataset/train aug/Leaf rust/aug_0_1773.jpeg,Leaf Rust,excluded_pattern,,
ethiopian cofee leaf dataset/train aug/Leaf rust/aug_0_1780.jpeg,Leaf Rust,excluded_pattern,,
ethiopian cofee leaf dataset/train aug/Leaf rust/aug_0_1784.jpeg,Leaf Rust,excluded_pattern,,
ethiopian cofee leaf dataset/train aug/Leaf rust/aug_0_1785.jpeg,Leaf Rust,excluded_pattern,,
ethiopian cofee leaf dataset/train aug/Leaf rust/aug_0_1789.jpeg,Leaf Rust,excluded_pattern,,
ethiopian cofee leaf dataset/train aug/Leaf rust/aug_0_1790.jpeg,Leaf Rust,excluded_pattern,,
ethiopian cofee leaf dataset/train aug/Leaf rust/aug_0_1792.jpeg,Leaf Rust,excluded_pattern,,
ethiopian cofee leaf dataset/train aug/Leaf rust/aug_0_1795.jpeg,Leaf Rust,excluded_pattern,,
ethiopian cofee leaf dataset/train aug/Leaf rust/aug_0_1797.jpeg,Leaf Rust,excluded_pattern,,
ethiopian cofee leaf dataset/train aug/Leaf rust/aug_0_1798.jpeg,Leaf Rust,excluded_pattern,,
ethiopian cofee leaf dataset/train aug/Leaf rust/aug_0_1800.jpeg,Leaf Rust,excluded_pattern,,
ethiopian cofee leaf dataset/train aug/Leaf rust/aug_0_1801.jpeg,Leaf Rust,excluded_pattern,,
ethiopian cofee leaf dataset/train aug/Leaf rust/aug_0_1808.jpeg,Leaf Rust,excluded_pattern,,
ethiopian cofee leaf dataset/train aug/Leaf rust/aug_0_1810.jpeg,Leaf Rust,excluded_pattern,,
ethiopian cofee leaf dataset/train aug/Leaf rust/aug_0_1817.jpeg,Leaf Rust,excluded_pattern,,
ethiopian cofee leaf dataset/train aug/Leaf rust/aug_0_1818.jpeg,Leaf Rust,excluded_pattern,,
ethiopian cofee leaf dataset/train aug/Leaf rust/aug_0_1820.jpeg,Leaf Rust,excluded_pattern,,
ethiopian cofee leaf dataset/train aug/Leaf rust/aug_0_1823.jpeg,Leaf Rust,excluded_pattern,,
ethiopian cofee leaf dataset/train aug/Leaf rust/aug_0_1828.jpeg,Leaf Rust,excluded_pattern,,
ethiopian cofee leaf dataset/train aug/Leaf rust/aug_0_1832.jpeg,Leaf Rust,excluded_pattern,,
ethiopian cofee leaf dataset/train aug/Leaf rust/aug_0_1834.jpeg,Leaf Rust,excluded_pattern,,
ethiopian cofee leaf dataset/train aug/Leaf rust/aug_0_1837.jpeg,Leaf Rust,excluded_pattern,,
ethiopian cofee leaf dataset/train aug/Leaf rust/aug_0_1841.jpeg,Leaf Rust,excluded_pattern,,
ethiopian cofee leaf dataset/train aug/Leaf rust/aug_0_1843.jpeg,Leaf Rust,excluded_pattern,,
ethiopian cofee leaf dataset/train aug/Leaf rust/aug_0_1846.jpeg,Leaf Rust,excluded_pattern,,
ethiopian cofee leaf dataset/train aug/Leaf rust/aug_0_1856.jpeg,Leaf Rust,excluded_pattern,,
ethiopian cofee leaf dataset/train aug/Leaf rust/aug_0_1857.jpeg,Leaf Rust,excluded_pattern,,
ethiopian cofee leaf dataset/train aug/Leaf rust/aug_0_1858.jpeg,Leaf Rust,excluded_pattern,,
ethiopian cofee leaf dataset/train aug/Leaf rust/aug_0_1861.jpeg,Leaf Rust,excluded_pattern,,
ethiopian cofee leaf dataset/train aug/Leaf rust/aug_0_1863.jpeg,Leaf Rust,excluded_pattern,,
ethiopian cofee leaf dataset/train aug/Leaf rust/aug_0_1864.jpeg,Leaf Rust,excluded_pattern,,
ethiopian cofee leaf dataset/train aug/Leaf rust/aug_0_1875.jpeg,Leaf Rust,excluded_pattern,,
ethiopian cofee leaf dataset/train aug/Leaf rust/aug_0_1879.jpeg,Leaf Rust,excluded_pattern,,
ethiopian cofee leaf dataset/train aug/Leaf rust/aug_0_1882.jpeg,Leaf Rust,excluded_pattern,,
ethiopian cofee leaf dataset/train aug/Leaf rust/aug_0_1887.jpeg,Leaf Rust,excluded_pattern,,
ethiopian cofee leaf dataset/train aug/Leaf rust/aug_0_1890.jpeg,Leaf Rust,excluded_pattern,,
ethiopian cofee leaf dataset/train aug/Leaf rust/aug_0_1892.jpeg,Leaf Rust,excluded_pattern,,
ethiopian cofee leaf dataset/train aug/Leaf rust/aug_0_1895.jpeg,Leaf Rust,excluded_pattern,,
ethiopian cofee leaf dataset/train aug/Leaf rust/aug_0_1897.jpeg,Leaf Rust,excluded_pattern,,
ethiopian cofee leaf dataset/train aug/Leaf rust/aug_0_1901.jpeg,Leaf Rust,excluded_pattern,,
ethiopian cofee leaf dataset/train aug/Leaf rust/aug_0_1907.jpeg,Leaf Rust,excluded_pattern,,
ethiopian cofee leaf dataset/train aug/Leaf rust/aug_0_1915.jpeg,Leaf Rust,excluded_pattern,,
ethiopian cofee leaf dataset/train aug/Leaf rust/aug_0_1922.jpeg,Leaf Rust,excluded_pattern,,
ethiopian cofee leaf dataset/train aug/Leaf rust/aug_0_1923.jpeg,Leaf Rust,excluded_pattern,,
ethiopian cofee leaf dataset/train aug/Leaf rust/aug_0_1928.jpeg,Leaf Rust,excluded_pattern,,
ethiopian cofee leaf dataset/train aug/Leaf rust/aug_0_1930.jpeg,Leaf Rust,excluded_pattern,,
ethiopian cofee leaf dataset/train aug/Leaf rust/aug_0_1931.jpeg,Leaf Rust,excluded_pattern,,
ethiopian cofee leaf dataset/train aug/Leaf rust/aug_0_1933.jpeg,Leaf Rust,excluded_pattern,,
ethiopian cofee leaf dataset/train aug/Leaf rust/aug_0_1934.jpeg,Leaf Rust,excluded_pattern,,
ethiopian cofee leaf dataset/train aug/Leaf rust/aug_0_1938.jpeg,Leaf Rust,excluded_pattern,,
ethiopian cofee leaf dataset/train aug/Leaf rust/aug_0_1940.jpeg,Leaf Rust,excluded_pattern,,
ethiopian cofee leaf dataset/train aug/Leaf rust/aug_0_1944.jpeg,Leaf Rust,excluded_pattern,,
ethiopian cofee leaf dataset/train aug/Leaf rust/aug_0_1949.jpeg,Leaf Rust,excluded_pattern,,
ethiopian cofee leaf dataset/train aug/Leaf rust/aug_0_1950.jpeg,Leaf Rust,excluded_pattern,,
ethiopian cofee leaf dataset/train aug/Leaf rust/aug_0_1952.jpeg,Leaf Rust,excluded_pattern,,
ethiopian cofee leaf dataset/train aug/Leaf rust/aug_0_1965.jpeg,Leaf Rust,excluded_pattern,,
ethiopian cofee leaf dataset/train aug/Leaf rust/aug_0_1966.jpeg,Leaf Rust,excluded_pattern,,
ethiopian cofee leaf dataset/train aug/Leaf rust/aug_0_1967.jpeg,Leaf Rust,excluded_pattern,,
ethiopian cofee leaf dataset/train aug/Leaf rust/aug_0_1969.jpeg,Leaf Rust,excluded_pattern,,
ethiopian cofee leaf dataset/train aug/Leaf rust/aug_0_1970.jpeg,Leaf Rust,excluded_pattern,,
ethiopian cofee leaf dataset/train aug/Leaf rust/aug_0_1973.jpeg,Leaf Rust,excluded_pattern,,
ethiopian cofee leaf dataset/train aug/Leaf rust/aug_0_1974.jpeg,Leaf Rust,excluded_pattern,,
ethiopian cofee leaf dataset/train aug/Leaf rust/aug_0_1978.jpeg,Leaf Rust,excluded_pattern,,
ethiopian cofee leaf dataset/train aug/Leaf rust/aug_0_1985.jpeg,Leaf Rust,excluded_pattern,,
ethiopian cofee leaf dataset/train aug/Leaf rust/aug_0_1986.jpeg,Leaf Rust,excluded_pattern,,
ethiopian cofee leaf dataset/train aug/Leaf rust/aug_0_1993.jpeg,Leaf Rust,excluded_pattern,,
ethiopian cofee leaf dataset/train aug/Leaf rust/aug_0_1994.jpeg,Leaf Rust,excluded_pattern,,
ethiopian cofee leaf dataset/train aug/Leaf rust/aug_0_1998.jpeg,Leaf Rust,excluded_pattern,,
ethiopian cofee leaf dataset/train aug/Leaf rust/aug_0_1999.jpeg,Leaf Rust,excluded_pattern,,
ethiopian cofee leaf dataset/train aug/Leaf rust/aug_0_2001.jpeg,Leaf Rust,excluded_pattern,,
ethiopian cofee leaf dataset/train aug/Leaf rust/aug_0_2003.jpeg,Leaf Rust,excluded_pattern,,
ethiopian cofee leaf dataset/train aug/Leaf rust/aug_0_2015.jpeg,Leaf Rust,excluded_pattern,,
ethiopian cofee leaf dataset/train aug/Leaf rust/aug_0_2018.jpeg,Leaf Rust,excluded_pattern,,
ethiopian cofee leaf dataset/train aug/Leaf rust/aug_0_2019.jpeg,Leaf Rust,excluded_pattern,,
ethiopian cofee leaf dataset/train aug/Leaf rust/aug_0_2020.jpeg,Leaf Rust,excluded_pattern,,
ethiopian cofee leaf dataset/train aug/Leaf rust/aug_0_2029.jpeg,Leaf Rust,excluded_pattern,,
ethiopian cofee leaf dataset/train aug/Leaf rust/aug_0_2031.jpeg,Leaf Rust,excluded_pattern,,
ethiopian cofee leaf dataset/train aug/Leaf rust/aug_0_2032.jpeg,Leaf Rust,excluded_pattern,,
ethiopian cofee leaf dataset/train aug/Leaf rust/aug_0_2035.jpeg,Leaf Rust,excluded_pattern,,
ethiopian cofee leaf dataset/train aug/Leaf rust/aug_0_2036.jpeg,Leaf Rust,excluded_pattern,,
ethiopian cofee leaf dataset/train aug/Leaf rust/aug_0_2042.jpeg,Leaf Rust,excluded_pattern,,
ethiopian cofee leaf dataset/train aug/Leaf rust/aug_0_2045.jpeg,Leaf Rust,excluded_pattern,,
ethiopian cofee leaf dataset/train aug/Leaf rust/aug_0_2046.jpeg,Leaf Rust,excluded_pattern,,
ethiopian cofee leaf dataset/train aug/Leaf rust/aug_0_2052.jpeg,Leaf Rust,excluded_pattern,,
ethiopian cofee leaf dataset/train aug/Leaf rust/aug_0_2059.jpeg,Leaf Rust,excluded_pattern,,
ethiopian cofee leaf dataset/train aug/Leaf rust/aug_0_2065.jpeg,Leaf Rust,excluded_pattern,,
ethiopian cofee leaf dataset/train aug/Leaf rust/aug_0_2070.jpeg,Leaf Rust,excluded_pattern,,
ethiopian cofee leaf dataset/train aug/Leaf rust/aug_0_2072.jpeg,Leaf Rust,excluded_pattern,,
ethiopian cofee leaf dataset/train aug/Leaf rust/aug_0_2074.jpeg,Leaf Rust,excluded_pattern,,
ethiopian cofee leaf dataset/train aug/Leaf rust/aug_0_2077.jpeg,Leaf Rust,excluded_pattern,,
ethiopian cofee leaf dataset/train aug/Leaf rust/aug_0_2085.jpeg,Leaf Rust,excluded_pattern,,
ethiopian cofee leaf dataset/train aug/Leaf rust/aug_0_2086.jpeg,Leaf Rust,excluded_pattern,,
ethiopian cofee leaf dataset/train aug/Leaf rust/aug_0_2089.jpeg,Leaf Rust,excluded_pattern,,
ethiopian cofee leaf dataset/train aug/Leaf rust/aug_0_2090.jpeg,Leaf Rust,excluded_pattern,,
ethiopian cofee leaf dataset/train aug/Leaf rust/aug_0_2093.jpeg,Leaf Rust,excluded_pattern,,
ethiopian cofee leaf dataset/train aug/Leaf rust/aug_0_2096.jpeg,Leaf Rust,excluded_pattern,,
ethiopian cofee leaf dataset/train aug/Leaf rust/aug_0_2100.jpeg,Leaf Rust,excluded_pattern,,
ethiopian cofee leaf dataset/train aug/Leaf rust/aug_0_2104.jpeg,Leaf Rust,excluded_pattern,,
ethiopian cofee leaf dataset/train aug/Leaf rust/aug_0_2108.jpeg,Leaf Rust,excluded_pattern,,
ethiopian cofee leaf dataset/train aug/Leaf rust/aug_0_2113.jpeg,Leaf Rust,excluded_pattern,,
ethiopian cofee leaf dataset/train aug/Leaf rust/aug_0_2115.jpeg,Leaf Rust,excluded_pattern,,
ethiopian cofee leaf dataset/train aug/Leaf rust/aug_0_2116.jpeg,Leaf Rust,excluded_pattern,,
ethiopian cofee leaf dataset/train aug/Leaf rust/aug_0_2118.jpeg,Leaf Rust,excluded_pattern,,
ethiopian cofee leaf dataset/train aug/Leaf rust/aug_0_2121.jpeg,Leaf Rust,excluded_pattern,,
ethiopian cofee leaf dataset/train aug/Leaf rust/aug_0_2123.jpeg,Leaf Rust,excluded_pattern,,
ethiopian cofee leaf dataset/train aug/Leaf rust/aug_0_2132.jpeg,Leaf Rust,excluded_pattern,,
ethiopian cofee leaf dataset/train aug/Leaf rust/aug_0_2133.jpeg,Leaf Rust,excluded_pattern,,
ethiopian cofee leaf dataset/train aug/Leaf rust/aug_0_2138.jpeg,Leaf Rust,excluded_pattern,,
ethiopian cofee leaf dataset/train aug/Leaf rust/aug_0_2143.jpeg,Leaf Rust,excluded_pattern,,
ethiopian cofee leaf dataset/train aug/Leaf rust/aug_0_2146.jpeg,Leaf Rust,excluded_pattern,,
ethiopian cofee leaf dataset/train aug/Leaf rust/aug_0_2148.jpeg,Leaf Rust,excluded_pattern,,
ethiopian cofee leaf dataset/train aug/Leaf rust/aug_0_2149.jpeg,Leaf Rust,excluded_pattern,,
ethiopian cofee leaf dataset/train aug/Leaf rust/aug_0_2154.jpeg,Leaf Rust,excluded_pattern,,
ethiopian cofee leaf dataset/train aug/Leaf rust/aug_0_2156.jpeg,Leaf Rust,excluded_pattern,,
ethiopian cofee leaf dataset/train aug/Leaf rust/aug_0_2157.jpeg,Leaf Rust,excluded_pattern,,
ethiopian cofee leaf dataset/train aug/Leaf rust/aug_0_2160.jpeg,Leaf Rust,excluded_pattern,,
ethiopian cofee leaf dataset/train aug/Leaf rust/aug_0_2161.jpeg,Leaf Rust,excluded_pattern,,
ethiopian cofee leaf dataset/train aug/Leaf rust/aug_0_2163.jpeg,Leaf Rust,excluded_pattern,,
ethiopian cofee leaf dataset/train aug/Leaf rust/aug_0_2164.jpeg,Leaf Rust,excluded_pattern,,
ethiopian cofee leaf dataset/train aug/Leaf rust/aug_0_2170.jpeg,Leaf Rust,excluded_pattern,,
ethiopian cofee leaf dataset/train aug/Leaf rust/aug_0_2174.jpeg,Leaf Rust,excluded_pattern,,
ethiopian cofee leaf dataset/train aug/Leaf rust/aug_0_2176.jpeg,Leaf Rust,excluded_pattern,,
ethiopian cofee leaf dataset/train aug/Leaf rust/aug_0_2177.jpeg,Leaf Rust,excluded_pattern,,
ethiopian cofee leaf dataset/train aug/Leaf rust/aug_0_2178.jpeg,Leaf Rust,excluded_pattern,,
ethiopian cofee leaf dataset/train aug/Leaf rust/aug_0_2180.jpeg,Leaf Rust,excluded_pattern,,
ethiopian cofee leaf dataset/train aug/Leaf rust/aug_0_2181.jpeg,Leaf Rust,excluded_pattern,,
ethiopian cofee leaf dataset/train aug/Leaf rust/aug_0_2183.jpeg,Leaf Rust,excluded_pattern,,
ethiopian cofee leaf dataset/train aug/Leaf rust/aug_0_2184.jpeg,Leaf Rust,excluded_pattern,,
ethiopian cofee leaf dataset/train aug/Leaf rust/aug_0_2185.jpeg,Leaf Rust,excluded_pattern,,
ethiopian cofee leaf dataset/train aug/Leaf rust/aug_0_2186.jpeg,Leaf Rust,excluded_pattern,,
ethiopian cofee leaf dataset/train aug/Leaf rust/aug_0_2187.jpeg,Leaf Rust,excluded_pattern,,
ethiopian cofee leaf dataset/train aug/Leaf rust/aug_0_2188.jpeg,Leaf Rust,excluded_pattern,,
ethiopian cofee leaf dataset/train aug/Leaf rust/aug_0_2189.jpeg,Leaf Rust,excluded_pattern,,
ethiopian cofee leaf dataset/train aug/Leaf rust/aug_0_2190.jpeg,Leaf Rust,excluded_pattern,,
ethiopian cofee leaf dataset/train aug/Leaf rust/aug_0_2196.jpeg,Leaf Rust,excluded_pattern,,
ethiopian cofee leaf dataset/train aug/Leaf rust/aug_0_2198.jpeg,Leaf Rust,excluded_pattern,,
ethiopian cofee leaf dataset/train aug/Leaf rust/aug_0_2199.jpeg,Leaf Rust,excluded_pattern,,
ethiopian cofee leaf dataset/train aug/Leaf rust/aug_0_2204.jpeg,Leaf Rust,excluded_pattern,,
ethiopian cofee leaf dataset/train aug/Leaf rust/aug_0_2206.jpeg,Leaf Rust,excluded_pattern,,
ethiopian cofee leaf dataset/train aug/Leaf rust/aug_0_2208.jpeg,Leaf Rust,excluded_pattern,,
ethiopian cofee leaf dataset/train aug/Leaf rust/aug_0_2210.jpeg,Leaf Rust,excluded_pattern,,
ethiopian cofee leaf dataset/train aug/Leaf rust/aug_0_2213.jpeg,Leaf Rust,excluded_pattern,,
ethiopian cofee leaf dataset/train aug/Leaf rust/aug_0_2218.jpeg,Leaf Rust,excluded_pattern,,
ethiopian cofee leaf dataset/train aug/Leaf rust/aug_0_2220.jpeg,Leaf Rust,excluded_pattern,,
ethiopian cofee leaf dataset/train aug/Leaf rust/aug_0_2222.jpeg,Leaf Rust,excluded_pattern,,
ethiopian cofee leaf dataset/train aug/Leaf rust/aug_0_2223.jpeg,Leaf Rust,excluded_pattern,,
ethiopian cofee leaf dataset/train aug/Leaf rust/aug_0_2224.jpeg,Leaf Rust,excluded_pattern,,
ethiopian cofee leaf dataset/train aug/Leaf rust/aug_0_2226.jpeg,Leaf Rust,excluded_pattern,,
ethiopian cofee leaf dataset/train aug/Leaf rust/aug_0_2227.jpeg,Leaf Rust,excluded_pattern,,
ethiopian cofee leaf dataset/train aug/Leaf rust/aug_0_2234.jpeg,Leaf Rust,excluded_pattern,,
ethiopian cofee leaf dataset/train aug/Leaf rust/aug_0_2236.jpeg,Leaf Rust,excluded_pattern,,
ethiopian cofee leaf dataset/train aug/Leaf rust/aug_0_2239.jpeg,Leaf Rust,excluded_pattern,,
ethiopian cofee leaf dataset/train aug/Leaf rust/aug_0_2247.jpeg,Leaf Rust,excluded_pattern,,
ethiopian cofee leaf dataset/train aug/Leaf rust/aug_0_2254.jpeg,Leaf Rust,excluded_pattern,,
ethiopian cofee leaf dataset/train aug/Leaf rust/aug_0_2256.jpeg,Leaf Rust,excluded_pattern,,
ethiopian cofee leaf dataset/train aug/Leaf rust/aug_0_2258.jpeg,Leaf Rust,excluded_pattern,,
ethiopian cofee leaf dataset/train aug/Leaf rust/aug_0_2261.jpeg,Leaf Rust,excluded_pattern,,
ethiopian cofee leaf dataset/train aug/Leaf rust/aug_0_2263.jpeg,Leaf Rust,excluded_pattern,,
ethiopian cofee leaf dataset/train aug/Leaf rust/aug_0_2265.jpeg,Leaf Rust,excluded_pattern,,
ethiopian cofee leaf dataset/train aug/Leaf rust/aug_0_2267.jpeg,Leaf Rust,excluded_pattern,,
ethiopian cofee leaf dataset/train aug/Leaf rust/aug_0_2269.jpeg,Leaf Rust,excluded_pattern,,
ethiopian cofee leaf dataset/train aug/Leaf rust/aug_0_2271.jpeg,Leaf Rust,excluded_pattern,,
ethiopian cofee leaf dataset/train aug/Leaf rust/aug_0_2282.jpeg,Leaf Rust,excluded_pattern,,
ethiopian cofee leaf dataset/train aug/Leaf rust/aug_0_2283.jpeg,Leaf Rust,excluded_pattern,,
ethiopian cofee leaf dataset/train aug/Leaf rust/aug_0_2286.jpeg,Leaf Rust,excluded_pattern,,
ethiopian cofee leaf dataset/train aug/Leaf rust/aug_0_2290.jpeg,Leaf Rust,excluded_pattern,,
ethiopian cofee leaf dataset/train aug/Leaf rust/aug_0_2292.jpeg,Leaf Rust,excluded_pattern,,
ethiopian cofee leaf dataset/train aug/Leaf rust/aug_0_2299.jpeg,Leaf Rust,excluded_pattern,,
ethiopian cofee leaf dataset/train aug/Leaf rust/aug_0_2300.jpeg,Leaf Rust,excluded_pattern,,
ethiopian cofee leaf dataset/train aug/Leaf rust/aug_0_2311.jpeg,Leaf Rust,excluded_pattern,,
ethiopian cofee leaf dataset/train aug/Leaf rust/aug_0_2312.jpeg,Leaf Rust,excluded_pattern,,
ethiopian cofee leaf dataset/train aug/Leaf rust/aug_0_2314.jpeg,Leaf Rust,excluded_pattern,,
ethiopian cofee leaf dataset/train aug/Leaf rust/aug_0_2325.jpeg,Leaf Rust,excluded_pattern,,
ethiopian cofee leaf dataset/train aug/Leaf rust/aug_0_2326.jpeg,Leaf Rust,excluded_pattern,,
ethiopian cofee leaf dataset/train aug/Leaf rust/aug_0_2334.jpeg,Leaf Rust,excluded_pattern,,
ethiopian cofee leaf dataset/train aug/Leaf rust/aug_0_2336.jpeg,Leaf Rust,excluded_pattern,,
ethiopian cofee leaf dataset/train aug/Leaf rust/aug_0_2339.jpeg,Leaf Rust,excluded_pattern,,
ethiopian cofee leaf dataset/train aug/Leaf rust/aug_0_2343.jpeg,Leaf Rust,excluded_pattern,,
ethiopian cofee leaf dataset/train aug/Leaf rust/aug_0_2348.jpeg,Leaf Rust,excluded_pattern,,
ethiopian cofee leaf dataset/train aug/Leaf rust/aug_0_2350.jpeg,Leaf Rust,excluded_pattern,,
ethiopian cofee leaf dataset/train aug/Leaf rust/aug_0_2356.jpeg,Leaf Rust,excluded_pattern,,
ethiopian cofee leaf dataset/train aug/Leaf rust/aug_0_2359.jpeg,Leaf Rust,excluded_pattern,,
ethiopian cofee leaf dataset/train aug/Leaf rust/aug_0_2360.jpeg,Leaf Rust,excluded_pattern,,
ethiopian cofee leaf dataset/train aug/Leaf rust/aug_0_2369.jpeg,Leaf Rust,excluded_pattern,,
ethiopian cofee leaf dataset/train aug/Leaf rust/aug_0_2371.jpeg,Leaf Rust,excluded_pattern,,
ethiopian cofee leaf dataset/train aug/Leaf rust/aug_0_2375.jpeg,Leaf Rust,excluded_pattern,,
ethiopian cofee leaf dataset/train aug/Leaf rust/aug_0_2376.jpeg,Leaf Rust,excluded_pattern,,
ethiopian cofee leaf dataset/train aug/Leaf rust/aug_0_2384.jpeg,Leaf Rust,excluded_pattern,,
ethiopian cofee leaf dataset/train aug/Leaf rust/aug_0_2390.jpeg,Leaf Rust,excluded_pattern,,
ethiopian cofee leaf dataset/train aug/Leaf rust/aug_0_2401.jpeg,Leaf Rust,excluded_pattern,,
ethiopian cofee leaf dataset/train aug/Leaf rust/aug_0_2402.jpeg,Leaf Rust,excluded_pattern,,
ethiopian cofee leaf dataset/train aug/Leaf rust/aug_0_2404.jpeg,Leaf Rust,excluded_pattern,,
ethiopian cofee leaf dataset/train aug/Leaf rust/aug_0_2407.jpeg,Leaf Rust,excluded_pattern,,
ethiopian cofee leaf dataset/train aug/Leaf rust/aug_0_2410.jpeg,Leaf Rust,excluded_pattern,,
ethiopian cofee leaf dataset/train aug/Leaf rust/aug_0_2415.jpeg,Leaf Rust,excluded_pattern,,
ethiopian cofee leaf dataset/train aug/Leaf rust/aug_0_2416.jpeg,Leaf Rust,excluded_pattern,,
ethiopian cofee leaf dataset/train aug/Leaf rust/aug_0_2420.jpeg,Leaf Rust,excluded_pattern,,
ethiopian cofee leaf dataset/train aug/Leaf rust/aug_0_2422.jpeg,Leaf Rust,excluded_pattern,,
ethiopian cofee leaf dataset/train aug/Leaf rust/aug_0_2428.jpeg,Leaf Rust,excluded_pattern,,
ethiopian cofee leaf dataset/train aug/Leaf rust/aug_0_2431.jpeg,Leaf Rust,excluded_pattern,,
ethiopian cofee leaf dataset/train aug/Leaf rust/aug_0_2433.jpeg,Leaf Rust,excluded_pattern,,
ethiopian cofee leaf dataset/train aug/Leaf rust/aug_0_2439.jpeg,Leaf Rust,excluded_pattern,,
ethiopian cofee leaf dataset/train aug/Leaf rust/aug_0_2441.jpeg,Leaf Rust,excluded_pattern,,
ethiopian cofee leaf dataset/train aug/Leaf rust/aug_0_2450.jpeg,Leaf Rust,excluded_pattern,,
ethiopian cofee leaf dataset/train aug/Leaf rust/aug_0_2452.jpeg,Leaf Rust,excluded_pattern,,
ethiopian cofee leaf dataset/train aug/Leaf rust/aug_0_2454.jpeg,Leaf Rust,excluded_pattern,,
ethiopian cofee leaf dataset/train aug/Leaf rust/aug_0_2455.jpeg,Leaf Rust,excluded_pattern,,
ethiopian cofee leaf dataset/train aug/Leaf rust/aug_0_2458.jpeg,Leaf Rust,excluded_pattern,,
ethiopian cofee leaf dataset/train aug/Leaf rust/aug_0_2460.jpeg,Leaf Rust,excluded_pattern,,
ethiopian cofee leaf dataset/train aug/Leaf rust/aug_0_2461.jpeg,Leaf Rust,excluded_pattern,,
ethiopian cofee leaf dataset/train aug/Leaf rust/aug_0_2468.jpeg,Leaf Rust,excluded_pattern,,
ethiopian cofee leaf dataset/train aug/Leaf rust/aug_0_2470.jpeg,Leaf Rust,excluded_pattern,,
ethiopian cofee leaf dataset/train aug/Leaf rust/aug_0_2472.jpeg,Leaf Rust,excluded_pattern,,
ethiopian cofee leaf dataset/train aug/Leaf rust/aug_0_2477.jpeg,Leaf Rust,excluded_pattern,,
ethiopian cofee leaf dataset/train aug/Leaf rust/aug_0_2484.jpeg,Leaf Rust,excluded_pattern,,
ethiopian cofee leaf dataset/train aug/Leaf rust/aug_0_2488.jpeg,Leaf Rust,excluded_pattern,,
ethiopian cofee leaf dataset/train aug/Leaf rust/aug_0_2490.jpeg,Leaf Rust,excluded_pattern,,
ethiopian cofee leaf dataset/train aug/Leaf rust/aug_0_2492.jpeg,Leaf Rust,excluded_pattern,,
ethiopian cofee leaf dataset/train aug/Leaf rust/aug_0_2495.jpeg,Leaf Rust,excluded_pattern,,
ethiopian cofee leaf dataset/train aug/Leaf rust/aug_0_2502.jpeg,Leaf Rust,excluded_pattern,,
ethiopian cofee leaf dataset/train aug/Leaf rust/aug_0_2510.jpeg,Leaf Rust,excluded_pattern,,
ethiopian cofee leaf dataset/train aug/Leaf rust/aug_0_2514.jpeg,Leaf Rust,excluded_pattern,,
ethiopian cofee leaf dataset/train aug/Leaf rust/aug_0_2515.jpeg,Leaf Rust,excluded_pattern,,
ethiopian cofee leaf dataset/train aug/Leaf rust/aug_0_2516.jpeg,Leaf Rust,excluded_pattern,,
ethiopian cofee leaf dataset/train aug/Leaf rust/aug_0_2527.jpeg,Leaf Rust,excluded_pattern,,
ethiopian cofee leaf dataset/train aug/Leaf rust/aug_0_2532.jpeg,Leaf Rust,excluded_pattern,,
ethiopian cofee leaf dataset/train aug/Leaf rust/aug_0_2535.jpeg,Leaf Rust,excluded_pattern,,
ethiopian cofee leaf dataset/train aug/Leaf rust/aug_0_2536.jpeg,Leaf Rust,excluded_pattern,,
ethiopian cofee leaf dataset/train aug/Leaf rust/aug_0_2537.jpeg,Leaf Rust,excluded_pattern,,
ethiopian cofee leaf dataset/train aug/Leaf rust/aug_0_2539.jpeg,Leaf Rust,excluded_pattern,,
ethiopian cofee leaf dataset/train aug/Leaf rust/aug_0_2540.jpeg,Leaf Rust,excluded_pattern,,
ethiopian cofee leaf dataset/train aug/Leaf rust/aug_0_2543.jpeg,Leaf Rust,excluded_pattern,,
ethiopian cofee leaf dataset/train aug/Leaf rust/aug_0_2544.jpeg,Leaf Rust,excluded_pattern,,
ethiopian cofee leaf dataset/train aug/Leaf rust/aug_0_2546.jpeg,Leaf Rust,excluded_pattern,,
ethiopian cofee leaf dataset/train aug/Leaf rust/aug_0_2549.jpeg,Leaf Rust,excluded_pattern,,
ethiopian cofee leaf dataset/train aug/Leaf rust/aug_0_2551.jpeg,Leaf Rust,excluded_pattern,,
ethiopian cofee leaf dataset/train aug/Leaf rust/aug_0_2555.jpeg,Leaf Rust,excluded_pattern,,
ethiopian cofee leaf dataset/train aug/Leaf rust/aug_0_2561.jpeg,Leaf Rust,excluded_pattern,,
ethiopian cofee leaf dataset/train aug/Leaf rust/aug_0_2562.jpeg,Leaf Rust,excluded_pattern,,
ethiopian cofee leaf dataset/train aug/Leaf rust/aug_0_2563.jpeg,Leaf Rust,excluded_pattern,,
ethiopian cofee leaf dataset/train aug/Leaf rust/aug_0_2564.jpeg,Leaf Rust,excluded_pattern,,
ethiopian cofee leaf dataset/train aug/Leaf rust/aug_0_2568.jpeg,Leaf Rust,excluded_pattern,,
ethiopian cofee leaf dataset/train aug/Leaf rust/aug_0_2569.jpeg,Leaf Rust,excluded_pattern,,
ethiopian cofee leaf dataset/train aug/Leaf rust/aug_0_2578.jpeg,Leaf Rust,excluded_pattern,,
ethiopian cofee leaf dataset/train aug/Leaf rust/aug_0_2585.jpeg,Leaf Rust,excluded_pattern,,
ethiopian cofee leaf dataset/train aug/Leaf rust/aug_0_2586.jpeg,Leaf Rust,excluded_pattern,,
ethiopian cofee leaf dataset/train aug/Leaf rust/aug_0_2588.jpeg,Leaf Rust,excluded_pattern,,
ethiopian cofee leaf dataset/train aug/Leaf rust/aug_0_2598.jpeg,Leaf Rust,excluded_pattern,,
ethiopian cofee leaf dataset/train aug/Leaf rust/aug_0_2600.jpeg,Leaf Rust,excluded_pattern,,
ethiopian cofee leaf dataset/train aug/Leaf rust/aug_0_2602.jpeg,Leaf Rust,excluded_pattern,,
ethiopian cofee leaf dataset/train aug/Leaf rust/aug_0_2606.jpeg,Leaf Rust,excluded_pattern,,
ethiopian cofee leaf dataset/train aug/Leaf rust/aug_0_2607.jpeg,Leaf Rust,excluded_pattern,,
ethiopian cofee leaf dataset/train aug/Leaf rust/aug_0_2609.jpeg,Leaf Rust,excluded_pattern,,
ethiopian cofee leaf dataset/train aug/Leaf rust/aug_0_2614.jpeg,Leaf Rust,excluded_pattern,,
ethiopian cofee leaf dataset/train aug/Leaf rust/aug_0_2617.jpeg,Leaf Rust,excluded_pattern,,
ethiopian cofee leaf dataset/train aug/Leaf rust/aug_0_2618.jpeg,Leaf Rust,excluded_pattern,,
ethiopian cofee leaf dataset/train aug/Leaf rust/aug_0_2620.jpeg,Leaf Rust,excluded_pattern,,
ethiopian cofee leaf dataset/train aug/Leaf rust/aug_0_2623.jpeg,Leaf Rust,excluded_pattern,,
ethiopian cofee leaf dataset/train aug/Leaf rust/aug_0_2632.jpeg,Leaf Rust,excluded_pattern,,
ethiopian cofee leaf dataset/train aug/Leaf rust/aug_0_2638.jpeg,Leaf Rust,excluded_pattern,,
ethiopian cofee leaf dataset/train aug/Leaf rust/aug_0_2639.jpeg,Leaf Rust,excluded_pattern,,
ethiopian cofee leaf dataset/train aug/Leaf rust/aug_0_2640.jpeg,Leaf Rust,excluded_pattern,,
ethiopian cofee leaf dataset/train aug/Leaf rust/aug_0_2645.jpeg,Leaf Rust,excluded_pattern,,
ethiopian cofee leaf dataset/train aug/Leaf rust/aug_0_2653.jpeg,Leaf Rust,excluded_pattern,,
ethiopian cofee leaf dataset/train aug/Leaf rust/aug_0_2654.jpeg,Leaf Rust,excluded_pattern,,
ethiopian cofee leaf dataset/train aug/Leaf rust/aug_0_2657.jpeg,Leaf Rust,excluded_pattern,,
ethiopian cofee leaf dataset/train aug/Leaf rust/aug_0_2659.jpeg,Leaf Rust,excluded_pattern,,
ethiopian cofee leaf dataset/train aug/Leaf rust/aug_0_2660.jpeg,Leaf Rust,excluded_pattern,,
ethiopian cofee leaf dataset/train aug/Leaf rust/aug_0_2664.jpeg,Leaf Rust,excluded_pattern,,
ethiopian cofee leaf dataset/train aug/Leaf rust/aug_0_2665.jpeg,Leaf Rust,excluded_pattern,,
ethiopian cofee leaf dataset/train aug/Leaf rust/aug_0_2672.jpeg,Leaf Rust,excluded_pattern,,
ethiopian cofee leaf dataset/train aug/Leaf rust/aug_0_2675.jpeg,Leaf Rust,excluded_pattern,,
ethiopian cofee leaf dataset/train aug/Leaf rust/aug_0_2681.jpeg,Leaf Rust,excluded_pattern,,
ethiopian cofee leaf dataset/train aug/Leaf rust/aug_0_2688.jpeg,Leaf Rust,excluded_pattern,,
ethiopian cofee leaf dataset/train aug/Leaf rust/aug_0_2692.jpeg,Leaf Rust,excluded_pattern,,
ethiopian cofee leaf dataset/train aug/Leaf rust/aug_0_2696.jpeg,Leaf Rust,excluded_pattern,,
ethiopian cofee leaf dataset/train aug/Leaf rust/aug_0_2699.jpeg,Leaf Rust,excluded_pattern,,
ethiopian cofee leaf dataset/train aug/Leaf rust/aug_0_2701.jpeg,Leaf Rust,excluded_pattern,,
ethiopian cofee leaf dataset/train aug/Leaf rust/aug_0_2703.jpeg,Leaf Rust,excluded_pattern,,
ethiopian cofee leaf dataset/train aug/Leaf rust/aug_0_2707.jpeg,Leaf Rust,excluded_pattern,,
ethiopian cofee leaf dataset/train aug/Leaf rust/aug_0_2708.jpeg,Leaf Rust,excluded_pattern,,
ethiopian cofee leaf dataset/train aug/Leaf rust/aug_0_2712.jpeg,Leaf Rust,excluded_pattern,,
ethiopian cofee leaf dataset/train aug/Leaf rust/aug_0_2713.jpeg,Leaf Rust,excluded_pattern,,
ethiopian cofee leaf dataset/train aug/Leaf rust/aug_0_2721.jpeg,Leaf Rust,excluded_pattern,,
ethiopian cofee leaf dataset/train aug/Leaf rust/aug_0_2722.jpeg,Leaf Rust,excluded_pattern,,
ethiopian cofee leaf dataset/train aug/Leaf rust/aug_0_2732.jpeg,Leaf Rust,excluded_pattern,,
ethiopian cofee leaf dataset/train aug/Leaf rust/aug_0_2734.jpeg,Leaf Rust,excluded_pattern,,
ethiopian cofee leaf dataset/train aug/Leaf rust/aug_0_2738.jpeg,Leaf Rust,excluded_pattern,,
ethiopian cofee leaf dataset/train aug/Leaf rust/aug_0_2739.jpeg,Leaf Rust,excluded_pattern,,
ethiopian cofee leaf dataset/train aug/Leaf rust/aug_0_2742.jpeg,Leaf Rust,excluded_pattern,,
ethiopian cofee leaf dataset/train aug/Leaf rust/aug_0_2745.jpeg,Leaf Rust,excluded_pattern,,
ethiopian cofee leaf dataset/train aug/Leaf rust/aug_0_2746.jpeg,Leaf Rust,excluded_pattern,,
ethiopian cofee leaf dataset/train aug/Leaf rust/aug_0_2752.jpeg,Leaf Rust,excluded_pattern,,
ethiopian cofee leaf dataset/train aug/Leaf rust/aug_0_2753.jpeg,Leaf Rust,excluded_pattern,,
ethiopian cofee leaf dataset/train aug/Leaf rust/aug_0_2754.jpeg,Leaf Rust,excluded_pattern,,
ethiopian cofee leaf dataset/train aug/Leaf rust/aug_0_2755.jpeg,Leaf Rust,excluded_pattern,,
ethiopian cofee leaf dataset/train aug/Leaf rust/aug_0_2759.jpeg,Leaf Rust,excluded_pattern,,
ethiopian cofee leaf dataset/train aug/Leaf rust/aug_0_2765.jpeg,Leaf Rust,excluded_pattern,,
ethiopian cofee leaf dataset/train aug/Leaf rust/aug_0_2770.jpeg,Leaf Rust,excluded_pattern,,
ethiopian cofee leaf dataset/train aug/Leaf rust/aug_0_2771.jpeg,Leaf Rust,excluded_pattern,,
ethiopian cofee leaf dataset/train aug/Leaf rust/aug_0_2772.jpeg,Leaf Rust,excluded_pattern,,
ethiopian cofee leaf dataset/train aug/Leaf rust/aug_0_2776.jpeg,Leaf Rust,excluded_pattern,,
ethiopian cofee leaf dataset/train aug/Leaf rust/aug_0_2781.jpeg,Leaf Rust,excluded_pattern,,
ethiopian cofee leaf dataset/train aug/Leaf rust/aug_0_2782.jpeg,Leaf Rust,excluded_pattern,,
ethiopian cofee leaf dataset/train aug/Leaf rust/aug_0_2788.jpeg,Leaf Rust,excluded_pattern,,
ethiopian cofee leaf dataset/train aug/Leaf rust/aug_0_2791.jpeg,Leaf Rust,excluded_pattern,,
ethiopian cofee leaf dataset/train aug/Leaf rust/aug_0_2792.jpeg,Leaf Rust,excluded_pattern,,
ethiopian cofee leaf dataset/train aug/Leaf rust/aug_0_2793.jpeg,Leaf Rust,excluded_pattern,,
ethiopian cofee leaf dataset/train aug/Leaf rust/aug_0_2795.jpeg,Leaf Rust,excluded_pattern,,
ethiopian cofee leaf dataset/train aug/Leaf rust/aug_0_2796.jpeg,Leaf Rust,excluded_pattern,,
ethiopian cofee leaf dataset/train aug/Leaf rust/aug_0_2797.jpeg,Leaf Rust,excluded_pattern,,
ethiopian cofee leaf dataset/train aug/Leaf rust/aug_0_2800.jpeg,Leaf Rust,excluded_pattern,,
ethiopian cofee leaf dataset/train aug/Leaf rust/aug_0_2806.jpeg,Leaf Rust,excluded_pattern,,
ethiopian cofee leaf dataset/train aug/Leaf rust/aug_0_2807.jpeg,Leaf Rust,excluded_pattern,,
ethiopian cofee leaf dataset/train aug/Leaf rust/aug_0_2811.jpeg,Leaf Rust,excluded_pattern,,
ethiopian cofee leaf dataset/train aug/Leaf rust/aug_0_2813.jpeg,Leaf Rust,excluded_pattern,,
ethiopian cofee leaf dataset/train aug/Leaf rust/aug_0_2814.jpeg,Leaf Rust,excluded_pattern,,
ethiopian cofee leaf dataset/train aug/Leaf rust/aug_0_2839.jpeg,Leaf Rust,excluded_pattern,,
ethiopian cofee leaf dataset/train aug/Leaf rust/aug_0_2841.jpeg,Leaf Rust,excluded_pattern,,
ethiopian cofee leaf dataset/train aug/Leaf rust/aug_0_2844.jpeg,Leaf Rust,excluded_pattern,,
ethiopian cofee leaf dataset/train aug/Leaf rust/aug_0_6235.jpeg,Leaf Rust,excluded_pattern,,
ethiopian cofee leaf dataset/train aug/Leaf rust/aug_0_6237.jpeg,Leaf Rust,excluded_pattern,,
ethiopian cofee leaf dataset/train aug/Leaf rust/aug_0_6238.jpeg,Leaf Rust,excluded_pattern,,
ethiopian cofee leaf dataset/train aug/Leaf rust/aug_0_6243.jpeg,Leaf Rust,excluded_pattern,,
ethiopian cofee leaf dataset/train aug/Leaf rust/aug_0_6244.jpeg,Leaf Rust,excluded_pattern,,
ethiopian cofee leaf dataset/train aug/Leaf rust/aug_0_6245.jpeg,Leaf Rust,excluded_pattern,,
ethiopian cofee leaf dataset/train aug/Leaf rust/aug_0_6247.jpeg,Leaf Rust,excluded_pattern,,
ethiopian cofee leaf dataset/train aug/Leaf rust/aug_0_6249.jpeg,Leaf Rust,excluded_pattern,,
ethiopian cofee leaf dataset/train aug/Leaf rust/aug_0_6252.jpeg,Leaf Rust,excluded_pattern,,
ethiopian cofee leaf dataset/train aug/Leaf rust/aug_0_6253.jpeg,Leaf Rust,excluded_pattern,,
ethiopian cofee leaf dataset/train aug/Leaf rust/aug_0_6254.jpeg,Leaf Rust,excluded_pattern,,
ethiopian cofee leaf dataset/train aug/Leaf rust/aug_0_6255.jpeg,Leaf Rust,excluded_pattern,,
ethiopian cofee leaf dataset/train aug/Leaf rust/aug_0_6259.jpeg,Leaf Rust,excluded_pattern,,
ethiopian cofee leaf dataset/train aug/Leaf rust/aug_0_6263.jpeg,Leaf Rust,excluded_pattern,,
ethiopian cofee leaf dataset/train aug/Leaf rust/aug_0_6268.jpeg,Leaf Rust,excluded_pattern,,
ethiopian cofee leaf dataset/train aug/Leaf rust/aug_0_6269.jpeg,Leaf Rust,excluded_pattern,,
ethiopian cofee leaf dataset/train aug/Leaf rust/aug_0_6270.jpeg,Leaf Rust,excluded_pattern,,
ethiopian cofee leaf dataset/train aug/Leaf rust/aug_0_6271.jpeg,Leaf Rust,excluded_pattern,,
ethiopian cofee leaf dataset/train aug/Leaf rust/aug_0_6276.jpeg,Leaf Rust,excluded_pattern,,
ethiopian cofee leaf dataset/train aug/Leaf rust/aug_0_6277.jpeg,Leaf Rust,excluded_pattern,,
ethiopian cofee leaf dataset/train aug/Leaf rust/aug_0_6279.jpeg,Leaf Rust,excluded_pattern,,
ethiopian cofee leaf dataset/train aug/Leaf rust/aug_0_6289.jpeg,Leaf Rust,excluded_pattern,,
ethiopian cofee leaf dataset/train aug/Leaf rust/aug_0_6290.jpeg,Leaf Rust,excluded_pattern,,
ethiopian cofee leaf dataset/train aug/Leaf rust/aug_0_6291.jpeg,Leaf Rust,excluded_pattern,,
ethiopian cofee leaf dataset/train aug/Leaf rust/aug_0_6293.jpeg,Leaf Rust,excluded_pattern,,
ethiopian cofee leaf dataset/train aug/Leaf rust/aug_0_6294.jpeg,Leaf Rust,excluded_pattern,,
ethiopian cofee leaf dataset/train aug/Leaf rust/aug_0_6295.jpeg,Leaf Rust,excluded_pattern,,
ethiopian cofee leaf dataset/train aug/Leaf rust/aug_0_6297.jpeg,Leaf Rust,excluded_pattern,,
ethiopian cofee leaf dataset/train aug/Leaf rust/aug_0_6299.jpeg,Leaf Rust,excluded_pattern,,
ethiopian cofee leaf dataset/train aug/Leaf rust/aug_0_6309.jpeg,Leaf Rust,excluded_pattern,,
ethiopian cofee leaf dataset/train aug/Leaf rust/aug_0_6310.jpeg,Leaf Rust,excluded_pattern,,
ethiopian cofee leaf dataset/train aug/Leaf rust/aug_0_6311.jpeg,Leaf Rust,excluded_pattern,,
ethiopian cofee leaf dataset/train aug/Leaf rust/aug_0_6316.jpeg,Leaf Rust,excluded_pattern,,
ethiopian cofee leaf dataset/train aug/Leaf rust/aug_0_6317.jpeg,Leaf Rust,excluded_pattern,,
ethiopian cofee leaf dataset/train aug/Leaf rust/aug_0_6320.jpeg,Leaf Rust,excluded_pattern,,
ethiopian cofee leaf dataset/train aug/Leaf rust/aug_0_6321.jpeg,Leaf Rust,excluded_pattern,,
ethiopian cofee leaf dataset/train aug/Leaf rust/aug_0_6322.jpeg,Leaf Rust,excluded_pattern,,
ethiopian cofee leaf dataset/train aug/Leaf rust/aug_0_6330.jpeg,Leaf Rust,excluded_pattern,,
ethiopian cofee leaf dataset/train aug/Leaf rust/aug_0_6338.jpeg,Leaf Rust,excluded_pattern,,
ethiopian cofee leaf dataset/train aug/Leaf rust/aug_0_6341.jpeg,Leaf Rust,excluded_pattern,,
ethiopian cofee leaf dataset/train aug/Leaf rust/aug_0_6346.jpeg,Leaf Rust,excluded_pattern,,
ethiopian cofee leaf dataset/train aug/Leaf rust/aug_0_6347.jpeg,Leaf Rust,excluded_pattern,,
ethiopian cofee leaf dataset/train aug/Leaf rust/aug_0_6350.jpeg,Leaf Rust,excluded_pattern,,
ethiopian cofee leaf dataset/train aug/Leaf rust/aug_0_6354.jpeg,Leaf Rust,excluded_pattern,,
ethiopian cofee leaf dataset/train aug/Leaf rust/aug_0_6355.jpeg,Leaf Rust,excluded_pattern,,
ethiopian cofee leaf dataset/train aug/Leaf rust/aug_0_6357.jpeg,Leaf Rust,excluded_pattern,,
ethiopian cofee leaf dataset/train aug/Leaf rust/aug_0_6359.jpeg,Leaf Rust,excluded_pattern,,
ethiopian cofee leaf dataset/train aug/Leaf rust/aug_0_6360.jpeg,Leaf Rust,excluded_pattern,,
ethiopian cofee leaf dataset/train aug/Leaf rust/aug_0_6361.jpeg,Leaf Rust,excluded_pattern,,
ethiopian cofee leaf dataset/train aug/Leaf rust/aug_0_6363.jpeg,Leaf Rust,excluded_pattern,,
ethiopian cofee leaf dataset/train aug/Leaf rust/aug_0_6364.jpeg,Leaf Rust,excluded_pattern,,
ethiopian cofee leaf dataset/train aug/Leaf rust/aug_0_6366.jpeg,Leaf Rust,excluded_pattern,,
ethiopian cofee leaf dataset/train aug/Leaf rust/aug_0_6368.jpeg,Leaf Rust,excluded_pattern,,
ethiopian cofee leaf dataset/train aug/Leaf rust/aug_0_6372.jpeg,Leaf Rust,excluded_pattern,,
ethiopian cofee leaf dataset/train aug/Leaf rust/aug_0_6373.jpeg,Leaf Rust,excluded_pattern,,
ethiopian cofee leaf dataset/train aug/Leaf rust/aug_0_6374.jpeg,Leaf Rust,excluded_pattern,,
ethiopian cofee leaf dataset/train aug/Leaf rust/aug_0_6375.jpeg,Leaf Rust,excluded_pattern,,
ethiopian cofee leaf dataset/train aug/Leaf rust/aug_0_6377.jpeg,Leaf Rust,excluded_pattern,,
ethiopian cofee leaf dataset/train aug/Leaf rust/aug_0_6378.jpeg,Leaf Rust,excluded_pattern,,
ethiopian cofee leaf dataset/train aug/Leaf rust/aug_0_6379.jpeg,Leaf Rust,excluded_pattern,,
ethiopian cofee leaf dataset/train aug/Leaf rust/aug_0_6384.jpeg,Leaf Rust,excluded_pattern,,
ethiopian cofee leaf dataset/train aug/Leaf rust/aug_0_6388.jpeg,Leaf Rust,excluded_pattern,,
ethiopian cofee leaf dataset/train aug/Leaf rust/aug_0_6389.jpeg,Leaf Rust,excluded_pattern,,
ethiopian cofee leaf dataset/train aug/Leaf rust/aug_0_6397.jpeg,Leaf Rust,excluded_pattern,,
ethiopian cofee leaf dataset/train aug/Leaf rust/aug_0_6400.jpeg,Leaf Rust,excluded_pattern,,
ethiopian cofee leaf dataset/train aug/Leaf rust/aug_0_6401.jpeg,Leaf Rust,excluded_pattern,,
ethiopian cofee leaf dataset/train aug/Leaf rust/aug_0_6402.jpeg,Leaf Rust,excluded_pattern,,
ethiopian cofee leaf dataset/train aug/Leaf rust/aug_0_6403.jpeg,Leaf Rust,excluded_pattern,,
ethiopian cofee leaf dataset/train aug/Leaf rust/aug_0_6404.jpeg,Leaf Rust,excluded_pattern,,
ethiopian cofee leaf dataset/train aug/Leaf rust/aug_0_6407.jpeg,Leaf Rust,excluded_pattern,,
ethiopian cofee leaf dataset/train aug/Leaf rust/aug_0_6412.jpeg,Leaf Rust,excluded_pattern,,
ethiopian cofee leaf dataset/train aug/Leaf rust/aug_0_6415.jpeg,Leaf Rust,excluded_pattern,,
ethiopian cofee leaf dataset/train aug/Leaf rust/aug_0_6421.jpeg,Leaf Rust,excluded_pattern,,
ethiopian cofee leaf dataset/train aug/Leaf rust/aug_0_6423.jpeg,Leaf Rust,excluded_pattern,,
ethiopian cofee leaf dataset/train aug/Leaf rust/aug_0_6428.jpeg,Leaf Rust,excluded_pattern,,
ethiopian cofee leaf dataset/train aug/Leaf rust/aug_0_6429.jpeg,Leaf Rust,excluded_pattern,,
ethiopian cofee leaf dataset/train aug/Leaf rust/aug_0_6430.jpeg,Leaf Rust,excluded_pattern,,
ethiopian cofee leaf dataset/train aug/Leaf rust/aug_0_6435.jpeg,Leaf Rust,excluded_pattern,,
ethiopian cofee leaf dataset/train aug/Leaf rust/aug_0_6437.jpeg,Leaf Rust,excluded_pattern,,
ethiopian cofee leaf dataset/train aug/Leaf rust/aug_0_6440.jpeg,Leaf Rust,excluded_pattern,,
ethiopian cofee leaf dataset/train aug/Leaf rust/aug_0_6442.jpeg,Leaf Rust,excluded_pattern,,
ethiopian cofee leaf dataset/train aug/Leaf rust/aug_0_6444.jpeg,Leaf Rust,excluded_pattern,,
ethiopian cofee leaf dataset/train aug/Leaf rust/aug_0_6445.jpeg,Leaf Rust,excluded_pattern,,
ethiopian cofee leaf dataset/train aug/Leaf rust/aug_0_6447.jpeg,Leaf Rust,excluded_pattern,,
ethiopian cofee leaf dataset/train aug/Leaf rust/aug_0_6449.jpeg,Leaf Rust,excluded_pattern,,
ethiopian cofee leaf dataset/train aug/Leaf rust/aug_0_6453.jpeg,Leaf Rust,excluded_pattern,,
ethiopian cofee leaf dataset/train aug/Leaf rust/aug_0_6456.jpeg,Leaf Rust,excluded_pattern,,
ethiopian cofee leaf dataset/train aug/Leaf rust/aug_0_6458.jpeg,Leaf Rust,excluded_pattern,,
ethiopian cofee leaf dataset/train aug/Leaf rust/aug_0_6462.jpeg,Leaf Rust,excluded_pattern,,
ethiopian cofee leaf dataset/train aug/Leaf rust/aug_0_6463.jpeg,Leaf Rust,excluded_pattern,,
ethiopian cofee leaf dataset/train aug/Leaf rust/aug_0_6470.jpeg,Leaf Rust,excluded_pattern,,
ethiopian cofee leaf dataset/train aug/Leaf rust/aug_0_6471.jpeg,Leaf Rust,excluded_pattern,,
ethiopian cofee leaf dataset/train aug/Leaf rust/aug_0_6473.jpeg,Leaf Rust,excluded_pattern,,
ethiopian cofee leaf dataset/train aug/Leaf rust/aug_0_6475.jpeg,Leaf Rust,excluded_pattern,,
ethiopian cofee leaf dataset/train aug/Leaf rust/aug_0_6480.jpeg,Leaf Rust,excluded_pattern,,
ethiopian cofee leaf dataset/train aug/Leaf rust/aug_0_6485.jpeg,Leaf Rust,excluded_pattern,,
ethiopian cofee leaf dataset/train aug/Leaf rust/aug_0_6487.jpeg,Leaf Rust,excluded_pattern,,
ethiopian cofee leaf dataset/train aug/Leaf rust/aug_0_6488.jpeg,Leaf Rust,excluded_pattern,,
ethiopian cofee leaf dataset/train aug/Leaf rust/aug_0_6491.jpeg,Leaf Rust,excluded_pattern,,
ethiopian cofee leaf dataset/train aug/Leaf rust/aug_0_6492.jpeg,Leaf Rust,excluded_pattern,,
ethiopian cofee leaf dataset/train aug/Leaf rust/aug_0_6495.jpeg,Leaf Rust,excluded_pattern,,
ethiopian cofee leaf dataset/train aug/Leaf rust/aug_0_6496.jpeg,Leaf Rust,excluded_pattern,,
ethiopian cofee leaf dataset/train aug/Leaf rust/aug_0_6497.jpeg,Leaf Rust,excluded_pattern,,
ethiopian cofee leaf dataset/train aug/Leaf rust/aug_0_6498.jpeg,Leaf Rust,excluded_pattern,,
ethiopian cofee leaf dataset/train aug/Leaf rust/aug_0_6499.jpeg,Leaf Rust,excluded_pattern,,
ethiopian cofee leaf dataset/train aug/Leaf rust/aug_0_6500.jpeg,Leaf Rust,excluded_pattern,,
ethiopian cofee leaf dataset/train aug/Leaf rust/aug_0_6502.jpeg,Leaf Rust,excluded_pattern,,
ethiopian cofee leaf dataset/train aug/Leaf rust/aug_0_6503.jpeg,Leaf Rust,excluded_pattern,,
ethiopian cofee leaf dataset/train aug/Leaf rust/aug_0_6504.jpeg,Leaf Rust,excluded_pattern,,
ethiopian cofee leaf dataset/train aug/Leaf rust/aug_0_6505.jpeg,Leaf Rust,excluded_pattern,,
ethiopian cofee leaf dataset/train aug/Leaf rust/aug_0_6506.jpeg,Leaf Rust,excluded_pattern,,
ethiopian cofee leaf dataset/train aug/Leaf rust/aug_0_6508.jpeg,Leaf Rust,excluded_pattern,,
ethiopian cofee leaf dataset/train aug/Leaf rust/aug_0_6515.jpeg,Leaf Rust,excluded_pattern,,
ethiopian cofee leaf dataset/train aug/Leaf rust/aug_0_6516.jpeg,Leaf Rust,excluded_pattern,,
ethiopian cofee leaf dataset/train aug/Leaf rust/aug_0_6517.jpeg,Leaf Rust,excluded_pattern,,
ethiopian cofee leaf dataset/train aug/Leaf rust/aug_0_6520.jpeg,Leaf Rust,excluded_pattern,,
ethiopian cofee leaf dataset/train aug/Leaf rust/aug_0_6525.jpeg,Leaf Rust,excluded_pattern,,
ethiopian cofee leaf dataset/train aug/Leaf rust/aug_0_6528.jpeg,Leaf Rust,excluded_pattern,,
ethiopian cofee leaf dataset/train aug/Leaf rust/aug_0_6530.jpeg,Leaf Rust,excluded_pattern,,
ethiopian cofee leaf dataset/train aug/Leaf rust/aug_0_6532.jpeg,Leaf Rust,excluded_pattern,,
ethiopian cofee leaf dataset/train aug/Leaf rust/aug_0_6533.jpeg,Leaf Rust,excluded_pattern,,
ethiopian cofee leaf dataset/train aug/Leaf rust/aug_0_6536.jpeg,Leaf Rust,excluded_pattern,,
ethiopian cofee leaf dataset/train aug/Leaf rust/aug_0_6537.jpeg,Leaf Rust,excluded_pattern,,
ethiopian cofee leaf dataset/train aug/Leaf rust/aug_0_6543.jpeg,Leaf Rust,excluded_pattern,,
ethiopian cofee leaf dataset/train aug/Leaf rust/aug_0_6544.jpeg,Leaf Rust,excluded_pattern,,
ethiopian cofee leaf dataset/train aug/Leaf rust/aug_0_6545.jpeg,Leaf Rust,excluded_pattern,,
ethiopian cofee leaf dataset/train aug/Leaf rust/aug_0_6549.jpeg,Leaf Rust,excluded_pattern,,
ethiopian cofee leaf dataset/train aug/Leaf rust/aug_0_6550.jpeg,Leaf Rust,excluded_pattern,,
ethiopian cofee leaf dataset/train aug/Leaf rust/aug_0_6553.jpeg,Leaf Rust,excluded_pattern,,
ethiopian cofee leaf dataset/train aug/Leaf rust/aug_0_6554.jpeg,Leaf Rust,excluded_pattern,,
ethiopian cofee leaf dataset/train aug/Leaf rust/aug_0_6563.jpeg,Leaf Rust,excluded_pattern,,
ethiopian cofee leaf dataset/train aug/Leaf rust/aug_0_6565.jpeg,Leaf Rust,excluded_pattern,,
ethiopian cofee leaf dataset/train aug/Leaf rust/aug_0_6567.jpeg,Leaf Rust,excluded_pattern,,
ethiopian cofee leaf dataset/train aug/Leaf rust/aug_0_6570.jpeg,Leaf Rust,excluded_pattern,,
ethiopian cofee leaf dataset/train aug/Leaf rust/aug_0_6578.jpeg,Leaf Rust,excluded_pattern,,
ethiopian cofee leaf dataset/train aug/Leaf rust/aug_0_6580.jpeg,Leaf Rust,excluded_pattern,,
ethiopian cofee leaf dataset/train aug/Leaf rust/aug_0_6581.jpeg,Leaf Rust,excluded_pattern,,
ethiopian cofee leaf dataset/train aug/Leaf rust/aug_0_6582.jpeg,Leaf Rust,excluded_pattern,,
ethiopian cofee leaf dataset/train aug/Leaf rust/aug_0_6584.jpeg,Leaf Rust,excluded_pattern,,
ethiopian cofee leaf dataset/train aug/Leaf rust/aug_0_6587.jpeg,Leaf Rust,excluded_pattern,,
ethiopian cofee leaf dataset/train aug/Leaf rust/aug_0_6590.jpeg,Leaf Rust,excluded_pattern,,
ethiopian cofee leaf dataset/train aug/Leaf rust/aug_0_6593.jpeg,Leaf Rust,excluded_pattern,,
ethiopian cofee leaf dataset/train aug/Leaf rust/aug_0_6598.jpeg,Leaf Rust,excluded_pattern,,
ethiopian cofee leaf dataset/train aug/Leaf rust/aug_0_6599.jpeg,Leaf Rust,excluded_pattern,,
ethiopian cofee leaf dataset/train aug/Leaf rust/aug_0_6602.jpeg,Leaf Rust,excluded_pattern,,
ethiopian cofee leaf dataset/train aug/Leaf rust/aug_0_6603.jpeg,Leaf Rust,excluded_pattern,,
ethiopian cofee leaf dataset/train aug/Leaf rust/aug_0_6604.jpeg,Leaf Rust,excluded_pattern,,
ethiopian cofee leaf dataset/train aug/Leaf rust/aug_0_6605.jpeg,Leaf Rust,excluded_pattern,,
ethiopian cofee leaf dataset/train aug/Leaf rust/aug_0_6606.jpeg,Leaf Rust,excluded_pattern,,
ethiopian cofee leaf dataset/train aug/Leaf rust/aug_0_6609.jpeg,Leaf Rust,excluded_pattern,,
ethiopian cofee leaf dataset/train aug/Leaf rust/aug_0_6610.jpeg,Leaf Rust,excluded_pattern,,
ethiopian cofee leaf dataset/train aug/Leaf rust/aug_0_6612.jpeg,Leaf Rust,excluded_pattern,,
ethiopian cofee leaf dataset/train aug/Leaf rust/aug_0_6613.jpeg,Leaf Rust,excluded_pattern,,
ethiopian cofee leaf dataset/train aug/Leaf rust/aug_0_6616.jpeg,Leaf Rust,excluded_pattern,,
ethiopian cofee leaf dataset/train aug/Leaf rust/aug_0_6618.jpeg,Leaf Rust,excluded_pattern,,
ethiopian cofee leaf dataset/train aug/Leaf rust/aug_0_6619.jpeg,Leaf Rust,excluded_pattern,,
ethiopian cofee leaf dataset/train aug/Leaf rust/aug_0_6621.jpeg,Leaf Rust,excluded_pattern,,
ethiopian cofee leaf dataset/train aug/Leaf rust/aug_0_6622.jpeg,Leaf Rust,excluded_pattern,,
ethiopian cofee leaf dataset/train aug/Leaf rust/aug_0_6625.jpeg,Leaf Rust,excluded_pattern,,
ethiopian cofee leaf dataset/train aug/Leaf rust/aug_0_6632.jpeg,Leaf Rust,excluded_pattern,,
ethiopian cofee leaf dataset/train aug/Leaf rust/aug_0_6633.jpeg,Leaf Rust,excluded_pattern,,
ethiopian cofee leaf dataset/train aug/Leaf rust/aug_0_6638.jpeg,Leaf Rust,excluded_pattern,,
ethiopian cofee leaf dataset/train aug/Leaf rust/aug_0_6639.jpeg,Leaf Rust,excluded_pattern,,
ethiopian cofee leaf dataset/train aug/Leaf rust/aug_0_6641.jpeg,Leaf Rust,excluded_pattern,,
ethiopian cofee leaf dataset/train aug/Leaf rust/aug_0_6645.jpeg,Leaf Rust,excluded_pattern,,
ethiopian cofee leaf dataset/train aug/Leaf rust/aug_0_6647.jpeg,Leaf Rust,excluded_pattern,,
ethiopian cofee leaf dataset/train aug/Leaf rust/aug_0_6648.jpeg,Leaf Rust,excluded_pattern,,
ethiopian cofee leaf dataset/train aug/Leaf rust/aug_0_6649.jpeg,Leaf Rust,excluded_pattern,,
ethiopian cofee leaf dataset/train aug/Leaf rust/aug_0_6653.jpeg,Leaf Rust,excluded_pattern,,
ethiopian cofee leaf dataset/train aug/Leaf rust/aug_0_6660.jpeg,Leaf Rust,excluded_pattern,,
ethiopian cofee leaf dataset/train aug/Leaf rust/aug_0_6676.jpeg,Leaf Rust,excluded_pattern,,
ethiopian cofee leaf dataset/train aug/Leaf rust/aug_0_6677.jpeg,Leaf Rust,excluded_pattern,,
ethiopian cofee leaf dataset/train aug/Leaf rust/aug_0_6678.jpeg,Leaf Rust,excluded_pattern,,
ethiopian cofee leaf dataset/train aug/Leaf rust/aug_0_6679.jpeg,Leaf Rust,excluded_pattern,,
ethiopian cofee leaf dataset/train aug/Leaf rust/aug_0_6682.jpeg,Leaf Rust,excluded_pattern,,
ethiopian cofee leaf dataset/train aug/Leaf rust/aug_0_6684.jpeg,Leaf Rust,excluded_pattern,,
ethiopian cofee leaf dataset/train aug/Leaf rust/aug_0_6688.jpeg,Leaf Rust,excluded_pattern,,
ethiopian cofee leaf dataset/train aug/Leaf rust/aug_0_6698.jpeg,Leaf Rust,excluded_pattern,,
ethiopian cofee leaf dataset/train aug/Leaf rust/aug_0_6706.jpeg,Leaf Rust,excluded_pattern,,
ethiopian cofee leaf dataset/train aug/Leaf rust/aug_0_6708.jpeg,Leaf Rust,excluded_pattern,,
ethiopian cofee leaf dataset/train aug/Leaf rust/aug_0_6713.jpeg,Leaf Rust,excluded_pattern,,
ethiopian cofee leaf dataset/train aug/Leaf rust/aug_0_6715.jpeg,Leaf Rust,excluded_pattern,,
ethiopian cofee leaf dataset/train aug/Leaf rust/aug_0_6718.jpeg,Leaf Rust,excluded_pattern,,
ethiopian cofee leaf dataset/train aug/Leaf rust/aug_0_6722.jpeg,Leaf Rust,excluded_pattern,,
ethiopian cofee leaf dataset/train aug/Leaf rust/aug_0_6729.jpeg,Leaf Rust,excluded_pattern,,
ethiopian cofee leaf dataset/train aug/Leaf rust/aug_0_6744.jpeg,Leaf Rust,excluded_pattern,,
ethiopian cofee leaf dataset/train aug/Leaf rust/aug_0_6745.jpeg,Leaf Rust,excluded_pattern,,
ethiopian cofee leaf dataset/train aug/Leaf rust/aug_0_6746.jpeg,Leaf Rust,excluded_pattern,,
ethiopian cofee leaf dataset/train aug/Leaf rust/aug_0_6750.jpeg,Leaf Rust,excluded_pattern,,
ethiopian cofee leaf dataset/train aug/Leaf rust/aug_0_6751.jpeg,Leaf Rust,excluded_pattern,,
ethiopian cofee leaf dataset/train aug/Leaf rust/aug_0_6755.jpeg,Leaf Rust,excluded_pattern,,
ethiopian cofee leaf dataset/train aug/Leaf rust/aug_0_6757.jpeg,Leaf Rust,excluded_pattern,,
ethiopian cofee leaf dataset/train aug/Leaf rust/aug_0_6759.jpeg,Leaf Rust,excluded_pattern,,
ethiopian cofee leaf dataset/train aug/Leaf rust/aug_0_6760.jpeg,Leaf Rust,excluded_pattern,,
ethiopian cofee leaf dataset/train aug/Leaf rust/aug_0_6764.jpeg,Leaf Rust,excluded_pattern,,
ethiopian cofee leaf dataset/train aug/Leaf rust/aug_0_6765.jpeg,Leaf Rust,excluded_pattern,,
ethiopian cofee leaf dataset/train aug/Leaf rust/aug_0_6766.jpeg,Leaf Rust,excluded_pattern,,
ethiopian cofee leaf dataset/train aug/Leaf rust/aug_0_6767.jpeg,Leaf Rust,excluded_pattern,,
ethiopian cofee leaf dataset/train aug/Leaf rust/aug_0_6768.jpeg,Leaf Rust,excluded_pattern,,
ethiopian cofee leaf dataset/train aug/Leaf rust/aug_0_6770.jpeg,Leaf Rust,excluded_pattern,,
ethiopian cofee leaf dataset/train aug/Leaf rust/aug_0_6773.jpeg,Leaf Rust,excluded_pattern,,
ethiopian cofee leaf dataset/train aug/Leaf rust/aug_0_6775.jpeg,Leaf Rust,excluded_pattern,,
ethiopian cofee leaf dataset/train aug/Leaf rust/aug_0_6779.jpeg,Leaf Rust,excluded_pattern,,
ethiopian cofee leaf dataset/train aug/Leaf rust/aug_0_6789.jpeg,Leaf Rust,excluded_pattern,,
ethiopian cofee leaf dataset/train aug/Leaf rust/aug_0_6791.jpeg,Leaf Rust,excluded_pattern,,
ethiopian cofee leaf dataset/train aug/Leaf rust/aug_0_6792.jpeg,Leaf Rust,excluded_pattern,,
ethiopian cofee leaf dataset/train aug/Leaf rust/aug_0_6796.jpeg,Leaf Rust,excluded_pattern,,
ethiopian cofee leaf dataset/train aug/Leaf rust/aug_0_6799.jpeg,Leaf Rust,excluded_pattern,,
ethiopian cofee leaf dataset/train aug/Leaf rust/aug_0_6804.jpeg,Leaf Rust,excluded_pattern,,
ethiopian cofee leaf dataset/train aug/Leaf rust/aug_0_6805.jpeg,Leaf Rust,excluded_pattern,,
ethiopian cofee leaf dataset/train aug/Leaf rust/aug_0_6807.jpeg,Leaf Rust,excluded_pattern,,
ethiopian cofee leaf dataset/train aug/Leaf rust/aug_0_6808.jpeg,Leaf Rust,excluded_pattern,,
ethiopian cofee leaf dataset/train aug/Leaf rust/aug_0_6809.jpeg,Leaf Rust,excluded_pattern,,
ethiopian cofee leaf dataset/train aug/Leaf rust/aug_0_6811.jpeg,Leaf Rust,excluded_pattern,,
ethiopian cofee leaf dataset/train aug/Leaf rust/aug_0_6815.jpeg,Leaf Rust,excluded_pattern,,
ethiopian cofee leaf dataset/train aug/Leaf rust/aug_0_6817.jpeg,Leaf Rust,excluded_pattern,,
ethiopian cofee leaf dataset/train aug/Leaf rust/aug_0_6818.jpeg,Leaf Rust,excluded_pattern,,
ethiopian cofee leaf dataset/train aug/Leaf rust/aug_0_6823.jpeg,Leaf Rust,excluded_pattern,,
ethiopian cofee leaf dataset/train aug/Leaf rust/aug_0_6825.jpeg,Leaf Rust,excluded_pattern,,
ethiopian cofee leaf dataset/train aug/Leaf rust/aug_0_6826.jpeg,Leaf Rust,excluded_pattern,,
ethiopian cofee leaf dataset/train aug/Leaf rust/aug_0_6827.jpeg,Leaf Rust,excluded_pattern,,
ethiopian cofee leaf dataset/train aug/Leaf rust/aug_0_6829.jpeg,Leaf Rust,excluded_pattern,,
ethiopian cofee leaf dataset/train aug/Leaf rust/aug_0_6835.jpeg,Leaf Rust,excluded_pattern,,
ethiopian cofee leaf dataset/train aug/Leaf rust/aug_0_6842.jpeg,Leaf Rust,excluded_pattern,,
ethiopian cofee leaf dataset/train aug/Leaf rust/aug_0_6844.jpeg,Leaf Rust,excluded_pattern,,
ethiopian cofee leaf dataset/train aug/Leaf rust/aug_0_6847.jpeg,Leaf Rust,excluded_pattern,,
ethiopian cofee leaf dataset/train aug/Leaf rust/aug_0_6848.jpeg,Leaf Rust,excluded_pattern,,
ethiopian cofee leaf dataset/train aug/Leaf rust/aug_0_6851.jpeg,Leaf Rust,excluded_pattern,,
ethiopian cofee leaf dataset/train aug/Leaf rust/aug_0_6852.jpeg,Leaf Rust,excluded_pattern,,
ethiopian cofee leaf dataset/train aug/Leaf rust/aug_0_6854.jpeg,Leaf Rust,excluded_pattern,,
ethiopian cofee leaf dataset/train aug/Leaf rust/aug_0_6865.jpeg,Leaf Rust,excluded_pattern,,
ethiopian cofee leaf dataset/train aug/Leaf rust/aug_0_6867.jpeg,Leaf Rust,excluded_pattern,,
ethiopian cofee leaf dataset/train aug/Leaf rust/aug_0_6868.jpeg,Leaf Rust,excluded_pattern,,
ethiopian cofee leaf dataset/train aug/Leaf rust/aug_0_6870.jpeg,Leaf Rust,excluded_pattern,,
ethiopian cofee leaf dataset/train aug/Leaf rust/aug_0_6873.jpeg,Leaf Rust,excluded_pattern,,
ethiopian cofee leaf dataset/train aug/Leaf rust/aug_0_6874.jpeg,Leaf Rust,excluded_pattern,,
ethiopian cofee leaf dataset/train aug/Leaf rust/aug_0_6877.jpeg,Leaf Rust,excluded_pattern,,
ethiopian cofee leaf dataset/train aug/Leaf rust/aug_0_6880.jpeg,Leaf Rust,excluded_pattern,,
ethiopian cofee leaf dataset/train aug/Leaf rust/aug_0_6881.jpeg,Leaf Rust,excluded_pattern,,
ethiopian cofee leaf dataset/train aug/Leaf rust/aug_0_6882.jpeg,Leaf Rust,excluded_pattern,,
ethiopian cofee leaf dataset/train aug/Leaf rust/aug_0_6887.jpeg,Leaf Rust,excluded_pattern,,
ethiopian cofee leaf dataset/train aug/Leaf rust/aug_0_6888.jpeg,Leaf Rust,excluded_pattern,,
ethiopian cofee leaf dataset/train aug/Leaf rust/aug_0_6889.jpeg,Leaf Rust,excluded_pattern,,
ethiopian cofee leaf dataset/train aug/Leaf rust/aug_0_6893.jpeg,Leaf Rust,excluded_pattern,,
ethiopian cofee leaf dataset/train aug/Leaf rust/aug_0_6897.jpeg,Leaf Rust,excluded_pattern,,
ethiopian cofee leaf dataset/train aug/Leaf rust/aug_0_6898.jpeg,Leaf Rust,excluded_pattern,,
ethiopian cofee leaf dataset/train aug/Leaf rust/aug_0_6899.jpeg,Leaf Rust,excluded_pattern,,
ethiopian cofee leaf dataset/train aug/Leaf rust/aug_0_6900.jpeg,Leaf Rust,excluded_pattern,,
ethiopian cofee leaf dataset/train aug/Leaf rust/aug_0_6901.jpeg,Leaf Rust,excluded_pattern,,
ethiopian cofee leaf dataset/train aug/Leaf rust/aug_0_6902.jpeg,Leaf Rust,excluded_pattern,,
ethiopian cofee leaf dataset/train aug/Leaf rust/aug_0_6905.jpeg,Leaf Rust,excluded_pattern,,
ethiopian cofee leaf dataset/train aug/Leaf rust/aug_0_6907.jpeg,Leaf Rust,excluded_pattern,,
ethiopian cofee leaf dataset/train aug/Leaf rust/aug_0_6910.jpeg,Leaf Rust,excluded_pattern,,
ethiopian cofee leaf dataset/train aug/Leaf rust/aug_0_6914.jpeg,Leaf Rust,excluded_pattern,,
ethiopian cofee leaf dataset/train aug/Leaf rust/aug_0_6917.jpeg,Leaf Rust,excluded_pattern,,
ethiopian cofee leaf dataset/train aug/Leaf rust/aug_0_6921.jpeg,Leaf Rust,excluded_pattern,,
ethiopian cofee leaf dataset/train aug/Leaf rust/aug_0_6922.jpeg,Leaf Rust,excluded_pattern,,
ethiopian cofee leaf dataset/train aug/Leaf rust/aug_0_6923.jpeg,Leaf Rust,excluded_pattern,,
ethiopian cofee leaf dataset/train aug/Leaf rust/aug_0_6927.jpeg,Leaf Rust,excluded_pattern,,
ethiopian cofee leaf dataset/train aug/Leaf rust/aug_0_6928.jpeg,Leaf Rust,excluded_pattern,,
ethiopian cofee leaf dataset/train aug/Leaf rust/aug_0_6931.jpeg,Leaf Rust,excluded_pattern,,
ethiopian cofee leaf dataset/train aug/Leaf rust/aug_0_6933.jpeg,Leaf Rust,excluded_pattern,,
ethiopian cofee leaf dataset/train aug/Leaf rust/aug_0_6938.jpeg,Leaf Rust,excluded_pattern,,
ethiopian cofee leaf dataset/train aug/Leaf rust/aug_0_6943.jpeg,Leaf Rust,excluded_pattern,,
ethiopian cofee leaf dataset/train aug/Leaf rust/aug_0_6946.jpeg,Leaf Rust,excluded_pattern,,
ethiopian cofee leaf dataset/train aug/Leaf rust/aug_0_6948.jpeg,Leaf Rust,excluded_pattern,,
ethiopian cofee leaf dataset/train aug/Leaf rust/aug_0_6949.jpeg,Leaf Rust,excluded_pattern,,
ethiopian cofee leaf dataset/train aug/Leaf rust/aug_0_6950.jpeg,Leaf Rust,excluded_pattern,,
ethiopian cofee leaf dataset/train aug/Leaf rust/aug_0_6955.jpeg,Leaf Rust,excluded_pattern,,
ethiopian cofee leaf dataset/train aug/Leaf rust/aug_0_6957.jpeg,Leaf Rust,excluded_pattern,,
ethiopian cofee leaf dataset/train aug/Leaf rust/aug_0_6958.jpeg,Leaf Rust,excluded_pattern,,
ethiopian cofee leaf dataset/train aug/Leaf rust/aug_0_6960.jpeg,Leaf Rust,excluded_pattern,,
ethiopian cofee leaf dataset/train aug/Leaf rust/aug_0_6961.jpeg,Leaf Rust,excluded_pattern,,
ethiopian cofee leaf dataset/train aug/Leaf rust/aug_0_6963.jpeg,Leaf Rust,excluded_pattern,,
ethiopian cofee leaf dataset/train aug/Leaf rust/aug_0_6970.jpeg,Leaf Rust,excluded_pattern,,
ethiopian cofee leaf dataset/train aug/Leaf rust/aug_0_6978.jpeg,Leaf Rust,excluded_pattern,,
ethiopian cofee leaf dataset/train aug/Leaf rust/aug_0_6979.jpeg,Leaf Rust,excluded_pattern,,
ethiopian cofee leaf dataset/train aug/Leaf rust/aug_0_6981.jpeg,Leaf Rust,excluded_pattern,,
ethiopian cofee leaf dataset/train aug/Leaf rust/aug_0_6982.jpeg,Leaf Rust,excluded_pattern,,
ethiopian cofee leaf dataset/train aug/Leaf rust/aug_0_6983.jpeg,Leaf Rust,excluded_pattern,,
ethiopian cofee leaf dataset/train aug/Leaf rust/aug_0_6992.jpeg,Leaf Rust,excluded_pattern,,
ethiopian cofee leaf dataset/train aug/Leaf rust/aug_0_6994.jpeg,Leaf Rust,excluded_pattern,,
ethiopian cofee leaf dataset/train aug/Leaf rust/aug_0_6996.jpeg,Leaf Rust,excluded_pattern,,
ethiopian cofee leaf dataset/train aug/Leaf rust/aug_0_6997.jpeg,Leaf Rust,excluded_pattern,,
ethiopian cofee leaf dataset/train aug/Leaf rust/aug_0_6998.jpeg,Leaf Rust,excluded_pattern,,
ethiopian cofee leaf dataset/train aug/Leaf rust/aug_0_7000.jpeg,Leaf Rust,excluded_pattern,,
ethiopian cofee leaf dataset/train aug/Leaf rust/aug_0_7002.jpeg,Leaf Rust,excluded_pattern,,
ethiopian cofee leaf dataset/train aug/Leaf rust/aug_0_7003.jpeg,Leaf Rust,excluded_pattern,,
ethiopian cofee leaf dataset/train aug/Leaf rust/aug_0_7004.jpeg,Leaf Rust,excluded_pattern,,
ethiopian cofee leaf dataset/train aug/Leaf rust/aug_0_7006.jpeg,Leaf Rust,excluded_pattern,,
ethiopian cofee leaf dataset/train aug/Leaf rust/aug_0_7008.jpeg,Leaf Rust,excluded_pattern,,
ethiopian cofee leaf dataset/train aug/Leaf rust/aug_0_7011.jpeg,Leaf Rust,excluded_pattern,,
ethiopian cofee leaf dataset/train aug/Leaf rust/aug_0_7014.jpeg,Leaf Rust,excluded_pattern,,
ethiopian cofee leaf dataset/train aug/Leaf rust/aug_0_7017.jpeg,Leaf Rust,excluded_pattern,,
ethiopian cofee leaf dataset/train aug/Leaf rust/aug_0_7022.jpeg,Leaf Rust,excluded_pattern,,
ethiopian cofee leaf dataset/train aug/Leaf rust/aug_0_7023.jpeg,Leaf Rust,excluded_pattern,,
ethiopian cofee leaf dataset/train aug/Leaf rust/aug_0_7024.jpeg,Leaf Rust,excluded_pattern,,
ethiopian cofee leaf dataset/train aug/Leaf rust/aug_0_7025.jpeg,Leaf Rust,excluded_pattern,,
ethiopian cofee leaf dataset/train aug/Leaf rust/aug_0_7028.jpeg,Leaf Rust,excluded_pattern,,
ethiopian cofee leaf dataset/train aug/Leaf rust/aug_0_7031.jpeg,Leaf Rust,excluded_pattern,,
ethiopian cofee leaf dataset/train aug/Leaf rust/aug_0_7032.jpeg,Leaf Rust,excluded_pattern,,
ethiopian cofee leaf dataset/train aug/Leaf rust/aug_0_7033.jpeg,Leaf Rust,excluded_pattern,,
ethiopian cofee leaf dataset/train aug/Leaf rust/aug_0_7034.jpeg,Leaf Rust,excluded_pattern,,
ethiopian cofee leaf dataset/train aug/Leaf rust/aug_0_7038.jpeg,Leaf Rust,excluded_pattern,,
ethiopian cofee leaf dataset/train aug/Leaf rust/aug_0_7044.jpeg,Leaf Rust,excluded_pattern,,
ethiopian cofee leaf dataset/train aug/Leaf rust/aug_0_7046.jpeg,Leaf Rust,excluded_pattern,,
ethiopian cofee leaf dataset/train aug/Leaf rust/aug_0_7048.jpeg,Leaf Rust,excluded_pattern,,
ethiopian cofee leaf dataset/train aug/Leaf rust/aug_0_7049.jpeg,Leaf Rust,excluded_pattern,,
ethiopian cofee leaf dataset/train aug/Leaf rust/aug_0_7051.jpeg,Leaf Rust,excluded_pattern,,
ethiopian cofee leaf dataset/train aug/Leaf rust/aug_0_7052.jpeg,Leaf Rust,excluded_pattern,,
ethiopian cofee leaf dataset/train aug/Leaf rust/aug_0_7056.jpeg,Leaf Rust,excluded_pattern,,
ethiopian cofee leaf dataset/train aug/Leaf rust/aug_0_7057.jpeg,Leaf Rust,excluded_pattern,,
ethiopian cofee leaf dataset/train aug/Leaf rust/aug_0_7058.jpeg,Leaf Rust,excluded_pattern,,
ethiopian cofee leaf dataset/train aug/Leaf rust/aug_0_7060.jpeg,Leaf Rust,excluded_pattern,,
ethiopian cofee leaf dataset/train aug/Leaf rust/aug_0_7063.jpeg,Leaf Rust,excluded_pattern,,
ethiopian cofee leaf dataset/train aug/Leaf rust/aug_0_7064.jpeg,Leaf Rust,excluded_pattern,,
ethiopian cofee leaf dataset/train aug/Leaf rust/aug_0_7067.jpeg,Leaf Rust,excluded_pattern,,
ethiopian cofee leaf dataset/train aug/Leaf rust/aug_0_7069.jpeg,Leaf Rust,excluded_pattern,,
ethiopian cofee leaf dataset/train aug/Leaf rust/aug_0_7072.jpeg,Leaf Rust,excluded_pattern,,
ethiopian cofee leaf dataset/train aug/Leaf rust/aug_0_7076.jpeg,Leaf Rust,excluded_pattern,,
ethiopian cofee leaf dataset/train aug/Leaf rust/aug_0_7079.jpeg,Leaf Rust,excluded_pattern,,
ethiopian cofee leaf dataset/train aug/Leaf rust/aug_0_7083.jpeg,Leaf Rust,excluded_pattern,,
ethiopian cofee leaf dataset/train aug/Leaf rust/aug_0_7084.jpeg,Leaf Rust,excluded_pattern,,
ethiopian cofee leaf dataset/train aug/Leaf rust/aug_0_7085.jpeg,Leaf Rust,excluded_pattern,,
ethiopian cofee leaf dataset/train aug/Leaf rust/aug_0_7086.jpeg,Leaf Rust,excluded_pattern,,
ethiopian cofee leaf dataset/train aug/Leaf rust/aug_0_7088.jpeg,Leaf Rust,excluded_pattern,,
ethiopian cofee leaf dataset/train aug/Leaf rust/aug_0_7091.jpeg,Leaf Rust,excluded_pattern,,
ethiopian cofee leaf dataset/train aug/Leaf rust/aug_0_7092.jpeg,Leaf Rust,excluded_pattern,,
ethiopian cofee leaf dataset/train aug/Leaf rust/aug_0_7093.jpeg,Leaf Rust,excluded_pattern,,
ethiopian cofee leaf dataset/train aug/Leaf rust/aug_0_7094.jpeg,Leaf Rust,excluded_pattern,,
ethiopian cofee leaf dataset/train aug/Leaf rust/aug_0_7100.jpeg,Leaf Rust,excluded_pattern,,
ethiopian cofee leaf dataset/train aug/Leaf rust/aug_0_7102.jpeg,Leaf Rust,excluded_pattern,,
ethiopian cofee leaf dataset/train aug/Leaf rust/aug_0_7105.jpeg,Leaf Rust,excluded_pattern,,
ethiopian cofee leaf dataset/train aug/Leaf rust/aug_0_7109.jpeg,Leaf Rust,excluded_pattern,,
ethiopian cofee leaf dataset/train aug/Leaf rust/aug_0_7111.jpeg,Leaf Rust,excluded_pattern,,
ethiopian cofee leaf dataset/train aug/Leaf rust/aug_0_7114.jpeg,Leaf Rust,excluded_pattern,,
ethiopian cofee leaf dataset/train aug/Leaf rust/aug_0_7118.jpeg,Leaf Rust,excluded_pattern,,
ethiopian cofee leaf dataset/train aug/Leaf rust/aug_0_7119.jpeg,Leaf Rust,excluded_pattern,,
ethiopian cofee leaf dataset/train aug/Leaf rust/aug_0_7121.jpeg,Leaf Rust,excluded_pattern,,
ethiopian cofee leaf dataset/train aug/Leaf rust/aug_0_7122.jpeg,Leaf Rust,excluded_pattern,,
ethiopian cofee leaf dataset/train aug/Leaf rust/aug_0_7126.jpeg,Leaf Rust,excluded_pattern,,
ethiopian cofee leaf dataset/train aug/Leaf rust/aug_0_7127.jpeg,Leaf Rust,excluded_pattern,,
ethiopian cofee leaf dataset/train aug/Leaf rust/aug_0_7129.jpeg,Leaf Rust,excluded_pattern,,
ethiopian cofee leaf dataset/train aug/Leaf rust/aug_0_7130.jpeg,Leaf Rust,excluded_pattern,,
ethiopian cofee leaf dataset/train aug/Leaf rust/aug_0_7133.jpeg,Leaf Rust,excluded_pattern,,
ethiopian cofee leaf dataset/train aug/Leaf rust/aug_0_7134.jpeg,Leaf Rust,excluded_pattern,,
ethiopian cofee leaf dataset/train aug/Leaf rust/aug_0_7135.jpeg,Leaf Rust,excluded_pattern,,
ethiopian cofee leaf dataset/train aug/Leaf rust/aug_0_7139.jpeg,Leaf Rust,excluded_pattern,,
ethiopian cofee leaf dataset/train aug/Leaf rust/aug_0_7141.jpeg,Leaf Rust,excluded_pattern,,
ethiopian cofee leaf dataset/train aug/Leaf rust/aug_0_7142.jpeg,Leaf Rust,excluded_pattern,,
ethiopian cofee leaf dataset/train aug/Leaf rust/aug_0_7150.jpeg,Leaf Rust,excluded_pattern,,
ethiopian cofee leaf dataset/train aug/Leaf rust/aug_0_7151.jpeg,Leaf Rust,excluded_pattern,,
ethiopian cofee leaf dataset/train aug/Leaf rust/aug_0_7152.jpeg,Leaf Rust,excluded_pattern,,
ethiopian cofee leaf dataset/train aug/Leaf rust/aug_0_7157.jpeg,Leaf Rust,excluded_pattern,,
ethiopian cofee leaf dataset/train aug/Leaf rust/aug_0_7158.jpeg,Leaf Rust,excluded_pattern,,
ethiopian cofee leaf dataset/train aug/Leaf rust/aug_0_7161.jpeg,Leaf Rust,excluded_pattern,,
ethiopian cofee leaf dataset/train aug/Leaf rust/aug_0_7162.jpeg,Leaf Rust,excluded_pattern,,
ethiopian cofee leaf dataset/train aug/Leaf rust/aug_0_7172.jpeg,Leaf Rust,excluded_pattern,,
ethiopian cofee leaf dataset/train aug/Leaf rust/aug_0_7174.jpeg,Leaf Rust,excluded_pattern,,
ethiopian cofee leaf dataset/train aug/Leaf rust/aug_0_7177.jpeg,Leaf Rust,excluded_pattern,,
ethiopian cofee leaf dataset/train aug/Leaf rust/aug_0_7179.jpeg,Leaf Rust,excluded_pattern,,
ethiopian cofee leaf dataset/train aug/Leaf rust/aug_0_7181.jpeg,Leaf Rust,excluded_pattern,,
ethiopian cofee leaf dataset/train aug/Leaf rust/aug_0_7183.jpeg,Leaf Rust,excluded_pattern,,
ethiopian cofee leaf dataset/train aug/Leaf rust/aug_0_7184.jpeg,Leaf Rust,excluded_pattern,,
ethiopian cofee leaf dataset/train aug/Leaf rust/aug_0_7187.jpeg,Leaf Rust,excluded_pattern,,
ethiopian cofee leaf dataset/train aug/Leaf rust/aug_0_7190.jpeg,Leaf Rust,excluded_pattern,,
ethiopian cofee leaf dataset/train aug/Leaf rust/aug_0_7191.jpeg,Leaf Rust,excluded_pattern,,
ethiopian cofee leaf dataset/train aug/Leaf rust/aug_0_7193.jpeg,Leaf Rust,excluded_pattern,,
ethiopian cofee leaf dataset/train aug/Leaf rust/aug_0_7194.jpeg,Leaf Rust,excluded_pattern,,
ethiopian cofee leaf dataset/train aug/Leaf rust/aug_0_7197.jpeg,Leaf Rust,excluded_pattern,,
ethiopian cofee leaf dataset/train aug/Leaf rust/aug_0_7198.jpeg,Leaf Rust,excluded_pattern,,
ethiopian cofee leaf dataset/train aug/Leaf rust/aug_0_7206.jpeg,Leaf Rust,excluded_pattern,,
ethiopian cofee leaf dataset/train aug/Leaf rust/aug_0_7207.jpeg,Leaf Rust,excluded_pattern,,
ethiopian cofee leaf dataset/train aug/Leaf rust/aug_0_7209.jpeg,Leaf Rust,excluded_pattern,,
ethiopian cofee leaf dataset/train aug/Leaf rust/aug_0_7211.jpeg,Leaf Rust,excluded_pattern,,
ethiopian cofee leaf dataset/train aug/Leaf rust/aug_0_7216.jpeg,Leaf Rust,excluded_pattern,,
ethiopian cofee leaf dataset/train aug/Leaf rust/aug_0_7217.jpeg,Leaf Rust,excluded_pattern,,
ethiopian cofee leaf dataset/train aug/Leaf rust/aug_0_7221.jpeg,Leaf Rust,excluded_pattern,,
ethiopian cofee leaf dataset/train aug/Leaf rust/aug_0_7223.jpeg,Leaf Rust,excluded_pattern,,
ethiopian cofee leaf dataset/train aug/Leaf rust/aug_0_7224.jpeg,Leaf Rust,excluded_pattern,,
ethiopian cofee leaf dataset/train aug/Leaf rust/aug_0_7226.jpeg,Leaf Rust,excluded_pattern,,
ethiopian cofee leaf dataset/train aug/Leaf rust/aug_0_7228.jpeg,Leaf Rust,excluded_pattern,,
ethiopian cofee leaf dataset/train aug/Leaf rust/aug_0_7233.jpeg,Leaf Rust,excluded_pattern,,
ethiopian cofee leaf dataset/train aug/Leaf rust/aug_0_7238.jpeg,Leaf Rust,excluded_pattern,,
ethiopian cofee leaf dataset/train aug/Leaf rust/aug_0_7240.jpeg,Leaf Rust,excluded_pattern,,
ethiopian cofee leaf dataset/train aug/Leaf rust/aug_0_7242.jpeg,Leaf Rust,excluded_pattern,,
ethiopian cofee leaf dataset/train aug/Leaf rust/aug_0_7244.jpeg,Leaf Rust,excluded_pattern,,
ethiopian cofee leaf dataset/train aug/Leaf rust/aug_0_7246.jpeg,Leaf Rust,excluded_pattern,,
ethiopian cofee leaf dataset/train aug/Leaf rust/aug_0_7254.jpeg,Leaf Rust,excluded_pattern,,
ethiopian cofee leaf dataset/train aug/Leaf rust/aug_0_7255.jpeg,Leaf Rust,excluded_pattern,,
ethiopian cofee leaf dataset/train aug/Leaf rust/aug_0_7256.jpeg,Leaf Rust,excluded_pattern,,
ethiopian cofee leaf dataset/train aug/Leaf rust/aug_0_7258.jpeg,Leaf Rust,excluded_pattern,,
ethiopian cofee leaf dataset/train aug/Leaf rust/aug_0_7260.jpeg,Leaf Rust,excluded_pattern,,
ethiopian cofee leaf dataset/train aug/Leaf rust/aug_0_7261.jpeg,Leaf Rust,excluded_pattern,,
ethiopian cofee leaf dataset/train aug/Leaf rust/aug_0_7267.jpeg,Leaf Rust,excluded_pattern,,
ethiopian cofee leaf dataset/train aug/Leaf rust/aug_0_7268.jpeg,Leaf Rust,excluded_pattern,,
ethiopian cofee leaf dataset/train aug/Leaf rust/aug_0_7271.jpeg,Leaf Rust,excluded_pattern,,
ethiopian cofee leaf dataset/train aug/Leaf rust/aug_0_7279.jpeg,Leaf Rust,excluded_pattern,,
ethiopian cofee leaf dataset/train aug/Leaf rust/aug_0_7283.jpeg,Leaf Rust,excluded_pattern,,
ethiopian cofee leaf dataset/train aug/Leaf rust/aug_0_7286.jpeg,Leaf Rust,excluded_pattern,,
ethiopian cofee leaf dataset/train aug/Leaf rust/aug_0_7287.jpeg,Leaf Rust,excluded_pattern,,
ethiopian cofee leaf dataset/train aug/Leaf rust/aug_0_7288.jpeg,Leaf Rust,excluded_pattern,,
ethiopian cofee leaf dataset/train aug/Leaf rust/aug_0_7293.jpeg,Leaf Rust,excluded_pattern,,
ethiopian cofee leaf dataset/train aug/Leaf rust/aug_0_7296.jpeg,Leaf Rust,excluded_pattern,,
ethiopian cofee leaf dataset/train aug/Leaf rust/aug_0_7298.jpeg,Leaf Rust,excluded_pattern,,
ethiopian cofee leaf dataset/train aug/Leaf rust/aug_0_7299.jpeg,Leaf Rust,excluded_pattern,,
ethiopian cofee leaf dataset/train aug/Leaf rust/aug_0_7302.jpeg,Leaf Rust,excluded_pattern,,
ethiopian cofee leaf dataset/train aug/Leaf rust/aug_0_7316.jpeg,Leaf Rust,excluded_pattern,,
ethiopian cofee leaf dataset/train aug/Leaf rust/aug_0_7324.jpeg,Leaf Rust,excluded_pattern,,
ethiopian cofee leaf dataset/train aug/Leaf rust/aug_0_7325.jpeg,Leaf Rust,excluded_pattern,,
ethiopian cofee leaf dataset/train aug/Leaf rust/aug_0_7327.jpeg,Leaf Rust,excluded_pattern,,
ethiopian cofee leaf dataset/train aug/Leaf rust/aug_0_7328.jpeg,Leaf Rust,excluded_pattern,,
ethiopian cofee leaf dataset/train aug/Leaf rust/aug_0_7329.jpeg,Leaf Rust,excluded_pattern,,
ethiopian cofee leaf dataset/train aug/Leaf rust/aug_0_7331.jpeg,Leaf Rust,excluded_pattern,,
ethiopian cofee leaf dataset/train aug/Leaf rust/aug_0_7332.jpeg,Leaf Rust,excluded_pattern,,
ethiopian cofee leaf dataset/train aug/Leaf rust/aug_0_7333.jpeg,Leaf Rust,excluded_pattern,,
ethiopian cofee leaf dataset/train aug/Leaf rust/aug_0_7334.jpeg,Leaf Rust,excluded_pattern,,
ethiopian cofee leaf dataset/train aug/Leaf rust/aug_0_7337.jpeg,Leaf Rust,excluded_pattern,,
ethiopian cofee leaf dataset/train aug/Leaf rust/aug_0_7341.jpeg,Leaf Rust,excluded_pattern,,
ethiopian cofee leaf dataset/train aug/Leaf rust/aug_0_7343.jpeg,Leaf Rust,excluded_pattern,,
ethiopian cofee leaf dataset/train aug/Leaf rust/aug_0_7346.jpeg,Leaf Rust,excluded_pattern,,
ethiopian cofee leaf dataset/train aug/Leaf rust/aug_0_7347.jpeg,Leaf Rust,excluded_pattern,,
ethiopian cofee leaf dataset/train aug/Leaf rust/aug_0_7349.jpeg,Leaf Rust,excluded_pattern,,
ethiopian cofee leaf dataset/train aug/Leaf rust/aug_0_7351.jpeg,Leaf Rust,excluded_pattern,,
ethiopian cofee leaf dataset/train aug/Leaf rust/aug_0_7352.jpeg,Leaf Rust,excluded_pattern,,
ethiopian cofee leaf dataset/train aug/Leaf rust/aug_0_7353.jpeg,Leaf Rust,excluded_pattern,,
ethiopian cofee leaf dataset/train aug/Leaf rust/aug_0_7354.jpeg,Leaf Rust,excluded_pattern,,
ethiopian cofee leaf dataset/train aug/Leaf rust/aug_0_7357.jpeg,Leaf Rust,excluded_pattern,,
ethiopian cofee leaf dataset/train aug/Leaf rust/aug_0_7361.jpeg,Leaf Rust,excluded_pattern,,
ethiopian cofee leaf dataset/train aug/Leaf rust/aug_0_7362.jpeg,Leaf Rust,excluded_pattern,,
ethiopian cofee leaf dataset/train aug/Leaf rust/aug_0_7364.jpeg,Leaf Rust,excluded_pattern,,
ethiopian cofee leaf dataset/train aug/Leaf rust/aug_0_7371.jpeg,Leaf Rust,excluded_pattern,,
ethiopian cofee leaf dataset/train aug/Leaf rust/aug_0_7372.jpeg,Leaf Rust,excluded_pattern,,
ethiopian cofee leaf dataset/train aug/Leaf rust/aug_0_7373.jpeg,Leaf Rust,excluded_pattern,,
ethiopian cofee leaf dataset/train aug/Leaf rust/aug_0_7380.jpeg,Leaf Rust,excluded_pattern,,
ethiopian cofee leaf dataset/train aug/Leaf rust/aug_0_7382.jpeg,Leaf Rust,excluded_pattern,,
ethiopian cofee leaf dataset/train aug/Leaf rust/aug_0_7385.jpeg,Leaf Rust,excluded_pattern,,
ethiopian cofee leaf dataset/train aug/Leaf rust/aug_0_7387.jpeg,Leaf Rust,excluded_pattern,,
ethiopian cofee leaf dataset/train aug/Leaf rust/aug_0_7395.jpeg,Leaf Rust,excluded_pattern,,
ethiopian cofee leaf dataset/train aug/Leaf rust/aug_0_7402.jpeg,Leaf Rust,excluded_pattern,,
ethiopian cofee leaf dataset/train aug/Leaf rust/aug_0_7403.jpeg,Leaf Rust,excluded_pattern,,
ethiopian cofee leaf dataset/train aug/Leaf rust/aug_0_7405.jpeg,Leaf Rust,excluded_pattern,,
ethiopian cofee leaf dataset/train aug/Leaf rust/aug_0_7409.jpeg,Leaf Rust,excluded_pattern,,
ethiopian cofee leaf dataset/train aug/Leaf rust/aug_0_741.jpeg,Leaf Rust,excluded_pattern,,
ethiopian cofee leaf dataset/train aug/Leaf rust/aug_0_7411.jpeg,Leaf Rust,excluded_pattern,,
ethiopian cofee leaf dataset/train aug/Leaf rust/aug_0_7413.jpeg,Leaf Rust,excluded_pattern,,
ethiopian cofee leaf dataset/train aug/Leaf rust/aug_0_7416.jpeg,Leaf Rust,excluded_pattern,,
ethiopian cofee leaf dataset/train aug/Leaf rust/aug_0_7417.jpeg,Leaf Rust,excluded_pattern,,
ethiopian cofee leaf dataset/train aug/Leaf rust/aug_0_7418.jpeg,Leaf Rust,excluded_pattern,,
ethiopian cofee leaf dataset/train aug/Leaf rust/aug_0_7420.jpeg,Leaf Rust,excluded_pattern,,
ethiopian cofee leaf dataset/train aug/Leaf rust/aug_0_7421.jpeg,Leaf Rust,excluded_pattern,,
ethiopian cofee leaf dataset/train aug/Leaf rust/aug_0_7427.jpeg,Leaf Rust,excluded_pattern,,
ethiopian cofee leaf dataset/train aug/Leaf rust/aug_0_7428.jpeg,Leaf Rust,excluded_pattern,,
ethiopian cofee leaf dataset/train aug/Leaf rust/aug_0_7429.jpeg,Leaf Rust,excluded_pattern,,
ethiopian cofee leaf dataset/train aug/Leaf rust/aug_0_7432.jpeg,Leaf Rust,excluded_pattern,,
ethiopian cofee leaf dataset/train aug/Leaf rust/aug_0_7433.jpeg,Leaf Rust,excluded_pattern,,
ethiopian cofee leaf dataset/train aug/Leaf rust/aug_0_7435.jpeg,Leaf Rust,excluded_pattern,,
ethiopian cofee leaf dataset/train aug/Leaf rust/aug_0_7448.jpeg,Leaf Rust,excluded_pattern,,
ethiopian cofee leaf dataset/train aug/Leaf rust/aug_0_7450.jpeg,Leaf Rust,excluded_pattern,,
ethiopian cofee leaf dataset/train aug/Leaf rust/aug_0_7451.jpeg,Leaf Rust,excluded_pattern,,
ethiopian cofee leaf dataset/train aug/Leaf rust/aug_0_7454.jpeg,Leaf Rust,excluded_pattern,,
ethiopian cofee leaf dataset/train aug/Leaf rust/aug_0_7455.jpeg,Leaf Rust,excluded_pattern,,
ethiopian cofee leaf dataset/train aug/Leaf rust/aug_0_7457.jpeg,Leaf Rust,excluded_pattern,,
ethiopian cofee leaf dataset/train aug/Leaf rust/aug_0_7458.jpeg,Leaf Rust,excluded_pattern,,
ethiopian cofee leaf dataset/train aug/Leaf rust/aug_0_7462.jpeg,Leaf Rust,excluded_pattern,,
ethiopian cofee leaf dataset/train aug/Leaf rust/aug_0_7463.jpeg,Leaf Rust,excluded_pattern,,
ethiopian cofee leaf dataset/train aug/Leaf rust/aug_0_7465.jpeg,Leaf Rust,excluded_pattern,,
ethiopian cofee leaf dataset/train aug/Leaf rust/aug_0_7466.jpeg,Leaf Rust,excluded_pattern,,
ethiopian cofee leaf dataset/train aug/Leaf rust/aug_0_7467.jpeg,Leaf Rust,excluded_pattern,,
ethiopian cofee leaf dataset/train aug/Leaf rust/aug_0_7468.jpeg,Leaf Rust,excluded_pattern,,
ethiopian cofee leaf dataset/train aug/Leaf rust/aug_0_7469.jpeg,Leaf Rust,excluded_pattern,,
ethiopian cofee leaf dataset/train aug/Leaf rust/aug_0_7470.jpeg,Leaf Rust,excluded_pattern,,
ethiopian cofee leaf dataset/train aug/Leaf rust/aug_0_7471.jpeg,Leaf Rust,excluded_pattern,,
ethiopian cofee leaf dataset/train aug/Leaf rust/aug_0_7476.jpeg,Leaf Rust,excluded_pattern,,
ethiopian cofee leaf dataset/train aug/Leaf rust/aug_0_7478.jpeg,Leaf Rust,excluded_pattern,,
ethiopian cofee leaf dataset/train aug/Leaf rust/aug_0_7479.jpeg,Leaf Rust,excluded_pattern,,
ethiopian cofee leaf dataset/train aug/Leaf rust/aug_0_7483.jpeg,Leaf Rust,excluded_pattern,,
ethiopian cofee leaf dataset/train aug/Leaf rust/aug_0_7484.jpeg,Leaf Rust,excluded_pattern,,
ethiopian cofee leaf dataset/train aug/Leaf rust/aug_0_7485.jpeg,Leaf Rust,excluded_pattern,,
ethiopian cofee leaf dataset/train aug/Leaf rust/aug_0_7486.jpeg,Leaf Rust,excluded_pattern,,
ethiopian cofee leaf dataset/train aug/Leaf rust/aug_0_749.jpeg,Leaf Rust,excluded_pattern,,
ethiopian cofee leaf dataset/train aug/Leaf rust/aug_0_7497.jpeg,Leaf Rust,excluded_pattern,,
ethiopian cofee leaf dataset/train aug/Leaf rust/aug_0_7498.jpeg,Leaf Rust,excluded_pattern,,
ethiopian cofee leaf dataset/train aug/Leaf rust/aug_0_7499.jpeg,Leaf Rust,excluded_pattern,,
ethiopian cofee leaf dataset/train aug/Leaf rust/aug_0_7503.jpeg,Leaf Rust,excluded_pattern,,
ethiopian cofee leaf dataset/train aug/Leaf rust/aug_0_7506.jpeg,Leaf Rust,excluded_pattern,,
ethiopian cofee leaf dataset/train aug/Leaf rust/aug_0_7508.jpeg,Leaf Rust,excluded_pattern,,
ethiopian cofee leaf dataset/train aug/Leaf rust/aug_0_7509.jpeg,Leaf Rust,excluded_pattern,,
ethiopian cofee leaf dataset/train aug/Leaf rust/aug_0_7510.jpeg,Leaf Rust,excluded_pattern,,
ethiopian cofee leaf dataset/train aug/Leaf rust/aug_0_7514.jpeg,Leaf Rust,excluded_pattern,,
ethiopian cofee leaf dataset/train aug/Leaf rust/aug_0_7515.jpeg,Leaf Rust,excluded_pattern,,
ethiopian cofee leaf dataset/train aug/Leaf rust/aug_0_7518.jpeg,Leaf Rust,excluded_pattern,,
ethiopian cofee leaf dataset/train aug/Leaf rust/aug_0_7520.jpeg,Leaf Rust,excluded_pattern,,
ethiopian cofee leaf dataset/train aug/Leaf rust/aug_0_7522.jpeg,Leaf Rust,excluded_pattern,,
ethiopian cofee leaf dataset/train aug/Leaf rust/aug_0_7523.jpeg,Leaf Rust,excluded_pattern,,
ethiopian cofee leaf dataset/train aug/Leaf rust/aug_0_7524.jpeg,Leaf Rust,excluded_pattern,,
ethiopian cofee leaf dataset/train aug/Leaf rust/aug_0_7525.jpeg,Leaf Rust,excluded_pattern,,
ethiopian cofee leaf dataset/train aug/Leaf rust/aug_0_7526.jpeg,Leaf Rust,excluded_pattern,,
ethiopian cofee leaf dataset/train aug/Leaf rust/aug_0_7531.jpeg,Leaf Rust,excluded_pattern,,
ethiopian cofee leaf dataset/train aug/Leaf rust/aug_0_7533.jpeg,Leaf Rust,excluded_pattern,,
ethiopian cofee leaf dataset/train aug/Leaf rust/aug_0_7534.jpeg,Leaf Rust,excluded_pattern,,
ethiopian cofee leaf dataset/train aug/Leaf rust/aug_0_7542.jpeg,Leaf Rust,excluded_pattern,,
ethiopian cofee leaf dataset/train aug/Leaf rust/aug_0_7543.jpeg,Leaf Rust,excluded_pattern,,
ethiopian cofee leaf dataset/train aug/Leaf rust/aug_0_7546.jpeg,Leaf Rust,excluded_pattern,,
ethiopian cofee leaf dataset/train aug/Leaf rust/aug_0_7549.jpeg,Leaf Rust,excluded_pattern,,
ethiopian cofee leaf dataset/train aug/Leaf rust/aug_0_755.jpeg,Leaf Rust,excluded_pattern,,
ethiopian cofee leaf dataset/train aug/Leaf rust/aug_0_7554.jpeg,Leaf Rust,excluded_pattern,,
ethiopian cofee leaf dataset/train aug/Leaf rust/aug_0_7555.jpeg,Leaf Rust,excluded_pattern,,
ethiopian cofee leaf dataset/train aug/Leaf rust/aug_0_7557.jpeg,Leaf Rust,excluded_pattern,,
ethiopian cofee leaf dataset/train aug/Leaf rust/aug_0_756.jpeg,Leaf Rust,excluded_pattern,,
ethiopian cofee leaf dataset/train aug/Leaf rust/aug_0_7561.jpeg,Leaf Rust,excluded_pattern,,
ethiopian cofee leaf dataset/train aug/Leaf rust/aug_0_7564.jpeg,Leaf Rust,excluded_pattern,,
ethiopian cofee leaf dataset/train aug/Leaf rust/aug_0_7565.jpeg,Leaf Rust,excluded_pattern,,
ethiopian cofee leaf dataset/train aug/Leaf rust/aug_0_7575.jpeg,Leaf Rust,excluded_pattern,,
ethiopian cofee leaf dataset/train aug/Leaf rust/aug_0_7576.jpeg,Leaf Rust,excluded_pattern,,
ethiopian cofee leaf dataset/train aug/Leaf rust/aug_0_7577.jpeg,Leaf Rust,excluded_pattern,,
ethiopian cofee leaf dataset/train aug/Leaf rust/aug_0_7579.jpeg,Leaf Rust,excluded_pattern,,
ethiopian cofee leaf dataset/train aug/Leaf rust/aug_0_7582.jpeg,Leaf Rust,excluded_pattern,,
ethiopian cofee leaf dataset/train aug/Leaf rust/aug_0_7586.jpeg,Leaf Rust,excluded_pattern,,
ethiopian cofee leaf dataset/train aug/Leaf rust/aug_0_7589.jpeg,Leaf Rust,excluded_pattern,,
ethiopian cofee leaf dataset/train aug/Leaf rust/aug_0_759.jpeg,Leaf Rust,excluded_pattern,,
ethiopian cofee leaf dataset/train aug/Leaf rust/aug_0_7590.jpeg,Leaf Rust,excluded_pattern,,
ethiopian cofee leaf dataset/train aug/Leaf rust/aug_0_7591.jpeg,Leaf Rust,excluded_pattern,,
ethiopian cofee leaf dataset/train aug/Leaf rust/aug_0_7595.jpeg,Leaf Rust,excluded_pattern,,
ethiopian cofee leaf dataset/train aug/Leaf rust/aug_0_7596.jpeg,Leaf Rust,excluded_pattern,,
ethiopian cofee leaf dataset/train aug/Leaf rust/aug_0_760.jpeg,Leaf Rust,excluded_pattern,,
ethiopian cofee leaf dataset/train aug/Leaf rust/aug_0_7600.jpeg,Leaf Rust,excluded_pattern,,
ethiopian cofee leaf dataset/train aug/Leaf rust/aug_0_7605.jpeg,Leaf Rust,excluded_pattern,,
ethiopian cofee leaf dataset/train aug/Leaf rust/aug_0_7613.jpeg,Leaf Rust,excluded_pattern,,
ethiopian cofee leaf dataset/train aug/Leaf rust/aug_0_7618.jpeg,Leaf Rust,excluded_pattern,,
ethiopian cofee leaf dataset/train aug/Leaf rust/aug_0_762.jpeg,Leaf Rust,excluded_pattern,,
ethiopian cofee leaf dataset/train aug/Leaf rust/aug_0_7622.jpeg,Leaf Rust,excluded_pattern,,
ethiopian cofee leaf dataset/train aug/Leaf rust/aug_0_7623.jpeg,Leaf Rust,excluded_pattern,,
ethiopian cofee leaf dataset/train aug/Leaf rust/aug_0_7630.jpeg,Leaf Rust,excluded_pattern,,
ethiopian cofee leaf dataset/train aug/Leaf rust/aug_0_7631.jpeg,Leaf Rust,excluded_pattern,,
ethiopian cofee leaf dataset/train aug/Leaf rust/aug_0_7633.jpeg,Leaf Rust,excluded_pattern,,
ethiopian cofee leaf dataset/train aug/Leaf rust/aug_0_7634.jpeg,Leaf Rust,excluded_pattern,,
ethiopian cofee leaf dataset/train aug/Leaf rust/aug_0_7635.jpeg,Leaf Rust,excluded_pattern,,
ethiopian cofee leaf dataset/train aug/Leaf rust/aug_0_764.jpeg,Leaf Rust,excluded_pattern,,
ethiopian cofee leaf dataset/train aug/Leaf rust/aug_0_7640.jpeg,Leaf Rust,excluded_pattern,,
ethiopian cofee leaf dataset/train aug/Leaf rust/aug_0_7641.jpeg,Leaf Rust,excluded_pattern,,
ethiopian cofee leaf dataset/train aug/Leaf rust/aug_0_7643.jpeg,Leaf Rust,excluded_pattern,,
ethiopian cofee leaf dataset/train aug/Leaf rust/aug_0_7644.jpeg,Leaf Rust,excluded_pattern,,
ethiopian cofee leaf dataset/train aug/Leaf rust/aug_0_765.jpeg,Leaf Rust,excluded_pattern,,
ethiopian cofee leaf dataset/train aug/Leaf rust/aug_0_7652.jpeg,Leaf Rust,excluded_pattern,,
ethiopian cofee leaf dataset/train aug/Leaf rust/aug_0_7655.jpeg,Leaf Rust,excluded_pattern,,
ethiopian cofee leaf dataset/train aug/Leaf rust/aug_0_7656.jpeg,Leaf Rust,excluded_pattern,,
ethiopian cofee leaf dataset/train aug/Leaf rust/aug_0_7658.jpeg,Leaf Rust,excluded_pattern,,
ethiopian cofee leaf dataset/train aug/Leaf rust/aug_0_7659.jpeg,Leaf Rust,excluded_pattern,,
ethiopian cofee leaf dataset/train aug/Leaf rust/aug_0_7662.jpeg,Leaf Rust,excluded_pattern,,
ethiopian cofee leaf dataset/train aug/Leaf rust/aug_0_7663.jpeg,Leaf Rust,excluded_pattern,,
ethiopian cofee leaf dataset/train aug/Leaf rust/aug_0_7669.jpeg,Leaf Rust,excluded_pattern,,
ethiopian cofee leaf dataset/train aug/Leaf rust/aug_0_7672.jpeg,Leaf Rust,excluded_pattern,,
ethiopian cofee leaf dataset/train aug/Leaf rust/aug_0_7674.jpeg,Leaf Rust,excluded_pattern,,
ethiopian cofee leaf dataset/train aug/Leaf rust/aug_0_7678.jpeg,Leaf Rust,excluded_pattern,,
ethiopian cofee leaf dataset/train aug/Leaf rust/aug_0_7686.jpeg,Leaf Rust,excluded_pattern,,
ethiopian cofee leaf dataset/train aug/Leaf rust/aug_0_7689.jpeg,Leaf Rust,excluded_pattern,,
ethiopian cofee leaf dataset/train aug/Leaf rust/aug_0_7696.jpeg,Leaf Rust,excluded_pattern,,
ethiopian cofee leaf dataset/train aug/Leaf rust/aug_0_7698.jpeg,Leaf Rust,excluded_pattern,,
ethiopian cofee leaf dataset/train aug/Leaf rust/aug_0_7699.jpeg,Leaf Rust,excluded_pattern,,
ethiopian cofee leaf dataset/train aug/Leaf rust/aug_0_7702.jpeg,Leaf Rust,excluded_pattern,,
ethiopian cofee leaf dataset/train aug/Leaf rust/aug_0_7708.jpeg,Leaf Rust,excluded_pattern,,
ethiopian cofee leaf dataset/train aug/Leaf rust/aug_0_7709.jpeg,Leaf Rust,excluded_pattern,,
ethiopian cofee leaf dataset/train aug/Leaf rust/aug_0_7710.jpeg,Leaf Rust,excluded_pattern,,
ethiopian cofee leaf dataset/train aug/Leaf rust/aug_0_7713.jpeg,Leaf Rust,excluded_pattern,,
ethiopian cofee leaf dataset/train aug/Leaf rust/aug_0_7716.jpeg,Leaf Rust,excluded_pattern,,
ethiopian cofee leaf dataset/train aug/Leaf rust/aug_0_7718.jpeg,Leaf Rust,excluded_pattern,,
ethiopian cofee leaf dataset/train aug/Leaf rust/aug_0_7728.jpeg,Leaf Rust,excluded_pattern,,
ethiopian cofee leaf dataset/train aug/Leaf rust/aug_0_7730.jpeg,Leaf Rust,excluded_pattern,,
ethiopian cofee leaf dataset/train aug/Leaf rust/aug_0_7731.jpeg,Leaf Rust,excluded_pattern,,
ethiopian cofee leaf dataset/train aug/Leaf rust/aug_0_7734.jpeg,Leaf Rust,excluded_pattern,,
ethiopian cofee leaf dataset/train aug/Leaf rust/aug_0_7735.jpeg,Leaf Rust,excluded_pattern,,
ethiopian cofee leaf dataset/train aug/Leaf rust/aug_0_7737.jpeg,Leaf Rust,excluded_pattern,,
ethiopian cofee leaf dataset/train aug/Leaf rust/aug_0_7739.jpeg,Leaf Rust,excluded_pattern,,
ethiopian cofee leaf dataset/train aug/Leaf rust/aug_0_7746.jpeg,Leaf Rust,excluded_pattern,,
ethiopian cofee leaf dataset/train aug/Leaf rust/aug_0_7749.jpeg,Leaf Rust,excluded_pattern,,
ethiopian cofee leaf dataset/train aug/Leaf rust/aug_0_7751.jpeg,Leaf Rust,excluded_pattern,,
ethiopian cofee leaf dataset/train aug/Leaf rust/aug_0_7753.jpeg,Leaf Rust,excluded_pattern,,
ethiopian cofee leaf dataset/train aug/Leaf rust/aug_0_7756.jpeg,Leaf Rust,excluded_pattern,,
ethiopian cofee leaf dataset/train aug/Leaf rust/aug_0_7757.jpeg,Leaf Rust,excluded_pattern,,
ethiopian cofee leaf dataset/train aug/Leaf rust/aug_0_7760.jpeg,Leaf Rust,excluded_pattern,,
ethiopian cofee leaf dataset/train aug/Leaf rust/aug_0_7762.jpeg,Leaf Rust,excluded_pattern,,
ethiopian cofee leaf dataset/train aug/Leaf rust/aug_0_7768.jpeg,Leaf Rust,excluded_pattern,,
ethiopian cofee leaf dataset/train aug/Leaf rust/aug_0_777.jpeg,Leaf Rust,excluded_pattern,,
ethiopian cofee leaf dataset/train aug/Leaf rust/aug_0_7771.jpeg,Leaf Rust,excluded_pattern,,
ethiopian cofee leaf dataset/train aug/Leaf rust/aug_0_7773.jpeg,Leaf Rust,excluded_pattern,,
ethiopian cofee leaf dataset/train aug/Leaf rust/aug_0_7774.jpeg,Leaf Rust,excluded_pattern,,
ethiopian cofee leaf dataset/train aug/Leaf rust/aug_0_7775.jpeg,Leaf Rust,excluded_pattern,,
ethiopian cofee leaf dataset/train aug/Leaf rust/aug_0_7777.jpeg,Leaf Rust,excluded_pattern,,
ethiopian cofee leaf dataset/train aug/Leaf rust/aug_0_7779.jpeg,Leaf Rust,excluded_pattern,,
ethiopian cofee leaf dataset/train aug/Leaf rust/aug_0_7780.jpeg,Leaf Rust,excluded_pattern,,
ethiopian cofee leaf dataset/train aug/Leaf rust/aug_0_7782.jpeg,Leaf Rust,excluded_pattern,,
ethiopian cofee leaf dataset/train aug/Leaf rust/aug_0_7783.jpeg,Leaf Rust,excluded_pattern,,
ethiopian cofee leaf dataset/train aug/Leaf rust/aug_0_779.jpeg,Leaf Rust,excluded_pattern,,
ethiopian cofee leaf dataset/train aug/Leaf rust/aug_0_7792.jpeg,Leaf Rust,excluded_pattern,,
ethiopian cofee leaf dataset/train aug/Leaf rust/aug_0_7795.jpeg,Leaf Rust,excluded_pattern,,
ethiopian cofee leaf dataset/train aug/Leaf rust/aug_0_7796.jpeg,Leaf Rust,excluded_pattern,,
ethiopian cofee leaf dataset/train aug/Leaf rust/aug_0_7797.jpeg,Leaf Rust,excluded_pattern,,
ethiopian cofee leaf dataset/train aug/Leaf rust/aug_0_780.jpeg,Leaf Rust,excluded_pattern,,
ethiopian cofee leaf dataset/train aug/Leaf rust/aug_0_7805.jpeg,Leaf Rust,excluded_pattern,,
ethiopian cofee leaf dataset/train aug/Leaf rust/aug_0_7809.jpeg,Leaf Rust,excluded_pattern,,
ethiopian cofee leaf dataset/train aug/Leaf rust/aug_0_7810.jpeg,Leaf Rust,excluded_pattern,,
ethiopian cofee leaf dataset/train aug/Leaf rust/aug_0_7811.jpeg,Leaf Rust,excluded_pattern,,
ethiopian cofee leaf dataset/train aug/Leaf rust/aug_0_7812.jpeg,Leaf Rust,excluded_pattern,,
ethiopian cofee leaf dataset/train aug/Leaf rust/aug_0_7813.jpeg,Leaf Rust,excluded_pattern,,
ethiopian cofee leaf dataset/train aug/Leaf rust/aug_0_7814.jpeg,Leaf Rust,excluded_pattern,,
ethiopian cofee leaf dataset/train aug/Leaf rust/aug_0_7815.jpeg,Leaf Rust,excluded_pattern,,
ethiopian cofee leaf dataset/train aug/Leaf rust/aug_0_7817.jpeg,Leaf Rust,excluded_pattern,,
ethiopian cofee leaf dataset/train aug/Leaf rust/aug_0_7819.jpeg,Leaf Rust,excluded_pattern,,
ethiopian cofee leaf dataset/train aug/Leaf rust/aug_0_782.jpeg,Leaf Rust,excluded_pattern,,
ethiopian cofee leaf dataset/train aug/Leaf rust/aug_0_7821.jpeg,Leaf Rust,excluded_pattern,,
ethiopian cofee leaf dataset/train aug/Leaf rust/aug_0_7823.jpeg,Leaf Rust,excluded_pattern,,
ethiopian cofee leaf dataset/train aug/Leaf rust/aug_0_7829.jpeg,Leaf Rust,excluded_pattern,,
ethiopian cofee leaf dataset/train aug/Leaf rust/aug_0_7830.jpeg,Leaf Rust,excluded_pattern,,
ethiopian cofee leaf dataset/train aug/Leaf rust/aug_0_7836.jpeg,Leaf Rust,excluded_pattern,,
ethiopian cofee leaf dataset/train aug/Leaf rust/aug_0_7839.jpeg,Leaf Rust,excluded_pattern,,
ethiopian cofee leaf dataset/train aug/Leaf rust/aug_0_7845.jpeg,Leaf Rust,excluded_pattern,,
ethiopian cofee leaf dataset/train aug/Leaf rust/aug_0_7846.jpeg,Leaf Rust,excluded_pattern,,
ethiopian cofee leaf dataset/train aug/Leaf rust/aug_0_7847.jpeg,Leaf Rust,excluded_pattern,,
ethiopian cofee leaf dataset/train aug/Leaf rust/aug_0_7855.jpeg,Leaf Rust,excluded_pattern,,
ethiopian cofee leaf dataset/train aug/Leaf rust/aug_0_7857.jpeg,Leaf Rust,excluded_pattern,,
ethiopian cofee leaf dataset/train aug/Leaf rust/aug_0_7861.jpeg,Leaf Rust,excluded_pattern,,
ethiopian cofee leaf dataset/train aug/Leaf rust/aug_0_7862.jpeg,Leaf Rust,excluded_pattern,,
ethiopian cofee leaf dataset/train aug/Leaf rust/aug_0_7865.jpeg,Leaf Rust,excluded_pattern,,
ethiopian cofee leaf dataset/train aug/Leaf rust/aug_0_7867.jpeg,Leaf Rust,excluded_pattern,,
ethiopian cofee leaf dataset/train aug/Leaf rust/aug_0_7869.jpeg,Leaf Rust,excluded_pattern,,
ethiopian cofee leaf dataset/train aug/Leaf rust/aug_0_7870.jpeg,Leaf Rust,excluded_pattern,,
ethiopian cofee leaf dataset/train aug/Leaf rust/aug_0_7873.jpeg,Leaf Rust,excluded_pattern,,
ethiopian cofee leaf dataset/train aug/Leaf rust/aug_0_7877.jpeg,Leaf Rust,excluded_pattern,,
ethiopian cofee leaf dataset/train aug/Leaf rust/aug_0_7879.jpeg,Leaf Rust,excluded_pattern,,
ethiopian cofee leaf dataset/train aug/Leaf rust/aug_0_7880.jpeg,Leaf Rust,excluded_pattern,,
ethiopian cofee leaf dataset/train aug/Leaf rust/aug_0_7884.jpeg,Leaf Rust,excluded_pattern,,
ethiopian cofee leaf dataset/train aug/Leaf rust/aug_0_7886.jpeg,Leaf Rust,excluded_pattern,,
ethiopian cofee leaf dataset/train aug/Leaf rust/aug_0_789.jpeg,Leaf Rust,excluded_pattern,,
ethiopian cofee leaf dataset/train aug/Leaf rust/aug_0_7890.jpeg,Leaf Rust,excluded_pattern,,
ethiopian cofee leaf dataset/train aug/Leaf rust/aug_0_7896.jpeg,Leaf Rust,excluded_pattern,,
ethiopian cofee leaf dataset/train aug/Leaf rust/aug_0_7898.jpeg,Leaf Rust,excluded_pattern,,
ethiopian cofee leaf dataset/train aug/Leaf rust/aug_0_7899.jpeg,Leaf Rust,excluded_pattern,,
ethiopian cofee leaf dataset/train aug/Leaf rust/aug_0_790.jpeg,Leaf Rust,excluded_pattern,,
ethiopian cofee leaf dataset/train aug/Leaf rust/aug_0_7900.jpeg,Leaf Rust,excluded_pattern,,
ethiopian cofee leaf dataset/train aug/Leaf rust/aug_0_7903.jpeg,Leaf Rust,excluded_pattern,,
ethiopian cofee leaf dataset/train aug/Leaf rust/aug_0_7905.jpeg,Leaf Rust,excluded_pattern,,
ethiopian cofee leaf dataset/train aug/Leaf rust/aug_0_7907.jpeg,Leaf Rust,excluded_pattern,,
ethiopian cofee leaf dataset/train aug/Leaf rust/aug_0_7908.jpeg,Leaf Rust,excluded_pattern,,
ethiopian cofee leaf dataset/train aug/Leaf rust/aug_0_7909.jpeg,Leaf Rust,excluded_pattern,,
ethiopian cofee leaf dataset/train aug/Leaf rust/aug_0_791.jpeg,Leaf Rust,excluded_pattern,,
ethiopian cofee leaf dataset/train aug/Leaf rust/aug_0_7911.jpeg,Leaf Rust,excluded_pattern,,
ethiopian cofee leaf dataset/train aug/Leaf rust/aug_0_7926.jpeg,Leaf Rust,excluded_pattern,,
ethiopian cofee leaf dataset/train aug/Leaf rust/aug_0_7927.jpeg,Leaf Rust,excluded_pattern,,
ethiopian cofee leaf dataset/train aug/Leaf rust/aug_0_7928.jpeg,Leaf Rust,excluded_pattern,,
ethiopian cofee leaf dataset/train aug/Leaf rust/aug_0_7930.jpeg,Leaf Rust,excluded_pattern,,
ethiopian cofee leaf dataset/train aug/Leaf rust/aug_0_7933.jpeg,Leaf Rust,excluded_pattern,,
ethiopian cofee leaf dataset/train aug/Leaf rust/aug_0_7934.jpeg,Leaf Rust,excluded_pattern,,
ethiopian cofee leaf dataset/train aug/Leaf rust/aug_0_7936.jpeg,Leaf Rust,excluded_pattern,,
ethiopian cofee leaf dataset/train aug/Leaf rust/aug_0_7939.jpeg,Leaf Rust,excluded_pattern,,
ethiopian cofee leaf dataset/train aug/Leaf rust/aug_0_794.jpeg,Leaf Rust,excluded_pattern,,
ethiopian cofee leaf dataset/train aug/Leaf rust/aug_0_7941.jpeg,Leaf Rust,excluded_pattern,,
ethiopian cofee leaf dataset/train aug/Leaf rust/aug_0_7942.jpeg,Leaf Rust,excluded_pattern,,
ethiopian cofee leaf dataset/train aug/Leaf rust/aug_0_7944.jpeg,Leaf Rust,excluded_pattern,,
ethiopian cofee leaf dataset/train aug/Leaf rust/aug_0_7949.jpeg,Leaf Rust,excluded_pattern,,
ethiopian cofee leaf dataset/train aug/Leaf rust/aug_0_7950.jpeg,Leaf Rust,excluded_pattern,,
ethiopian cofee leaf dataset/train aug/Leaf rust/aug_0_7954.jpeg,Leaf Rust,excluded_pattern,,
ethiopian cofee leaf dataset/train aug/Leaf rust/aug_0_7955.jpeg,Leaf Rust,excluded_pattern,,
ethiopian cofee leaf dataset/train aug/Leaf rust/aug_0_7960.jpeg,Leaf Rust,excluded_pattern,,
ethiopian cofee leaf dataset/train aug/Leaf rust/aug_0_7961.jpeg,Leaf Rust,excluded_pattern,,
ethiopian cofee leaf dataset/train aug/Leaf rust/aug_0_7962.jpeg,Leaf Rust,excluded_pattern,,
ethiopian cofee leaf dataset/train aug/Leaf rust/aug_0_7969.jpeg,Leaf Rust,excluded_pattern,,
ethiopian cofee leaf dataset/train aug/Leaf rust/aug_0_797.jpeg,Leaf Rust,excluded_pattern,,
ethiopian cofee leaf dataset/train aug/Leaf rust/aug_0_7970.jpeg,Leaf Rust,excluded_pattern,,
ethiopian cofee leaf dataset/train aug/Leaf rust/aug_0_7971.jpeg,Leaf Rust,excluded_pattern,,
ethiopian cofee leaf dataset/train aug/Leaf rust/aug_0_7972.jpeg,Leaf Rust,excluded_pattern,,
ethiopian cofee leaf dataset/train aug/Leaf rust/aug_0_7976.jpeg,Leaf Rust,excluded_pattern,,
ethiopian cofee leaf dataset/train aug/Leaf rust/aug_0_7979.jpeg,Leaf Rust,excluded_pattern,,
ethiopian cofee leaf dataset/train aug/Leaf rust/aug_0_7980.jpeg,Leaf Rust,excluded_pattern,,
ethiopian cofee leaf dataset/train aug/Leaf rust/aug_0_7983.jpeg,Leaf Rust,excluded_pattern,,
ethiopian cofee leaf dataset/train aug/Leaf rust/aug_0_7986.jpeg,Leaf Rust,excluded_pattern,,
ethiopian cofee leaf dataset/train aug/Leaf rust/aug_0_7993.jpeg,Leaf Rust,excluded_pattern,,
ethiopian cofee leaf dataset/train aug/Leaf rust/aug_0_7997.jpeg,Leaf Rust,excluded_pattern,,
ethiopian cofee leaf dataset/train aug/Leaf rust/aug_0_8001.jpeg,Leaf Rust,excluded_pattern,,
ethiopian cofee leaf dataset/train aug/Leaf rust/aug_0_8002.jpeg,Leaf Rust,excluded_pattern,,
ethiopian cofee leaf dataset/train aug/Leaf rust/aug_0_8009.jpeg,Leaf Rust,excluded_pattern,,
ethiopian cofee leaf dataset/train aug/Leaf rust/aug_0_8011.jpeg,Leaf Rust,excluded_pattern,,
ethiopian cofee leaf dataset/train aug/Leaf rust/aug_0_8014.jpeg,Leaf Rust,excluded_pattern,,
ethiopian cofee leaf dataset/train aug/Leaf rust/aug_0_8018.jpeg,Leaf Rust,excluded_pattern,,
ethiopian cofee leaf dataset/train aug/Leaf rust/aug_0_8020.jpeg,Leaf Rust,excluded_pattern,,
ethiopian cofee leaf dataset/train aug/Leaf rust/aug_0_8027.jpeg,Leaf Rust,excluded_pattern,,
ethiopian cofee leaf dataset/train aug/Leaf rust/aug_0_8029.jpeg,Leaf Rust,excluded_pattern,,
ethiopian cofee leaf dataset/train aug/Leaf rust/aug_0_803.jpeg,Leaf Rust,excluded_pattern,,
ethiopian cofee leaf dataset/train aug/Leaf rust/aug_0_8035.jpeg,Leaf Rust,excluded_pattern,,
ethiopian cofee leaf dataset/train aug/Leaf rust/aug_0_8037.jpeg,Leaf Rust,excluded_pattern,,
ethiopian cofee leaf dataset/train aug/Leaf rust/aug_0_8049.jpeg,Leaf Rust,excluded_pattern,,
ethiopian cofee leaf dataset/train aug/Leaf rust/aug_0_805.jpeg,Leaf Rust,excluded_pattern,,
ethiopian cofee leaf dataset/train aug/Leaf rust/aug_0_8050.jpeg,Leaf Rust,excluded_pattern,,
ethiopian cofee leaf dataset/train aug/Leaf rust/aug_0_8052.jpeg,Leaf Rust,excluded_pattern,,
ethiopian cofee leaf dataset/train aug/Leaf rust/aug_0_8055.jpeg,Leaf Rust,excluded_pattern,,
ethiopian cofee leaf dataset/train aug/Leaf rust/aug_0_8057.jpeg,Leaf Rust,excluded_pattern,,
ethiopian cofee leaf dataset/train aug/Leaf rust/aug_0_8065.jpeg,Leaf Rust,excluded_pattern,,
ethiopian cofee leaf dataset/train aug/Leaf rust/aug_0_8067.jpeg,Leaf Rust,excluded_pattern,,
ethiopian cofee leaf dataset/train aug/Leaf rust/aug_0_8068.jpeg,Leaf Rust,excluded_pattern,,
ethiopian cofee leaf dataset/train aug/Leaf rust/aug_0_8069.jpeg,Leaf Rust,excluded_pattern,,
ethiopian cofee leaf dataset/train aug/Leaf rust/aug_0_8072.jpeg,Leaf Rust,excluded_pattern,,
ethiopian cofee leaf dataset/train aug/Leaf rust/aug_0_8073.jpeg,Leaf Rust,excluded_pattern,,
ethiopian cofee leaf dataset/train aug/Leaf rust/aug_0_8074.jpeg,Leaf Rust,excluded_pattern,,
ethiopian cofee leaf dataset/train aug/Leaf rust/aug_0_8080.jpeg,Leaf Rust,excluded_pattern,,
ethiopian cofee leaf dataset/train aug/Leaf rust/aug_0_8081.jpeg,Leaf Rust,excluded_pattern,,
ethiopian cofee leaf dataset/train aug/Leaf rust/aug_0_8082.jpeg,Leaf Rust,excluded_pattern,,
ethiopian cofee leaf dataset/train aug/Leaf rust/aug_0_8084.jpeg,Leaf Rust,excluded_pattern,,
ethiopian cofee leaf dataset/train aug/Leaf rust/aug_0_8086.jpeg,Leaf Rust,excluded_pattern,,
ethiopian cofee leaf dataset/train aug/Leaf rust/aug_0_8088.jpeg,Leaf Rust,excluded_pattern,,
ethiopian cofee leaf dataset/train aug/Leaf rust/aug_0_809.jpeg,Leaf Rust,excluded_pattern,,
ethiopian cofee leaf dataset/train aug/Leaf rust/aug_0_8096.jpeg,Leaf Rust,excluded_pattern,,
ethiopian cofee leaf dataset/train aug/Leaf rust/aug_0_8101.jpeg,Leaf Rust,excluded_pattern,,
ethiopian cofee leaf dataset/train aug/Leaf rust/aug_0_8103.jpeg,Leaf Rust,excluded_pattern,,
ethiopian cofee leaf dataset/train aug/Leaf rust/aug_0_8104.jpeg,Leaf Rust,excluded_pattern,,
ethiopian cofee leaf dataset/train aug/Leaf rust/aug_0_8105.jpeg,Leaf Rust,excluded_pattern,,
ethiopian cofee leaf dataset/train aug/Leaf rust/aug_0_8107.jpeg,Leaf Rust,excluded_pattern,,
ethiopian cofee leaf dataset/train aug/Leaf rust/aug_0_8109.jpeg,Leaf Rust,excluded_pattern,,
ethiopian cofee leaf dataset/train aug/Leaf rust/aug_0_8111.jpeg,Leaf Rust,excluded_pattern,,
ethiopian cofee leaf dataset/train aug/Leaf rust/aug_0_8113.jpeg,Leaf Rust,excluded_pattern,,
ethiopian cofee leaf dataset/train aug/Leaf rust/aug_0_8117.jpeg,Leaf Rust,excluded_pattern,,
ethiopian cofee leaf dataset/train aug/Leaf rust/aug_0_812.jpeg,Leaf Rust,excluded_pattern,,
ethiopian cofee leaf dataset/train aug/Leaf rust/aug_0_8122.jpeg,Leaf Rust,excluded_pattern,,
ethiopian cofee leaf dataset/train aug/Leaf rust/aug_0_8123.jpeg,Leaf Rust,excluded_pattern,,
ethiopian cofee leaf dataset/train aug/Leaf rust/aug_0_8126.jpeg,Leaf Rust,excluded_pattern,,
ethiopian cofee leaf dataset/train aug/Leaf rust/aug_0_8128.jpeg,Leaf Rust,excluded_pattern,,
ethiopian cofee leaf dataset/train aug/Leaf rust/aug_0_8130.jpeg,Leaf Rust,excluded_pattern,,
ethiopian cofee leaf dataset/train aug/Leaf rust/aug_0_8132.jpeg,Leaf Rust,excluded_pattern,,
ethiopian cofee leaf dataset/train aug/Leaf rust/aug_0_8137.jpeg,Leaf Rust,excluded_pattern,,
ethiopian cofee leaf dataset/train aug/Leaf rust/aug_0_8140.jpeg,Leaf Rust,excluded_pattern,,
ethiopian cofee leaf dataset/train aug/Leaf rust/aug_0_8142.jpeg,Leaf Rust,excluded_pattern,,
ethiopian cofee leaf dataset/train aug/Leaf rust/aug_0_8144.jpeg,Leaf Rust,excluded_pattern,,
ethiopian cofee leaf dataset/train aug/Leaf rust/aug_0_8146.jpeg,Leaf Rust,excluded_pattern,,
ethiopian cofee leaf dataset/train aug/Leaf rust/aug_0_8151.jpeg,Leaf Rust,excluded_pattern,,
ethiopian cofee leaf dataset/train aug/Leaf rust/aug_0_8152.jpeg,Leaf Rust,excluded_pattern,,
ethiopian cofee leaf dataset/train aug/Leaf rust/aug_0_8154.jpeg,Leaf Rust,excluded_pattern,,
ethiopian cofee leaf dataset/train aug/Leaf rust/aug_0_8155.jpeg,Leaf Rust,excluded_pattern,,
ethiopian cofee leaf dataset/train aug/Leaf rust/aug_0_8156.jpeg,Leaf Rust,excluded_pattern,,
ethiopian cofee leaf dataset/train aug/Leaf rust/aug_0_8158.jpeg,Leaf Rust,excluded_pattern,,
ethiopian cofee leaf dataset/train aug/Leaf rust/aug_0_8164.jpeg,Leaf Rust,excluded_pattern,,
ethiopian cofee leaf dataset/train aug/Leaf rust/aug_0_8165.jpeg,Leaf Rust,excluded_pattern,,
ethiopian cofee leaf dataset/train aug/Leaf rust/aug_0_8166.jpeg,Leaf Rust,excluded_pattern,,
ethiopian cofee leaf dataset/train aug/Leaf rust/aug_0_8167.jpeg,Leaf Rust,excluded_pattern,,
ethiopian cofee leaf dataset/train aug/Leaf rust/aug_0_8169.jpeg,Leaf Rust,excluded_pattern,,
ethiopian cofee leaf dataset/train aug/Leaf rust/aug_0_8173.jpeg,Leaf Rust,excluded_pattern,,
ethiopian cofee leaf dataset/train aug/Leaf rust/aug_0_8178.jpeg,Leaf Rust,excluded_pattern,,
ethiopian cofee leaf dataset/train aug/Leaf rust/aug_0_8181.jpeg,Leaf Rust,excluded_pattern,,
ethiopian cofee leaf dataset/train aug/Leaf rust/aug_0_8186.jpeg,Leaf Rust,excluded_pattern,,
ethiopian cofee leaf dataset/train aug/Leaf rust/aug_0_8187.jpeg,Leaf Rust,excluded_pattern,,
ethiopian cofee leaf dataset/train aug/Leaf rust/aug_0_8190.jpeg,Leaf Rust,excluded_pattern,,
ethiopian cofee leaf dataset/train aug/Leaf rust/aug_0_8198.jpeg,Leaf Rust,excluded_pattern,,
ethiopian cofee leaf dataset/train aug/Leaf rust/aug_0_8205.jpeg,Leaf Rust,excluded_pattern,,
ethiopian cofee leaf dataset/train aug/Leaf rust/aug_0_8206.jpeg,Leaf Rust,excluded_pattern,,
ethiopian cofee leaf dataset/train aug/Leaf rust/aug_0_8207.jpeg,Leaf Rust,excluded_pattern,,
ethiopian cofee leaf dataset/train aug/Leaf rust/aug_0_8208.jpeg,Leaf Rust,excluded_pattern,,
ethiopian cofee leaf dataset/train aug/Leaf rust/aug_0_8210.jpeg,Leaf Rust,excluded_pattern,,
ethiopian cofee leaf dataset/train aug/Leaf rust/aug_0_8211.jpeg,Leaf Rust,excluded_pattern,,
ethiopian cofee leaf dataset/train aug/Leaf rust/aug_0_8217.jpeg,Leaf Rust,excluded_pattern,,
ethiopian cofee leaf dataset/train aug/Leaf rust/aug_0_8218.jpeg,Leaf Rust,excluded_pattern,,
ethiopian cofee leaf dataset/train aug/Leaf rust/aug_0_8223.jpeg,Leaf Rust,excluded_pattern,,
ethiopian cofee leaf dataset/train aug/Leaf rust/aug_0_8229.jpeg,Leaf Rust,excluded_pattern,,
ethiopian cofee leaf dataset/train aug/Leaf rust/aug_0_8232.jpeg,Leaf Rust,excluded_pattern,,
ethiopian cofee leaf dataset/train aug/Leaf rust/aug_0_8233.jpeg,Leaf Rust,excluded_pattern,,
ethiopian cofee leaf dataset/train aug/Leaf rust/aug_0_8234.jpeg,Leaf Rust,excluded_pattern,,
ethiopian cofee leaf dataset/train aug/Leaf rust/aug_0_8235.jpeg,Leaf Rust,excluded_pattern,,
ethiopian cofee leaf dataset/train aug/Leaf rust/aug_0_8237.jpeg,Leaf Rust,excluded_pattern,,
ethiopian cofee leaf dataset/train aug/Leaf rust/aug_0_8240.jpeg,Leaf Rust,excluded_pattern,,
ethiopian cofee leaf dataset/train aug/Leaf rust/aug_0_8241.jpeg,Leaf Rust,excluded_pattern,,
ethiopian cofee leaf dataset/train aug/Leaf rust/aug_0_8248.jpeg,Leaf Rust,excluded_pattern,,
ethiopian cofee leaf dataset/train aug/Leaf rust/aug_0_825.jpeg,Leaf Rust,excluded_pattern,,
ethiopian cofee leaf dataset/train aug/Leaf rust/aug_0_8251.jpeg,Leaf Rust,excluded_pattern,,
ethiopian cofee leaf dataset/train aug/Leaf rust/aug_0_8253.jpeg,Leaf Rust,excluded_pattern,,
ethiopian cofee leaf dataset/train aug/Leaf rust/aug_0_8255.jpeg,Leaf Rust,excluded_pattern,,
ethiopian cofee leaf dataset/train aug/Leaf rust/aug_0_8262.jpeg,Leaf Rust,excluded_pattern,,
ethiopian cofee leaf dataset/train aug/Leaf rust/aug_0_8264.jpeg,Leaf Rust,excluded_pattern,,
ethiopian cofee leaf dataset/train aug/Leaf rust/aug_0_8266.jpeg,Leaf Rust,excluded_pattern,,
ethiopian cofee leaf dataset/train aug/Leaf rust/aug_0_8272.jpeg,Leaf Rust,excluded_pattern,,
ethiopian cofee leaf dataset/train aug/Leaf rust/aug_0_8274.jpeg,Leaf Rust,excluded_pattern,,
ethiopian cofee leaf dataset/train aug/Leaf rust/aug_0_8276.jpeg,Leaf Rust,excluded_pattern,,
ethiopian cofee leaf dataset/train aug/Leaf rust/aug_0_8278.jpeg,Leaf Rust,excluded_pattern,,
ethiopian cofee leaf dataset/train aug/Leaf rust/aug_0_8284.jpeg,Leaf Rust,excluded_pattern,,
ethiopian cofee leaf dataset/train aug/Leaf rust/aug_0_8285.jpeg,Leaf Rust,excluded_pattern,,
ethiopian cofee leaf dataset/train aug/Leaf rust/aug_0_8289.jpeg,Leaf Rust,excluded_pattern,,
ethiopian cofee leaf dataset/train aug/Leaf rust/aug_0_8293.jpeg,Leaf Rust,excluded_pattern,,
ethiopian cofee leaf dataset/train aug/Leaf rust/aug_0_8296.jpeg,Leaf Rust,excluded_pattern,,
ethiopian cofee leaf dataset/train aug/Leaf rust/aug_0_8297.jpeg,Leaf Rust,excluded_pattern,,
ethiopian cofee leaf dataset/train aug/Leaf rust/aug_0_8299.jpeg,Leaf Rust,excluded_pattern,,
ethiopian cofee leaf dataset/train aug/Leaf rust/aug_0_830.jpeg,Leaf Rust,excluded_pattern,,
ethiopian cofee leaf dataset/train aug/Leaf rust/aug_0_8301.jpeg,Leaf Rust,excluded_pattern,,
ethiopian cofee leaf dataset/train aug/Leaf rust/aug_0_8302.jpeg,Leaf Rust,excluded_pattern,,
ethiopian cofee leaf dataset/train aug/Leaf rust/aug_0_8305.jpeg,Leaf Rust,excluded_pattern,,
ethiopian cofee leaf dataset/train aug/Leaf rust/aug_0_8310.jpeg,Leaf Rust,excluded_pattern,,
ethiopian cofee leaf dataset/train aug/Leaf rust/aug_0_8312.jpeg,Leaf Rust,excluded_pattern,,
ethiopian cofee leaf dataset/train aug/Leaf rust/aug_0_8313.jpeg,Leaf Rust,excluded_pattern,,
ethiopian cofee leaf dataset/train aug/Leaf rust/aug_0_8317.jpeg,Leaf Rust,excluded_pattern,,
ethiopian cofee leaf dataset/train aug/Leaf rust/aug_0_8318.jpeg,Leaf Rust,excluded_pattern,,
ethiopian cofee leaf dataset/train aug/Leaf rust/aug_0_8321.jpeg,Leaf Rust,excluded_pattern,,
ethiopian cofee leaf dataset/train aug/Leaf rust/aug_0_8322.jpeg,Leaf Rust,excluded_pattern,,
ethiopian cofee leaf dataset/train aug/Leaf rust/aug_0_8327.jpeg,Leaf Rust,excluded_pattern,,
ethiopian cofee leaf dataset/train aug/Leaf rust/aug_0_8332.jpeg,Leaf Rust,excluded_pattern,,
ethiopian cofee leaf dataset/train aug/Leaf rust/aug_0_8333.jpeg,Leaf Rust,excluded_pattern,,
ethiopian cofee leaf dataset/train aug/Leaf rust/aug_0_8336.jpeg,Leaf Rust,excluded_pattern,,
ethiopian cofee leaf dataset/train aug/Leaf rust/aug_0_8338.jpeg,Leaf Rust,excluded_pattern,,
ethiopian cofee leaf dataset/train aug/Leaf rust/aug_0_8339.jpeg,Leaf Rust,excluded_pattern,,
ethiopian cofee leaf dataset/train aug/Leaf rust/aug_0_8341.jpeg,Leaf Rust,excluded_pattern,,
ethiopian cofee leaf dataset/train aug/Leaf rust/aug_0_8343.jpeg,Leaf Rust,excluded_pattern,,
ethiopian cofee leaf dataset/train aug/Leaf rust/aug_0_8346.jpeg,Leaf Rust,excluded_pattern,,
ethiopian cofee leaf dataset/train aug/Leaf rust/aug_0_8348.jpeg,Leaf Rust,excluded_pattern,,
ethiopian cofee leaf dataset/train aug/Leaf rust/aug_0_8357.jpeg,Leaf Rust,excluded_pattern,,
ethiopian cofee leaf dataset/train aug/Leaf rust/aug_0_8359.jpeg,Leaf Rust,excluded_pattern,,
ethiopian cofee leaf dataset/train aug/Leaf rust/aug_0_8361.jpeg,Leaf Rust,excluded_pattern,,
ethiopian cofee leaf dataset/train aug/Leaf rust/aug_0_8364.jpeg,Leaf Rust,excluded_pattern,,
ethiopian cofee leaf dataset/train aug/Leaf rust/aug_0_8365.jpeg,Leaf Rust,excluded_pattern,,
ethiopian cofee leaf dataset/train aug/Leaf rust/aug_0_8367.jpeg,Leaf Rust,excluded_pattern,,
ethiopian cofee leaf dataset/train aug/Leaf rust/aug_0_8375.jpeg,Leaf Rust,excluded_pattern,,
ethiopian cofee leaf dataset/train aug/Leaf rust/aug_0_8383.jpeg,Leaf Rust,excluded_pattern,,
ethiopian cofee leaf dataset/train aug/Leaf rust/aug_0_8386.jpeg,Leaf Rust,excluded_pattern,,
ethiopian cofee leaf dataset/train aug/Leaf rust/aug_0_8387.jpeg,Leaf Rust,excluded_pattern,,
ethiopian cofee leaf dataset/train aug/Leaf rust/aug_0_8388.jpeg,Leaf Rust,excluded_pattern,,
ethiopian cofee leaf dataset/train aug/Leaf rust/aug_0_8393.jpeg,Leaf Rust,excluded_pattern,,
ethiopian cofee leaf dataset/train aug/Leaf rust/aug_0_8398.jpeg,Leaf Rust,excluded_pattern,,
ethiopian cofee leaf dataset/train aug/Leaf rust/aug_0_8399.jpeg,Leaf Rust,excluded_pattern,,
ethiopian cofee leaf dataset/train aug/Leaf rust/aug_0_8400.jpeg,Leaf Rust,excluded_pattern,,
ethiopian cofee leaf dataset/train aug/Leaf rust/aug_0_8403.jpeg,Leaf Rust,excluded_pattern,,
ethiopian cofee leaf dataset/train aug/Leaf rust/aug_0_8409.jpeg,Leaf Rust,excluded_pattern,,
ethiopian cofee leaf dataset/train aug/Leaf rust/aug_0_8410.jpeg,Leaf Rust,excluded_pattern,,
ethiopian cofee leaf dataset/train aug/Leaf rust/aug_0_8412.jpeg,Leaf Rust,excluded_pattern,,
ethiopian cofee leaf dataset/train aug/Leaf rust/aug_0_8413.jpeg,Leaf Rust,excluded_pattern,,
ethiopian cofee leaf dataset/train aug/Leaf rust/aug_0_8414.jpeg,Leaf Rust,excluded_pattern,,
ethiopian cofee leaf dataset/train aug/Leaf rust/aug_0_8415.jpeg,Leaf Rust,excluded_pattern,,
ethiopian cofee leaf dataset/train aug/Leaf rust/aug_0_8426.jpeg,Leaf Rust,excluded_pattern,,
ethiopian cofee leaf dataset/train aug/Leaf rust/aug_0_8427.jpeg,Leaf Rust,excluded_pattern,,
ethiopian cofee leaf dataset/train aug/Leaf rust/aug_0_8431.jpeg,Leaf Rust,excluded_pattern,,
ethiopian cofee leaf dataset/train aug/Leaf rust/aug_0_8432.jpeg,Leaf Rust,excluded_pattern,,
ethiopian cofee leaf dataset/train aug/Leaf rust/aug_0_8444.jpeg,Leaf Rust,excluded_pattern,,
ethiopian cofee leaf dataset/train aug/Leaf rust/aug_0_8446.jpeg,Leaf Rust,excluded_pattern,,
ethiopian cofee leaf dataset/train aug/Leaf rust/aug_0_8450.jpeg,Leaf Rust,excluded_pattern,,
ethiopian cofee leaf dataset/train aug/Leaf rust/aug_0_8451.jpeg,Leaf Rust,excluded_pattern,,
ethiopian cofee leaf dataset/train aug/Leaf rust/aug_0_8453.jpeg,Leaf Rust,excluded_pattern,,
ethiopian cofee leaf dataset/train aug/Leaf rust/aug_0_8455.jpeg,Leaf Rust,excluded_pattern,,
ethiopian cofee leaf dataset/train aug/Leaf rust/aug_0_8459.jpeg,Leaf Rust,excluded_pattern,,
ethiopian cofee leaf dataset/train aug/Leaf rust/aug_0_846.jpeg,Leaf Rust,excluded_pattern,,
ethiopian cofee leaf dataset/train aug/Leaf rust/aug_0_8461.jpeg,Leaf Rust,excluded_pattern,,
ethiopian cofee leaf dataset/train aug/Leaf rust/aug_0_8462.jpeg,Leaf Rust,excluded_pattern,,
ethiopian cofee leaf dataset/train aug/Leaf rust/aug_0_8464.jpeg,Leaf Rust,excluded_pattern,,
ethiopian cofee leaf dataset/train aug/Leaf rust/aug_0_8465.jpeg,Leaf Rust,excluded_pattern,,
ethiopian cofee leaf dataset/train aug/Leaf rust/aug_0_8469.jpeg,Leaf Rust,excluded_pattern,,
ethiopian cofee leaf dataset/train aug/Leaf rust/aug_0_847.jpeg,Leaf Rust,excluded_pattern,,
ethiopian cofee leaf dataset/train aug/Leaf rust/aug_0_8477.jpeg,Leaf Rust,excluded_pattern,,
ethiopian cofee leaf dataset/train aug/Leaf rust/aug_0_8489.jpeg,Leaf Rust,excluded_pattern,,
ethiopian cofee leaf dataset/train aug/Leaf rust/aug_0_849.jpeg,Leaf Rust,excluded_pattern,,
ethiopian cofee leaf dataset/train aug/Leaf rust/aug_0_8493.jpeg,Leaf Rust,excluded_pattern,,
ethiopian cofee leaf dataset/train aug/Leaf rust/aug_0_8495.jpeg,Leaf Rust,excluded_pattern,,
ethiopian cofee leaf dataset/train aug/Leaf rust/aug_0_8497.jpeg,Leaf Rust,excluded_pattern,,
ethiopian cofee leaf dataset/train aug/Leaf rust/aug_0_8500.jpeg,Leaf Rust,excluded_pattern,,
ethiopian cofee leaf dataset/train aug/Leaf rust/aug_0_8501.jpeg,Leaf Rust,excluded_pattern,,
ethiopian cofee leaf dataset/train aug/Leaf rust/aug_0_8504.jpeg,Leaf Rust,excluded_pattern,,
ethiopian cofee leaf dataset/train aug/Leaf rust/aug_0_8505.jpeg,Leaf Rust,excluded_pattern,,
ethiopian cofee leaf dataset/train aug/Leaf rust/aug_0_8506.jpeg,Leaf Rust,excluded_pattern,,
ethiopian cofee leaf dataset/train aug/Leaf rust/aug_0_8507.jpeg,Leaf Rust,excluded_pattern,,
ethiopian cofee leaf dataset/train aug/Leaf rust/aug_0_8508.jpeg,Leaf Rust,excluded_pattern,,
ethiopian cofee leaf dataset/train aug/Leaf rust/aug_0_8511.jpeg,Leaf Rust,excluded_pattern,,
ethiopian cofee leaf dataset/train aug/Leaf rust/aug_0_8512.jpeg,Leaf Rust,excluded_pattern,,
ethiopian cofee leaf dataset/train aug/Leaf rust/aug_0_8514.jpeg,Leaf Rust,excluded_pattern,,
ethiopian cofee leaf dataset/train aug/Leaf rust/aug_0_8520.jpeg,Leaf Rust,excluded_pattern,,
ethiopian cofee leaf dataset/train aug/Leaf rust/aug_0_8525.jpeg,Leaf Rust,excluded_pattern,,
ethiopian cofee leaf dataset/train aug/Leaf rust/aug_0_8527.jpeg,Leaf Rust,excluded_pattern,,
ethiopian cofee leaf dataset/train aug/Leaf rust/aug_0_8535.jpeg,Leaf Rust,excluded_pattern,,
ethiopian cofee leaf dataset/train aug/Leaf rust/aug_0_8542.jpeg,Leaf Rust,excluded_pattern,,
ethiopian cofee leaf dataset/train aug/Leaf rust/aug_0_8543.jpeg,Leaf Rust,excluded_pattern,,
ethiopian cofee leaf dataset/train aug/Leaf rust/aug_0_8544.jpeg,Leaf Rust,excluded_pattern,,
ethiopian cofee leaf dataset/train aug/Leaf rust/aug_0_8545.jpeg,Leaf Rust,excluded_pattern,,
ethiopian cofee leaf dataset/train aug/Leaf rust/aug_0_8548.jpeg,Leaf Rust,excluded_pattern,,
ethiopian cofee leaf dataset/train aug/Leaf rust/aug_0_8549.jpeg,Leaf Rust,excluded_pattern,,
ethiopian cofee leaf dataset/train aug/Leaf rust/aug_0_8552.jpeg,Leaf Rust,excluded_pattern,,
ethiopian cofee leaf dataset/train aug/Leaf rust/aug_0_8553.jpeg,Leaf Rust,excluded_pattern,,
ethiopian cofee leaf dataset/train aug/Leaf rust/aug_0_8554.jpeg,Leaf Rust,excluded_pattern,,
ethiopian cofee leaf dataset/train aug/Leaf rust/aug_0_8556.jpeg,Leaf Rust,excluded_pattern,,
ethiopian cofee leaf dataset/train aug/Leaf rust/aug_0_8562.jpeg,Leaf Rust,excluded_pattern,,
ethiopian cofee leaf dataset/train aug/Leaf rust/aug_0_8565.jpeg,Leaf Rust,excluded_pattern,,
ethiopian cofee leaf dataset/train aug/Leaf rust/aug_0_8566.jpeg,Leaf Rust,excluded_pattern,,
ethiopian cofee leaf dataset/train aug/Leaf rust/aug_0_8569.jpeg,Leaf Rust,excluded_pattern,,
ethiopian cofee leaf dataset/train aug/Leaf rust/aug_0_8573.jpeg,Leaf Rust,excluded_pattern,,
ethiopian cofee leaf dataset/train aug/Leaf rust/aug_0_8578.jpeg,Leaf Rust,excluded_pattern,,
ethiopian cofee leaf dataset/train aug/Leaf rust/aug_0_858.jpeg,Leaf Rust,excluded_pattern,,
ethiopian cofee leaf dataset/train aug/Leaf rust/aug_0_8583.jpeg,Leaf Rust,excluded_pattern,,
ethiopian cofee leaf dataset/train aug/Leaf rust/aug_0_8585.jpeg,Leaf Rust,excluded_pattern,,
ethiopian cofee leaf dataset/train aug/Leaf rust/aug_0_8586.jpeg,Leaf Rust,excluded_pattern,,
ethiopian cofee leaf dataset/train aug/Leaf rust/aug_0_8587.jpeg,Leaf Rust,excluded_pattern,,
ethiopian cofee leaf dataset/train aug/Leaf rust/aug_0_8588.jpeg,Leaf Rust,excluded_pattern,,
ethiopian cofee leaf dataset/train aug/Leaf rust/aug_0_8590.jpeg,Leaf Rust,excluded_pattern,,
ethiopian cofee leaf dataset/train aug/Leaf rust/aug_0_8595.jpeg,Leaf Rust,excluded_pattern,,
ethiopian cofee leaf dataset/train aug/Leaf rust/aug_0_8598.jpeg,Leaf Rust,excluded_pattern,,
ethiopian cofee leaf dataset/train aug/Leaf rust/aug_0_8599.jpeg,Leaf Rust,excluded_pattern,,
ethiopian cofee leaf dataset/train aug/Leaf rust/aug_0_860.jpeg,Leaf Rust,excluded_pattern,,
ethiopian cofee leaf dataset/train aug/Leaf rust/aug_0_8604.jpeg,Leaf Rust,excluded_pattern,,
ethiopian cofee leaf dataset/train aug/Leaf rust/aug_0_8610.jpeg,Leaf Rust,excluded_pattern,,
ethiopian cofee leaf dataset/train aug/Leaf rust/aug_0_8612.jpeg,Leaf Rust,excluded_pattern,,
ethiopian cofee leaf dataset/train aug/Leaf rust/aug_0_8614.jpeg,Leaf Rust,excluded_pattern,,
ethiopian cofee leaf dataset/train aug/Leaf rust/aug_0_8615.jpeg,Leaf Rust,excluded_pattern,,
ethiopian cofee leaf dataset/train aug/Leaf rust/aug_0_8616.jpeg,Leaf Rust,excluded_pattern,,
ethiopian cofee leaf dataset/train aug/Leaf rust/aug_0_8617.jpeg,Leaf Rust,excluded_pattern,,
ethiopian cofee leaf dataset/train aug/Leaf rust/aug_0_862.jpeg,Leaf Rust,excluded_pattern,,
ethiopian cofee leaf dataset/train aug/Leaf rust/aug_0_8620.jpeg,Leaf Rust,excluded_pattern,,
ethiopian cofee leaf dataset/train aug/Leaf rust/aug_0_8621.jpeg,Leaf Rust,excluded_pattern,,
ethiopian cofee leaf dataset/train aug/Leaf rust/aug_0_8622.jpeg,Leaf Rust,excluded_pattern,,
ethiopian cofee leaf dataset/train aug/Leaf rust/aug_0_8628.jpeg,Leaf Rust,excluded_pattern,,
ethiopian cofee leaf dataset/train aug/Leaf rust/aug_0_863.jpeg,Leaf Rust,excluded_pattern,,
ethiopian cofee leaf dataset/train aug/Leaf rust/aug_0_8631.jpeg,Leaf Rust,excluded_pattern,,
ethiopian cofee leaf dataset/train aug/Leaf rust/aug_0_8632.jpeg,Leaf Rust,excluded_pattern,,
ethiopian cofee leaf dataset/train aug/Leaf rust/aug_0_8633.jpeg,Leaf Rust,excluded_pattern,,
ethiopian cofee leaf dataset/train aug/Leaf rust/aug_0_8641.jpeg,Leaf Rust,excluded_pattern,,
ethiopian cofee leaf dataset/train aug/Leaf rust/aug_0_8646.jpeg,Leaf Rust,excluded_pattern,,
ethiopian cofee leaf dataset/train aug/Leaf rust/aug_0_865.jpeg,Leaf Rust,excluded_pattern,,
ethiopian cofee leaf dataset/train aug/Leaf rust/aug_0_8655.jpeg,Leaf Rust,excluded_pattern,,
ethiopian cofee leaf dataset/train aug/Leaf rust/aug_0_8664.jpeg,Leaf Rust,excluded_pattern,,
ethiopian cofee leaf dataset/train aug/Leaf rust/aug_0_8670.jpeg,Leaf Rust,excluded_pattern,,
ethiopian cofee leaf dataset/train aug/Leaf rust/aug_0_8675.jpeg,Leaf Rust,excluded_pattern,,
ethiopian cofee leaf dataset/train aug/Leaf rust/aug_0_8679.jpeg,Leaf Rust,excluded_pattern,,
ethiopian cofee leaf dataset/train aug/Leaf rust/aug_0_8680.jpeg,Leaf Rust,excluded_pattern,,
ethiopian cofee leaf dataset/train aug/Leaf rust/aug_0_8684.jpeg,Leaf Rust,excluded_pattern,,
ethiopian cofee leaf dataset/train aug/Leaf rust/aug_0_8686.jpeg,Leaf Rust,excluded_pattern,,
ethiopian cofee leaf dataset/train aug/Leaf rust/aug_0_8691.jpeg,Leaf Rust,excluded_pattern,,
ethiopian cofee leaf dataset/train aug/Leaf rust/aug_0_8694.jpeg,Leaf Rust,excluded_pattern,,
ethiopian cofee leaf dataset/train aug/Leaf rust/aug_0_8696.jpeg,Leaf Rust,excluded_pattern,,
ethiopian cofee leaf dataset/train aug/Leaf rust/aug_0_8697.jpeg,Leaf Rust,excluded_pattern,,
ethiopian cofee leaf dataset/train aug/Leaf rust/aug_0_870.jpeg,Leaf Rust,excluded_pattern,,
ethiopian cofee leaf dataset/train aug/Leaf rust/aug_0_8702.jpeg,Leaf Rust,excluded_pattern,,
ethiopian cofee leaf dataset/train aug/Leaf rust/aug_0_8707.jpeg,Leaf Rust,excluded_pattern,,
ethiopian cofee leaf dataset/train aug/Leaf rust/aug_0_871.jpeg,Leaf Rust,excluded_pattern,,
ethiopian cofee leaf dataset/train aug/Leaf rust/aug_0_8710.jpeg,Leaf Rust,excluded_pattern,,
ethiopian cofee leaf dataset/train aug/Leaf rust/aug_0_8713.jpeg,Leaf Rust,excluded_pattern,,
ethiopian cofee leaf dataset/train aug/Leaf rust/aug_0_8717.jpeg,Leaf Rust,excluded_pattern,,
ethiopian cofee leaf dataset/train aug/Leaf rust/aug_0_8719.jpeg,Leaf Rust,excluded_pattern,,
ethiopian cofee leaf dataset/train aug/Leaf rust/aug_0_872.jpeg,Leaf Rust,excluded_pattern,,
ethiopian cofee leaf dataset/train aug/Leaf rust/aug_0_8720.jpeg,Leaf Rust,excluded_pattern,,
ethiopian cofee leaf dataset/train aug/Leaf rust/aug_0_8725.jpeg,Leaf Rust,excluded_pattern,,
ethiopian cofee leaf dataset/train aug/Leaf rust/aug_0_8731.jpeg,Leaf Rust,excluded_pattern,,
ethiopian cofee leaf dataset/train aug/Leaf rust/aug_0_8737.jpeg,Leaf Rust,excluded_pattern,,
ethiopian cofee leaf dataset/train aug/Leaf rust/aug_0_8738.jpeg,Leaf Rust,excluded_pattern,,
ethiopian cofee leaf dataset/train aug/Leaf rust/aug_0_8739.jpeg,Leaf Rust,excluded_pattern,,
ethiopian cofee leaf dataset/train aug/Leaf rust/aug_0_8742.jpeg,Leaf Rust,excluded_pattern,,
ethiopian cofee leaf dataset/train aug/Leaf rust/aug_0_8743.jpeg,Leaf Rust,excluded_pattern,,
ethiopian cofee leaf dataset/train aug/Leaf rust/aug_0_876.jpeg,Leaf Rust,excluded_pattern,,
ethiopian cofee leaf dataset/train aug/Leaf rust/aug_0_8760.jpeg,Leaf Rust,excluded_pattern,,
ethiopian cofee leaf dataset/train aug/Leaf rust/aug_0_8761.jpeg,Leaf Rust,excluded_pattern,,
ethiopian cofee leaf dataset/train aug/Leaf rust/aug_0_8765.jpeg,Leaf Rust,excluded_pattern,,
ethiopian cofee leaf dataset/train aug/Leaf rust/aug_0_8766.jpeg,Leaf Rust,excluded_pattern,,
ethiopian cofee leaf dataset/train aug/Leaf rust/aug_0_8774.jpeg,Leaf Rust,excluded_pattern,,
ethiopian cofee leaf dataset/train aug/Leaf rust/aug_0_8775.jpeg,Leaf Rust,excluded_pattern,,
ethiopian cofee leaf dataset/train aug/Leaf rust/aug_0_8779.jpeg,Leaf Rust,excluded_pattern,,
ethiopian cofee leaf dataset/train aug/Leaf rust/aug_0_8780.jpeg,Leaf Rust,excluded_pattern,,
ethiopian cofee leaf dataset/train aug/Leaf rust/aug_0_8782.jpeg,Leaf Rust,excluded_pattern,,
ethiopian cofee leaf dataset/train aug/Leaf rust/aug_0_8786.jpeg,Leaf Rust,excluded_pattern,,
ethiopian cofee leaf dataset/train aug/Leaf rust/aug_0_8787.jpeg,Leaf Rust,excluded_pattern,,
ethiopian cofee leaf dataset/train aug/Leaf rust/aug_0_8790.jpeg,Leaf Rust,excluded_pattern,,
ethiopian cofee leaf dataset/train aug/Leaf rust/aug_0_8792.jpeg,Leaf Rust,excluded_pattern,,
ethiopian cofee leaf dataset/train aug/Leaf rust/aug_0_8799.jpeg,Leaf Rust,excluded_pattern,,
ethiopian cofee leaf dataset/train aug/Leaf rust/aug_0_8800.jpeg,Leaf Rust,excluded_pattern,,
ethiopian cofee leaf dataset/train aug/Leaf rust/aug_0_8801.jpeg,Leaf Rust,excluded_pattern,,
ethiopian cofee leaf dataset/train aug/Leaf rust/aug_0_8806.jpeg,Leaf Rust,excluded_pattern,,
ethiopian cofee leaf dataset/train aug/Leaf rust/aug_0_8808.jpeg,Leaf Rust,excluded_pattern,,
ethiopian cofee leaf dataset/train aug/Leaf rust/aug_0_8812.jpeg,Leaf Rust,excluded_pattern,,
ethiopian cofee leaf dataset/train aug/Leaf rust/aug_0_8814.jpeg,Leaf Rust,excluded_pattern,,
ethiopian cofee leaf dataset/train aug/Leaf rust/aug_0_8815.jpeg,Leaf Rust,excluded_pattern,,
ethiopian cofee leaf dataset/train aug/Leaf rust/aug_0_8821.jpeg,Leaf Rust,excluded_pattern,,
ethiopian cofee leaf dataset/train aug/Leaf rust/aug_0_8823.jpeg,Leaf Rust,excluded_pattern,,
ethiopian cofee leaf dataset/train aug/Leaf rust/aug_0_8824.jpeg,Leaf Rust,excluded_pattern,,
ethiopian cofee leaf dataset/train aug/Leaf rust/aug_0_8825.jpeg,Leaf Rust,excluded_pattern,,
ethiopian cofee leaf dataset/train aug/Leaf rust/aug_0_8826.jpeg,Leaf Rust,excluded_pattern,,
ethiopian cofee leaf dataset/train aug/Leaf rust/aug_0_8829.jpeg,Leaf Rust,excluded_pattern,,
ethiopian cofee leaf dataset/train aug/Leaf rust/aug_0_8830.jpeg,Leaf Rust,excluded_pattern,,
ethiopian cofee leaf dataset/train aug/Leaf rust/aug_0_8833.jpeg,Leaf Rust,excluded_pattern,,
ethiopian cofee leaf dataset/train aug/Leaf rust/aug_0_884.jpeg,Leaf Rust,excluded_pattern,,
ethiopian cofee leaf dataset/train aug/Leaf rust/aug_0_8841.jpeg,Leaf Rust,excluded_pattern,,
ethiopian cofee leaf dataset/train aug/Leaf rust/aug_0_8843.jpeg,Leaf Rust,excluded_pattern,,
ethiopian cofee leaf dataset/train aug/Leaf rust/aug_0_8849.jpeg,Leaf Rust,excluded_pattern,,
ethiopian cofee leaf dataset/train aug/Leaf rust/aug_0_8850.jpeg,Leaf Rust,excluded_pattern,,
ethiopian cofee leaf dataset/train aug/Leaf rust/aug_0_8851.jpeg,Leaf Rust,excluded_pattern,,
ethiopian cofee leaf dataset/train aug/Leaf rust/aug_0_8852.jpeg,Leaf Rust,excluded_pattern,,
ethiopian cofee leaf dataset/train aug/Leaf rust/aug_0_8856.jpeg,Leaf Rust,excluded_pattern,,
ethiopian cofee leaf dataset/train aug/Leaf rust/aug_0_8859.jpeg,Leaf Rust,excluded_pattern,,
ethiopian cofee leaf dataset/train aug/Leaf rust/aug_0_8861.jpeg,Leaf Rust,excluded_pattern,,
ethiopian cofee leaf dataset/train aug/Leaf rust/aug_0_8867.jpeg,Leaf Rust,excluded_pattern,,
ethiopian cofee leaf dataset/train aug/Leaf rust/aug_0_887.jpeg,Leaf Rust,excluded_pattern,,
ethiopian cofee leaf dataset/train aug/Leaf rust/aug_0_8870.jpeg,Leaf Rust,excluded_pattern,,
ethiopian cofee leaf dataset/train aug/Leaf rust/aug_0_8871.jpeg,Leaf Rust,excluded_pattern,,
ethiopian cofee leaf dataset/train aug/Leaf rust/aug_0_8873.jpeg,Leaf Rust,excluded_pattern,,
ethiopian cofee leaf dataset/train aug/Leaf rust/aug_0_8878.jpeg,Leaf Rust,excluded_pattern,,
ethiopian cofee leaf dataset/train aug/Leaf rust/aug_0_8879.jpeg,Leaf Rust,excluded_pattern,,
ethiopian cofee leaf dataset/train aug/Leaf rust/aug_0_8887.jpeg,Leaf Rust,excluded_pattern,,
ethiopian cofee leaf dataset/train aug/Leaf rust/aug_0_8888.jpeg,Leaf Rust,excluded_pattern,,
ethiopian cofee leaf dataset/train aug/Leaf rust/aug_0_8890.jpeg,Leaf Rust,excluded_pattern,,
ethiopian cofee leaf dataset/train aug/Leaf rust/aug_0_8895.jpeg,Leaf Rust,excluded_pattern,,
ethiopian cofee leaf dataset/train aug/Leaf rust/aug_0_890.jpeg,Leaf Rust,excluded_pattern,,
ethiopian cofee leaf dataset/train aug/Leaf rust/aug_0_8901.jpeg,Leaf Rust,excluded_pattern,,
ethiopian cofee leaf dataset/train aug/Leaf rust/aug_0_8904.jpeg,Leaf Rust,excluded_pattern,,
ethiopian cofee leaf dataset/train aug/Leaf rust/aug_0_8905.jpeg,Leaf Rust,excluded_pattern,,
ethiopian cofee leaf dataset/train aug/Leaf rust/aug_0_891.jpeg,Leaf Rust,excluded_pattern,,
ethiopian cofee leaf dataset/train aug/Leaf rust/aug_0_8919.jpeg,Leaf Rust,excluded_pattern,,
ethiopian cofee leaf dataset/train aug/Leaf rust/aug_0_8923.jpeg,Leaf Rust,excluded_pattern,,
ethiopian cofee leaf dataset/train aug/Leaf rust/aug_0_8925.jpeg,Leaf Rust,excluded_pattern,,
ethiopian cofee leaf dataset/train aug/Leaf rust/aug_0_8928.jpeg,Leaf Rust,excluded_pattern,,
ethiopian cofee leaf dataset/train aug/Leaf rust/aug_0_8941.jpeg,Leaf Rust,excluded_pattern,,
ethiopian cofee leaf dataset/train aug/Leaf rust/aug_0_8945.jpeg,Leaf Rust,excluded_pattern,,
ethiopian cofee leaf dataset/train aug/Leaf rust/aug_0_8947.jpeg,Leaf Rust,excluded_pattern,,
ethiopian cofee leaf dataset/train aug/Leaf rust/aug_0_895.jpeg,Leaf Rust,excluded_pattern,,
ethiopian cofee leaf dataset/train aug/Leaf rust/aug_0_8959.jpeg,Leaf Rust,excluded_pattern,,
ethiopian cofee leaf dataset/train aug/Leaf rust/aug_0_8969.jpeg,Leaf Rust,excluded_pattern,,
ethiopian cofee leaf dataset/train aug/Leaf rust/aug_0_8974.jpeg,Leaf Rust,excluded_pattern,,
ethiopian cofee leaf dataset/train aug/Leaf rust/aug_0_8977.jpeg,Leaf Rust,excluded_pattern,,
ethiopian cofee leaf dataset/train aug/Leaf rust/aug_0_8978.jpeg,Leaf Rust,excluded_pattern,,
ethiopian cofee leaf dataset/train aug/Leaf rust/aug_0_8982.jpeg,Leaf Rust,excluded_pattern,,
ethiopian cofee leaf dataset/train aug/Leaf rust/aug_0_8983.jpeg,Leaf Rust,excluded_pattern,,
ethiopian cofee leaf dataset/train aug/Leaf rust/aug_0_8987.jpeg,Leaf Rust,excluded_pattern,,
ethiopian cofee leaf dataset/train aug/Leaf rust/aug_0_8990.jpeg,Leaf Rust,excluded_pattern,,
ethiopian cofee leaf dataset/train aug/Leaf rust/aug_0_8993.jpeg,Leaf Rust,excluded_pattern,,
ethiopian cofee leaf dataset/train aug/Leaf rust/aug_0_8995.jpeg,Leaf Rust,excluded_pattern,,
ethiopian cofee leaf dataset/train aug/Leaf rust/aug_0_8998.jpeg,Leaf Rust,excluded_pattern,,
ethiopian cofee leaf dataset/train aug/Leaf rust/aug_0_9004.jpeg,Leaf Rust,excluded_pattern,,
ethiopian cofee leaf dataset/train aug/Leaf rust/aug_0_901.jpeg,Leaf Rust,excluded_pattern,,
ethiopian cofee leaf dataset/train aug/Leaf rust/aug_0_9012.jpeg,Leaf Rust,excluded_pattern,,
ethiopian cofee leaf dataset/train aug/Leaf rust/aug_0_9013.jpeg,Leaf Rust,excluded_pattern,,
ethiopian cofee leaf dataset/train aug/Leaf rust/aug_0_9014.jpeg,Leaf Rust,excluded_pattern,,
ethiopian cofee leaf dataset/train aug/Leaf rust/aug_0_9019.jpeg,Leaf Rust,excluded_pattern,,
ethiopian cofee leaf dataset/train aug/Leaf rust/aug_0_902.jpeg,Leaf Rust,excluded_pattern,,
ethiopian cofee leaf dataset/train aug/Leaf rust/aug_0_9023.jpeg,Leaf Rust,excluded_pattern,,
ethiopian cofee leaf dataset/train aug/Leaf rust/aug_0_9025.jpeg,Leaf Rust,excluded_pattern,,
ethiopian cofee leaf dataset/train aug/Leaf rust/aug_0_9028.jpeg,Leaf Rust,excluded_pattern,,
ethiopian cofee leaf dataset/train aug/Leaf rust/aug_0_903.jpeg,Leaf Rust,excluded_pattern,,
ethiopian cofee leaf dataset/train aug/Leaf rust/aug_0_9031.jpeg,Leaf Rust,excluded_pattern,,
ethiopian cofee leaf dataset/train aug/Leaf rust/aug_0_9032.jpeg,Leaf Rust,excluded_pattern,,
ethiopian cofee leaf dataset/train aug/Leaf rust/aug_0_9034.jpeg,Leaf Rust,excluded_pattern,,
ethiopian cofee leaf dataset/train aug/Leaf rust/aug_0_9036.jpeg,Leaf Rust,excluded_pattern,,
ethiopian cofee leaf dataset/train aug/Leaf rust/aug_0_9040.jpeg,Leaf Rust,excluded_pattern,,
ethiopian cofee leaf dataset/train aug/Leaf rust/aug_0_9041.jpeg,Leaf Rust,excluded_pattern,,
ethiopian cofee leaf dataset/train aug/Leaf rust/aug_0_9045.jpeg,Leaf Rust,excluded_pattern,,
ethiopian cofee leaf dataset/train aug/Leaf rust/aug_0_9046.jpeg,Leaf Rust,excluded_pattern,,
ethiopian cofee leaf dataset/train aug/Leaf rust/aug_0_9047.jpeg,Leaf Rust,excluded_pattern,,
ethiopian cofee leaf dataset/train aug/Leaf rust/aug_0_9048.jpeg,Leaf Rust,excluded_pattern,,
ethiopian cofee leaf dataset/train aug/Leaf rust/aug_0_9056.jpeg,Leaf Rust,excluded_pattern,,
ethiopian cofee leaf dataset/train aug/Leaf rust/aug_0_9057.jpeg,Leaf Rust,excluded_pattern,,
ethiopian cofee leaf dataset/train aug/Leaf rust/aug_0_9058.jpeg,Leaf Rust,excluded_pattern,,
ethiopian cofee leaf dataset/train aug/Leaf rust/aug_0_9060.jpeg,Leaf Rust,excluded_pattern,,
ethiopian cofee leaf dataset/train aug/Leaf rust/aug_0_9062.jpeg,Leaf Rust,excluded_pattern,,
ethiopian cofee leaf dataset/train aug/Leaf rust/aug_0_9063.jpeg,Leaf Rust,excluded_pattern,,
ethiopian cofee leaf dataset/train aug/Leaf rust/aug_0_9068.jpeg,Leaf Rust,excluded_pattern,,
ethiopian cofee leaf dataset/train aug/Leaf rust/aug_0_9069.jpeg,Leaf Rust,excluded_pattern,,
ethiopian cofee leaf dataset/train aug/Leaf rust/aug_0_9070.jpeg,Leaf Rust,excluded_pattern,,
ethiopian cofee leaf dataset/train aug/Leaf rust/aug_0_9074.jpeg,Leaf Rust,excluded_pattern,,
ethiopian cofee leaf dataset/train aug/Leaf rust/aug_0_9084.jpeg,Leaf Rust,excluded_pattern,,
ethiopian cofee leaf dataset/train aug/Leaf rust/aug_0_9086.jpeg,Leaf Rust,excluded_pattern,,
ethiopian cofee leaf dataset/train aug/Leaf rust/aug_0_9087.jpeg,Leaf Rust,excluded_pattern,,
ethiopian cofee leaf dataset/train aug/Leaf rust/aug_0_9088.jpeg,Leaf Rust,excluded_pattern,,
ethiopian cofee leaf dataset/train aug/Leaf rust/aug_0_909.jpeg,Leaf Rust,excluded_pattern,,
ethiopian cofee leaf dataset/train aug/Leaf rust/aug_0_9092.jpeg,Leaf Rust,excluded_pattern,,
ethiopian cofee leaf dataset/train aug/Leaf rust/aug_0_9093.jpeg,Leaf Rust,excluded_pattern,,
ethiopian cofee leaf dataset/train aug/Leaf rust/aug_0_9097.jpeg,Leaf Rust,excluded_pattern,,
ethiopian cofee leaf dataset/train aug/Leaf rust/aug_0_9099.jpeg,Leaf Rust,excluded_pattern,,
ethiopian cofee leaf dataset/train aug/Leaf rust/aug_0_9105.jpeg,Leaf Rust,excluded_pattern,,
ethiopian cofee leaf dataset/train aug/Leaf rust/aug_0_9107.jpeg,Leaf Rust,excluded_pattern,,
ethiopian cofee leaf dataset/train aug/Leaf rust/aug_0_911.jpeg,Leaf Rust,excluded_pattern,,
ethiopian cofee leaf dataset/train aug/Leaf rust/aug_0_9112.jpeg,Leaf Rust,excluded_pattern,,
ethiopian cofee leaf dataset/train aug/Leaf rust/aug_0_9114.jpeg,Leaf Rust,excluded_pattern,,
ethiopian cofee leaf dataset/train aug/Leaf rust/aug_0_9116.jpeg,Leaf Rust,excluded_pattern,,
ethiopian cofee leaf dataset/train aug/Leaf rust/aug_0_9120.jpeg,Leaf Rust,excluded_pattern,,
ethiopian cofee leaf dataset/train aug/Leaf rust/aug_0_9121.jpeg,Leaf Rust,excluded_pattern,,
ethiopian cofee leaf dataset/train aug/Leaf rust/aug_0_9128.jpeg,Leaf Rust,excluded_pattern,,
ethiopian cofee leaf dataset/train aug/Leaf rust/aug_0_913.jpeg,Leaf Rust,excluded_pattern,,
ethiopian cofee leaf dataset/train aug/Leaf rust/aug_0_9132.jpeg,Leaf Rust,excluded_pattern,,
ethiopian cofee leaf dataset/train aug/Leaf rust/aug_0_9133.jpeg,Leaf Rust,excluded_pattern,,
ethiopian cofee leaf dataset/train aug/Leaf rust/aug_0_914.jpeg,Leaf Rust,excluded_pattern,,
ethiopian cofee leaf dataset/train aug/Leaf rust/aug_0_9141.jpeg,Leaf Rust,excluded_pattern,,
ethiopian cofee leaf dataset/train aug/Leaf rust/aug_0_9142.jpeg,Leaf Rust,excluded_pattern,,
ethiopian cofee leaf dataset/train aug/Leaf rust/aug_0_9144.jpeg,Leaf Rust,excluded_pattern,,
ethiopian cofee leaf dataset/train aug/Leaf rust/aug_0_9145.jpeg,Leaf Rust,excluded_pattern,,
ethiopian cofee leaf dataset/train aug/Leaf rust/aug_0_9149.jpeg,Leaf Rust,excluded_pattern,,
ethiopian cofee leaf dataset/train aug/Leaf rust/aug_0_915.jpeg,Leaf Rust,excluded_pattern,,
ethiopian cofee leaf dataset/train aug/Leaf rust/aug_0_9160.jpeg,Leaf Rust,excluded_pattern,,
ethiopian cofee leaf dataset/train aug/Leaf rust/aug_0_9161.jpeg,Leaf Rust,excluded_pattern,,
ethiopian cofee leaf dataset/train aug/Leaf rust/aug_0_9163.jpeg,Leaf Rust,excluded_pattern,,
ethiopian cofee leaf dataset/train aug/Leaf rust/aug_0_9165.jpeg,Leaf Rust,excluded_pattern,,
ethiopian cofee leaf dataset/train aug/Leaf rust/aug_0_9166.jpeg,Leaf Rust,excluded_pattern,,
ethiopian cofee leaf dataset/train aug/Leaf rust/aug_0_9177.jpeg,Leaf Rust,excluded_pattern,,
ethiopian cofee leaf dataset/train aug/Leaf rust/aug_0_9178.jpeg,Leaf Rust,excluded_pattern,,
ethiopian cofee leaf dataset/train aug/Leaf rust/aug_0_9179.jpeg,Leaf Rust,excluded_pattern,,
ethiopian cofee leaf dataset/train aug/Leaf rust/aug_0_9190.jpeg,Leaf Rust,excluded_pattern,,
ethiopian cofee leaf dataset/train aug/Leaf rust/aug_0_9195.jpeg,Leaf Rust,excluded_pattern,,
ethiopian cofee leaf dataset/train aug/Leaf rust/aug_0_9203.jpeg,Leaf Rust,excluded_pattern,,
ethiopian cofee leaf dataset/train aug/Leaf rust/aug_0_9208.jpeg,Leaf Rust,excluded_pattern,,
ethiopian cofee leaf dataset/train aug/Leaf rust/aug_0_921.jpeg,Leaf Rust,excluded_pattern,,
ethiopian cofee leaf dataset/train aug/Leaf rust/aug_0_9211.jpeg,Leaf Rust,excluded_pattern,,
ethiopian cofee leaf dataset/train aug/Leaf rust/aug_0_9212.jpeg,Leaf Rust,excluded_pattern,,
ethiopian cofee leaf dataset/train aug/Leaf rust/aug_0_9213.jpeg,Leaf Rust,excluded_pattern,,
ethiopian cofee leaf dataset/train aug/Leaf rust/aug_0_9215.jpeg,Leaf Rust,excluded_pattern,,
ethiopian cofee leaf dataset/train aug/Leaf rust/aug_0_9216.jpeg,Leaf Rust,excluded_pattern,,
ethiopian cofee leaf dataset/train aug/Leaf rust/aug_0_9218.jpeg,Leaf Rust,excluded_pattern,,
ethiopian cofee leaf dataset/train aug/Leaf rust/aug_0_9219.jpeg,Leaf Rust,excluded_pattern,,
ethiopian cofee leaf dataset/train aug/Leaf rust/aug_0_9222.jpeg,Leaf Rust,excluded_pattern,,
ethiopian cofee leaf dataset/train aug/Leaf rust/aug_0_923.jpeg,Leaf Rust,excluded_pattern,,
ethiopian cofee leaf dataset/train aug/Leaf rust/aug_0_9230.jpeg,Leaf Rust,excluded_pattern,,
ethiopian cofee leaf dataset/train aug/Leaf rust/aug_0_9234.jpeg,Leaf Rust,excluded_pattern,,
ethiopian cofee leaf dataset/train aug/Leaf rust/aug_0_9236.jpeg,Leaf Rust,excluded_pattern,,
ethiopian cofee leaf dataset/train aug/Leaf rust/aug_0_9239.jpeg,Leaf Rust,excluded_pattern,,
ethiopian cofee leaf dataset/train aug/Leaf rust/aug_0_9241.jpeg,Leaf Rust,excluded_pattern,,
ethiopian cofee leaf dataset/train aug/Leaf rust/aug_0_9246.jpeg,Leaf Rust,excluded_pattern,,
ethiopian cofee leaf dataset/train aug/Leaf rust/aug_0_9247.jpeg,Leaf Rust,excluded_pattern,,
ethiopian cofee leaf dataset/train aug/Leaf rust/aug_0_9248.jpeg,Leaf Rust,excluded_pattern,,
ethiopian cofee leaf dataset/train aug/Leaf rust/aug_0_9251.jpeg,Leaf Rust,excluded_pattern,,
ethiopian cofee leaf dataset/train aug/Leaf rust/aug_0_9252.jpeg,Leaf Rust,excluded_pattern,,
ethiopian cofee leaf dataset/train aug/Leaf rust/aug_0_9253.jpeg,Leaf Rust,excluded_pattern,,
ethiopian cofee leaf dataset/train aug/Leaf rust/aug_0_9254.jpeg,Leaf Rust,excluded_pattern,,
ethiopian cofee leaf dataset/train aug/Leaf rust/aug_0_9256.jpeg,Leaf Rust,excluded_pattern,,
ethiopian cofee leaf dataset/train aug/Leaf rust/aug_0_9258.jpeg,Leaf Rust,excluded_pattern,,
ethiopian cofee leaf dataset/train aug/Leaf rust/aug_0_9261.jpeg,Leaf Rust,excluded_pattern,,
ethiopian cofee leaf dataset/train aug/Leaf rust/aug_0_9263.jpeg,Leaf Rust,excluded_pattern,,
ethiopian cofee leaf dataset/train aug/Leaf rust/aug_0_9266.jpeg,Leaf Rust,excluded_pattern,,
ethiopian cofee leaf dataset/train aug/Leaf rust/aug_0_9267.jpeg,Leaf Rust,excluded_pattern,,
ethiopian cofee leaf dataset/train aug/Leaf rust/aug_0_9272.jpeg,Leaf Rust,excluded_pattern,,
ethiopian cofee leaf dataset/train aug/Leaf rust/aug_0_9273.jpeg,Leaf Rust,excluded_pattern,,
ethiopian cofee leaf dataset/train aug/Leaf rust/aug_0_9277.jpeg,Leaf Rust,excluded_pattern,,
ethiopian cofee leaf dataset/train aug/Leaf rust/aug_0_9279.jpeg,Leaf Rust,excluded_pattern,,
ethiopian cofee leaf dataset/train aug/Leaf rust/aug_0_9281.jpeg,Leaf Rust,excluded_pattern,,
ethiopian cofee leaf dataset/train aug/Leaf rust/aug_0_9285.jpeg,Leaf Rust,excluded_pattern,,
ethiopian cofee leaf dataset/train aug/Leaf rust/aug_0_9291.jpeg,Leaf Rust,excluded_pattern,,
ethiopian cofee leaf dataset/train aug/Leaf rust/aug_0_9292.jpeg,Leaf Rust,excluded_pattern,,
ethiopian cofee leaf dataset/train aug/Leaf rust/aug_0_9298.jpeg,Leaf Rust,excluded_pattern,,
ethiopian cofee leaf dataset/train aug/Leaf rust/aug_0_9301.jpeg,Leaf Rust,excluded_pattern,,
ethiopian cofee leaf dataset/train aug/Leaf rust/aug_0_9304.jpeg,Leaf Rust,excluded_pattern,,
ethiopian cofee leaf dataset/train aug/Leaf rust/aug_0_9306.jpeg,Leaf Rust,excluded_pattern,,
ethiopian cofee leaf dataset/train aug/Leaf rust/aug_0_9307.jpeg,Leaf Rust,excluded_pattern,,
ethiopian cofee leaf dataset/train aug/Leaf rust/aug_0_9311.jpeg,Leaf Rust,excluded_pattern,,
ethiopian cofee leaf dataset/train aug/Leaf rust/aug_0_9314.jpeg,Leaf Rust,excluded_pattern,,
ethiopian cofee leaf dataset/train aug/Leaf rust/aug_0_9317.jpeg,Leaf Rust,excluded_pattern,,
ethiopian cofee leaf dataset/train aug/Leaf rust/aug_0_9319.jpeg,Leaf Rust,excluded_pattern,,
ethiopian cofee leaf dataset/train aug/Leaf rust/aug_0_9321.jpeg,Leaf Rust,excluded_pattern,,
ethiopian cofee leaf dataset/train aug/Leaf rust/aug_0_9324.jpeg,Leaf Rust,excluded_pattern,,
ethiopian cofee leaf dataset/train aug/Leaf rust/aug_0_9329.jpeg,Leaf Rust,excluded_pattern,,
ethiopian cofee leaf dataset/train aug/Leaf rust/aug_0_933.jpeg,Leaf Rust,excluded_pattern,,
ethiopian cofee leaf dataset/train aug/Leaf rust/aug_0_9334.jpeg,Leaf Rust,excluded_pattern,,
ethiopian cofee leaf dataset/train aug/Leaf rust/aug_0_9335.jpeg,Leaf Rust,excluded_pattern,,
ethiopian cofee leaf dataset/train aug/Leaf rust/aug_0_9338.jpeg,Leaf Rust,excluded_pattern,,
ethiopian cofee leaf dataset/train aug/Leaf rust/aug_0_934.jpeg,Leaf Rust,excluded_pattern,,
ethiopian cofee leaf dataset/train aug/Leaf rust/aug_0_9343.jpeg,Leaf Rust,excluded_pattern,,
ethiopian cofee leaf dataset/train aug/Leaf rust/aug_0_935.jpeg,Leaf Rust,excluded_pattern,,
ethiopian cofee leaf dataset/train aug/Leaf rust/aug_0_9350.jpeg,Leaf Rust,excluded_pattern,,
ethiopian cofee leaf dataset/train aug/Leaf rust/aug_0_9352.jpeg,Leaf Rust,excluded_pattern,,
ethiopian cofee leaf dataset/train aug/Leaf rust/aug_0_9356.jpeg,Leaf Rust,excluded_pattern,,
ethiopian cofee leaf dataset/train aug/Leaf rust/aug_0_9357.jpeg,Leaf Rust,excluded_pattern,,
ethiopian cofee leaf dataset/train aug/Leaf rust/aug_0_936.jpeg,Leaf Rust,excluded_pattern,,
ethiopian cofee leaf dataset/train aug/Leaf rust/aug_0_9365.jpeg,Leaf Rust,excluded_pattern,,
ethiopian cofee leaf dataset/train aug/Leaf rust/aug_0_9367.jpeg,Leaf Rust,excluded_pattern,,
ethiopian cofee leaf dataset/train aug/Leaf rust/aug_0_938.jpeg,Leaf Rust,excluded_pattern,,
ethiopian cofee leaf dataset/train aug/Leaf rust/aug_0_9382.jpeg,Leaf Rust,excluded_pattern,,
ethiopian cofee leaf dataset/train aug/Leaf rust/aug_0_9385.jpeg,Leaf Rust,excluded_pattern,,
ethiopian cofee leaf dataset/train aug/Leaf rust/aug_0_9389.jpeg,Leaf Rust,excluded_pattern,,
ethiopian cofee leaf dataset/train aug/Leaf rust/aug_0_9393.jpeg,Leaf Rust,excluded_pattern,,
ethiopian cofee leaf dataset/train aug/Leaf rust/aug_0_9402.jpeg,Leaf Rust,excluded_pattern,,
ethiopian cofee leaf dataset/train aug/Leaf rust/aug_0_9403.jpeg,Leaf Rust,excluded_pattern,,
ethiopian cofee leaf dataset/train aug/Leaf rust/aug_0_9406.jpeg,Leaf Rust,excluded_pattern,,
ethiopian cofee leaf dataset/train aug/Leaf rust/aug_0_9407.jpeg,Leaf Rust,excluded_pattern,,
ethiopian cofee leaf dataset/train aug/Leaf rust/aug_0_941.jpeg,Leaf Rust,excluded_pattern,,
ethiopian cofee leaf dataset/train aug/Leaf rust/aug_0_9410.jpeg,Leaf Rust,excluded_pattern,,
ethiopian cofee leaf dataset/train aug/Leaf rust/aug_0_9411.jpeg,Leaf Rust,excluded_pattern,,
ethiopian cofee leaf dataset/train aug/Leaf rust/aug_0_9412.jpeg,Leaf Rust,excluded_pattern,,
ethiopian cofee leaf dataset/train aug/Leaf rust/aug_0_9413.jpeg,Leaf Rust,excluded_pattern,,
ethiopian cofee leaf dataset/train aug/Leaf rust/aug_0_9415.jpeg,Leaf Rust,excluded_pattern,,
ethiopian cofee leaf dataset/train aug/Leaf rust/aug_0_9416.jpeg,Leaf Rust,excluded_pattern,,
ethiopian cofee leaf dataset/train aug/Leaf rust/aug_0_9418.jpeg,Leaf Rust,excluded_pattern,,
ethiopian cofee leaf dataset/train aug/Leaf rust/aug_0_9422.jpeg,Leaf Rust,excluded_pattern,,
ethiopian cofee leaf dataset/train aug/Leaf rust/aug_0_9423.jpeg,Leaf Rust,excluded_pattern,,
ethiopian cofee leaf dataset/train aug/Leaf rust/aug_0_9425.jpeg,Leaf Rust,excluded_pattern,,
ethiopian cofee leaf dataset/train aug/Leaf rust/aug_0_9429.jpeg,Leaf Rust,excluded_pattern,,
ethiopian cofee leaf dataset/train aug/Leaf rust/aug_0_943.jpeg,Leaf Rust,excluded_pattern,,
ethiopian cofee leaf dataset/train aug/Leaf rust/aug_0_9432.jpeg,Leaf Rust,excluded_pattern,,
ethiopian cofee leaf dataset/train aug/Leaf rust/aug_0_9433.jpeg,Leaf Rust,excluded_pattern,,
ethiopian cofee leaf dataset/train aug/Leaf rust/aug_0_9434.jpeg,Leaf Rust,excluded_pattern,,
ethiopian cofee leaf dataset/train aug/Leaf rust/aug_0_9435.jpeg,Leaf Rust,excluded_pattern,,
ethiopian cofee leaf dataset/train aug/Leaf rust/aug_0_9439.jpeg,Leaf Rust,excluded_pattern,,
ethiopian cofee leaf dataset/train aug/Leaf rust/aug_0_9441.jpeg,Leaf Rust,excluded_pattern,,
ethiopian cofee leaf dataset/train aug/Leaf rust/aug_0_9442.jpeg,Leaf Rust,excluded_pattern,,
ethiopian cofee leaf dataset/train aug/Leaf rust/aug_0_9450.jpeg,Leaf Rust,excluded_pattern,,
ethiopian cofee leaf dataset/train aug/Leaf rust/aug_0_9452.jpeg,Leaf Rust,excluded_pattern,,
ethiopian cofee leaf dataset/train aug/Leaf rust/aug_0_9453.jpeg,Leaf Rust,excluded_pattern,,
ethiopian cofee leaf dataset/train aug/Leaf rust/aug_0_9460.jpeg,Leaf Rust,excluded_pattern,,
ethiopian cofee leaf dataset/train aug/Leaf rust/aug_0_9461.jpeg,Leaf Rust,excluded_pattern,,
ethiopian cofee leaf dataset/train aug/Leaf rust/aug_0_9464.jpeg,Leaf Rust,excluded_pattern,,
ethiopian cofee leaf dataset/train aug/Leaf rust/aug_0_9465.jpeg,Leaf Rust,excluded_pattern,,
ethiopian cofee leaf dataset/train aug/Leaf rust/aug_0_9470.jpeg,Leaf Rust,excluded_pattern,,
ethiopian cofee leaf dataset/train aug/Leaf rust/aug_0_9475.jpeg,Leaf Rust,excluded_pattern,,
ethiopian cofee leaf dataset/train aug/Leaf rust/aug_0_9478.jpeg,Leaf Rust,excluded_pattern,,
ethiopian cofee leaf dataset/train aug/Leaf rust/aug_0_9483.jpeg,Leaf Rust,excluded_pattern,,
ethiopian cofee leaf dataset/train aug/Leaf rust/aug_0_9488.jpeg,Leaf Rust,excluded_pattern,,
ethiopian cofee leaf dataset/train aug/Leaf rust/aug_0_9494.jpeg,Leaf Rust,excluded_pattern,,
ethiopian cofee leaf dataset/train aug/Leaf rust/aug_0_9496.jpeg,Leaf Rust,excluded_pattern,,
ethiopian cofee leaf dataset/train aug/Leaf rust/aug_0_9498.jpeg,Leaf Rust,excluded_pattern,,
ethiopian cofee leaf dataset/train aug/Leaf rust/aug_0_9502.jpeg,Leaf Rust,excluded_pattern,,
ethiopian cofee leaf dataset/train aug/Leaf rust/aug_0_9508.jpeg,Leaf Rust,excluded_pattern,,
ethiopian cofee leaf dataset/train aug/Leaf rust/aug_0_9511.jpeg,Leaf Rust,excluded_pattern,,
ethiopian cofee leaf dataset/train aug/Leaf rust/aug_0_9513.jpeg,Leaf Rust,excluded_pattern,,
ethiopian cofee leaf dataset/train aug/Leaf rust/aug_0_9515.jpeg,Leaf Rust,excluded_pattern,,
ethiopian cofee leaf dataset/train aug/Leaf rust/aug_0_9518.jpeg,Leaf Rust,excluded_pattern,,
ethiopian cofee leaf dataset/train aug/Leaf rust/aug_0_952.jpeg,Leaf Rust,excluded_pattern,,
ethiopian cofee leaf dataset/train aug/Leaf rust/aug_0_9525.jpeg,Leaf Rust,excluded_pattern,,
ethiopian cofee leaf dataset/train aug/Leaf rust/aug_0_9526.jpeg,Leaf Rust,excluded_pattern,,
ethiopian cofee leaf dataset/train aug/Leaf rust/aug_0_9528.jpeg,Leaf Rust,excluded_pattern,,
ethiopian cofee leaf dataset/train aug/Leaf rust/aug_0_9530.jpeg,Leaf Rust,excluded_pattern,,
ethiopian cofee leaf dataset/train aug/Leaf rust/aug_0_9538.jpeg,Leaf Rust,excluded_pattern,,
ethiopian cofee leaf dataset/train aug/Leaf rust/aug_0_9543.jpeg,Leaf Rust,excluded_pattern,,
ethiopian cofee leaf dataset/train aug/Leaf rust/aug_0_9555.jpeg,Leaf Rust,excluded_pattern,,
ethiopian cofee leaf dataset/train aug/Leaf rust/aug_0_9557.jpeg,Leaf Rust,excluded_pattern,,
ethiopian cofee leaf dataset/train aug/Leaf rust/aug_0_9559.jpeg,Leaf Rust,excluded_pattern,,
ethiopian cofee leaf dataset/train aug/Leaf rust/aug_0_956.jpeg,Leaf Rust,excluded_pattern,,
ethiopian cofee leaf dataset/train aug/Leaf rust/aug_0_9564.jpeg,Leaf Rust,excluded_pattern,,
ethiopian cofee leaf dataset/train aug/Leaf rust/aug_0_9569.jpeg,Leaf Rust,excluded_pattern,,
ethiopian cofee leaf dataset/train aug/Leaf rust/aug_0_9571.jpeg,Leaf Rust,excluded_pattern,,
ethiopian cofee leaf dataset/train aug/Leaf rust/aug_0_9573.jpeg,Leaf Rust,excluded_pattern,,
ethiopian cofee leaf dataset/train aug/Leaf rust/aug_0_9579.jpeg,Leaf Rust,excluded_pattern,,
ethiopian cofee leaf dataset/train aug/Leaf rust/aug_0_9580.jpeg,Leaf Rust,excluded_pattern,,
ethiopian cofee leaf dataset/train aug/Leaf rust/aug_0_9581.jpeg,Leaf Rust,excluded_pattern,,
ethiopian cofee leaf dataset/train aug/Leaf rust/aug_0_9583.jpeg,Leaf Rust,excluded_pattern,,
ethiopian cofee leaf dataset/train aug/Leaf rust/aug_0_9584.jpeg,Leaf Rust,excluded_pattern,,
ethiopian cofee leaf dataset/train aug/Leaf rust/aug_0_9604.jpeg,Leaf Rust,excluded_pattern,,
ethiopian cofee leaf dataset/train aug/Leaf rust/aug_0_9606.jpeg,Leaf Rust,excluded_pattern,,
ethiopian cofee leaf dataset/train aug/Leaf rust/aug_0_9608.jpeg,Leaf Rust,excluded_pattern,,
ethiopian cofee leaf dataset/train aug/Leaf rust/aug_0_9611.jpeg,Leaf Rust,excluded_pattern,,
ethiopian cofee leaf dataset/train aug/Leaf rust/aug_0_9615.jpeg,Leaf Rust,excluded_pattern,,
ethiopian cofee leaf dataset/train aug/Leaf rust/aug_0_9624.jpeg,Leaf Rust,excluded_pattern,,
ethiopian cofee leaf dataset/train aug/Leaf rust/aug_0_963.jpeg,Leaf Rust,excluded_pattern,,
ethiopian cofee leaf dataset/train aug/Leaf rust/aug_0_9631.jpeg,Leaf Rust,excluded_pattern,,
ethiopian cofee leaf dataset/train aug/Leaf rust/aug_0_9633.jpeg,Leaf Rust,excluded_pattern,,
ethiopian cofee leaf dataset/train aug/Leaf rust/aug_0_9637.jpeg,Leaf Rust,excluded_pattern,,
ethiopian cofee leaf dataset/train aug/Leaf rust/aug_0_964.jpeg,Leaf Rust,excluded_pattern,,
ethiopian cofee leaf dataset/train aug/Leaf rust/aug_0_9642.jpeg,Leaf Rust,excluded_pattern,,
ethiopian cofee leaf dataset/train aug/Leaf rust/aug_0_9644.jpeg,Leaf Rust,excluded_pattern,,
ethiopian cofee leaf dataset/train aug/Leaf rust/aug_0_9647.jpeg,Leaf Rust,excluded_pattern,,
ethiopian cofee leaf dataset/train aug/Leaf rust/aug_0_9649.jpeg,Leaf Rust,excluded_pattern,,
ethiopian cofee leaf dataset/train aug/Leaf rust/aug_0_965.jpeg,Leaf Rust,excluded_pattern,,
ethiopian cofee leaf dataset/train aug/Leaf rust/aug_0_9650.jpeg,Leaf Rust,excluded_pattern,,
ethiopian cofee leaf dataset/train aug/Leaf rust/aug_0_9653.jpeg,Leaf Rust,excluded_pattern,,
ethiopian cofee leaf dataset/train aug/Leaf rust/aug_0_9654.jpeg,Leaf Rust,excluded_pattern,,
ethiopian cofee leaf dataset/train aug/Leaf rust/aug_0_9661.jpeg,Leaf Rust,excluded_pattern,,
ethiopian cofee leaf dataset/train aug/Leaf rust/aug_0_967.jpeg,Leaf Rust,excluded_pattern,,
ethiopian cofee leaf dataset/train aug/Leaf rust/aug_0_9671.jpeg,Leaf Rust,excluded_pattern,,
ethiopian cofee leaf dataset/train aug/Leaf rust/aug_0_9674.jpeg,Leaf Rust,excluded_pattern,,
ethiopian cofee leaf dataset/train aug/Leaf rust/aug_0_9675.jpeg,Leaf Rust,excluded_pattern,,
ethiopian cofee leaf dataset/train aug/Leaf rust/aug_0_968.jpeg,Leaf Rust,excluded_pattern,,
ethiopian cofee leaf dataset/train aug/Leaf rust/aug_0_9683.jpeg,Leaf Rust,excluded_pattern,,
ethiopian cofee leaf dataset/train aug/Leaf rust/aug_0_9684.jpeg,Leaf Rust,excluded_pattern,,
ethiopian cofee leaf dataset/train aug/Leaf rust/aug_0_9686.jpeg,Leaf Rust,excluded_pattern,,
ethiopian cofee leaf dataset/train aug/Leaf rust/aug_0_9687.jpeg,Leaf Rust,excluded_pattern,,
ethiopian cofee leaf dataset/train aug/Leaf rust/aug_0_9690.jpeg,Leaf Rust,excluded_pattern,,
ethiopian cofee leaf dataset/train aug/Leaf rust/aug_0_9698.jpeg,Leaf Rust,excluded_pattern,,
ethiopian cofee leaf dataset/train aug/Leaf rust/aug_0_970.jpeg,Leaf Rust,excluded_pattern,,
ethiopian cofee leaf dataset/train aug/Leaf rust/aug_0_9708.jpeg,Leaf Rust,excluded_pattern,,
ethiopian cofee leaf dataset/train aug/Leaf rust/aug_0_9709.jpeg,Leaf Rust,excluded_pattern,,
ethiopian cofee leaf dataset/train aug/Leaf rust/aug_0_9713.jpeg,Leaf Rust,excluded_pattern,,
ethiopian cofee leaf dataset/train aug/Leaf rust/aug_0_9717.jpeg,Leaf Rust,excluded_pattern,,
ethiopian cofee leaf dataset/train aug/Leaf rust/aug_0_9720.jpeg,Leaf Rust,excluded_pattern,,
ethiopian cofee leaf dataset/train aug/Leaf rust/aug_0_9724.jpeg,Leaf Rust,excluded_pattern,,
ethiopian cofee leaf dataset/train aug/Leaf rust/aug_0_9725.jpeg,Leaf Rust,excluded_pattern,,
ethiopian cofee leaf dataset/train aug/Leaf rust/aug_0_9734.jpeg,Leaf Rust,excluded_pattern,,
ethiopian cofee leaf dataset/train aug/Leaf rust/aug_0_9738.jpeg,Leaf Rust,excluded_pattern,,
ethiopian cofee leaf dataset/train aug/Leaf rust/aug_0_9740.jpeg,Leaf Rust,excluded_pattern,,
ethiopian cofee leaf dataset/train aug/Leaf rust/aug_0_9743.jpeg,Leaf Rust,excluded_pattern,,
ethiopian cofee leaf dataset/train aug/Leaf rust/aug_0_9748.jpeg,Leaf Rust,excluded_pattern,,
ethiopian cofee leaf dataset/train aug/Leaf rust/aug_0_9751.jpeg,Leaf Rust,excluded_pattern,,
ethiopian cofee leaf dataset/train aug/Leaf rust/aug_0_976.jpeg,Leaf Rust,excluded_pattern,,
ethiopian cofee leaf dataset/train aug/Leaf rust/aug_0_9760.jpeg,Leaf Rust,excluded_pattern,,
ethiopian cofee leaf dataset/train aug/Leaf rust/aug_0_9764.jpeg,Leaf Rust,excluded_pattern,,
ethiopian cofee leaf dataset/train aug/Leaf rust/aug_0_9768.jpeg,Leaf Rust,excluded_pattern,,
ethiopian cofee leaf dataset/train aug/Leaf rust/aug_0_9769.jpeg,Leaf Rust,excluded_pattern,,
ethiopian cofee leaf dataset/train aug/Leaf rust/aug_0_9779.jpeg,Leaf Rust,excluded_pattern,,
ethiopian cofee leaf dataset/train aug/Leaf rust/aug_0_9780.jpeg,Leaf Rust,excluded_pattern,,
ethiopian cofee leaf dataset/train aug/Leaf rust/aug_0_9787.jpeg,Leaf Rust,excluded_pattern,,
ethiopian cofee leaf dataset/train aug/Leaf rust/aug_0_9789.jpeg,Leaf Rust,excluded_pattern,,
ethiopian cofee leaf dataset/train aug/Leaf rust/aug_0_9791.jpeg,Leaf Rust,excluded_pattern,,
ethiopian cofee leaf dataset/train aug/Leaf rust/aug_0_9792.jpeg,Leaf Rust,excluded_pattern,,
ethiopian cofee leaf dataset/train aug/Leaf rust/aug_0_9793.jpeg,Leaf Rust,excluded_pattern,,
ethiopian cofee leaf dataset/train aug/Leaf rust/aug_0_9795.jpeg,Leaf Rust,excluded_pattern,,
ethiopian cofee leaf dataset/train aug/Leaf rust/aug_0_9799.jpeg,Leaf Rust,excluded_pattern,,
ethiopian cofee leaf dataset/train aug/Leaf rust/aug_0_980.jpeg,Leaf Rust,excluded_pattern,,
ethiopian cofee leaf dataset/train aug/Leaf rust/aug_0_9802.jpeg,Leaf Rust,excluded_pattern,,
ethiopian cofee leaf dataset/train aug/Leaf rust/aug_0_9803.jpeg,Leaf Rust,excluded_pattern,,
ethiopian cofee leaf dataset/train aug/Leaf rust/aug_0_9809.jpeg,Leaf Rust,excluded_pattern,,
ethiopian cofee leaf dataset/train aug/Leaf rust/aug_0_981.jpeg,Leaf Rust,excluded_pattern,,
ethiopian cofee leaf dataset/train aug/Leaf rust/aug_0_9810.jpeg,Leaf Rust,excluded_pattern,,
ethiopian cofee leaf dataset/train aug/Leaf rust/aug_0_9816.jpeg,Leaf Rust,excluded_pattern,,
ethiopian cofee leaf dataset/train aug/Leaf rust/aug_0_9819.jpeg,Leaf Rust,excluded_pattern,,
ethiopian cofee leaf dataset/train aug/Leaf rust/aug_0_9820.jpeg,Leaf Rust,excluded_pattern,,
ethiopian cofee leaf dataset/train aug/Leaf rust/aug_0_9823.jpeg,Leaf Rust,excluded_pattern,,
ethiopian cofee leaf dataset/train aug/Leaf rust/aug_0_9828.jpeg,Leaf Rust,excluded_pattern,,
ethiopian cofee leaf dataset/train aug/Leaf rust/aug_0_9830.jpeg,Leaf Rust,excluded_pattern,,
ethiopian cofee leaf dataset/train aug/Leaf rust/aug_0_9838.jpeg,Leaf Rust,excluded_pattern,,
ethiopian cofee leaf dataset/train aug/Leaf rust/aug_0_9839.jpeg,Leaf Rust,excluded_pattern,,
ethiopian cofee leaf dataset/train aug/Leaf rust/aug_0_9842.jpeg,Leaf Rust,excluded_pattern,,
ethiopian cofee leaf dataset/train aug/Leaf rust/aug_0_9847.jpeg,Leaf Rust,excluded_pattern,,
ethiopian cofee leaf dataset/train aug/Leaf rust/aug_0_9851.jpeg,Leaf Rust,excluded_pattern,,
ethiopian cofee leaf dataset/train aug/Leaf rust/aug_0_9855.jpeg,Leaf Rust,excluded_pattern,,
ethiopian cofee leaf dataset/train aug/Leaf rust/aug_0_9856.jpeg,Leaf Rust,excluded_pattern,,
ethiopian cofee leaf dataset/train aug/Leaf rust/aug_0_9857.jpeg,Leaf Rust,excluded_pattern,,
ethiopian cofee leaf dataset/train aug/Leaf rust/aug_0_9860.jpeg,Leaf Rust,excluded_pattern,,
ethiopian cofee leaf dataset/train aug/Leaf rust/aug_0_9862.jpeg,Leaf Rust,excluded_pattern,,
ethiopian cofee leaf dataset/train aug/Leaf rust/aug_0_9863.jpeg,Leaf Rust,excluded_pattern,,
ethiopian cofee leaf dataset/train aug/Leaf rust/aug_0_9866.jpeg,Leaf Rust,excluded_pattern,,
ethiopian cofee leaf dataset/train aug/Leaf rust/aug_0_9868.jpeg,Leaf Rust,excluded_pattern,,
ethiopian cofee leaf dataset/train aug/Leaf rust/aug_0_9871.jpeg,Leaf Rust,excluded_pattern,,
ethiopian cofee leaf dataset/train aug/Leaf rust/aug_0_9873.jpeg,Leaf Rust,excluded_pattern,,
ethiopian cofee leaf dataset/train aug/Leaf rust/aug_0_9877.jpeg,Leaf Rust,excluded_pattern,,
ethiopian cofee leaf dataset/train aug/Leaf rust/aug_0_9879.jpeg,Leaf Rust,excluded_pattern,,
ethiopian cofee leaf dataset/train aug/Leaf rust/aug_0_9883.jpeg,Leaf Rust,excluded_pattern,,
ethiopian cofee leaf dataset/train aug/Leaf rust/aug_0_9885.jpeg,Leaf Rust,excluded_pattern,,
ethiopian cofee leaf dataset/train aug/Leaf rust/aug_0_990.jpeg,Leaf Rust,excluded_pattern,,
ethiopian cofee leaf dataset/train aug/Leaf rust/aug_0_9904.jpeg,Leaf Rust,excluded_pattern,,
ethiopian cofee leaf dataset/train aug/Leaf rust/aug_0_9905.jpeg,Leaf Rust,excluded_pattern,,
ethiopian cofee leaf dataset/train aug/Leaf rust/aug_0_9906.jpeg,Leaf Rust,excluded_pattern,,
ethiopian cofee leaf dataset/train aug/Leaf rust/aug_0_9919.jpeg,Leaf Rust,excluded_pattern,,
ethiopian cofee leaf dataset/train aug/Leaf rust/aug_0_992.jpeg,Leaf Rust,excluded_pattern,,
ethiopian cofee leaf dataset/train aug/Leaf rust/aug_0_9924.jpeg,Leaf Rust,excluded_pattern,,
ethiopian cofee leaf dataset/train aug/Leaf rust/aug_0_9929.jpeg,Leaf Rust,excluded_pattern,,
ethiopian cofee leaf dataset/train aug/Leaf rust/aug_0_9938.jpeg,Leaf Rust,excluded_pattern,,
ethiopian cofee leaf dataset/train aug/Leaf rust/aug_0_994.jpeg,Leaf Rust,excluded_pattern,,
ethiopian cofee leaf dataset/train aug/Leaf rust/aug_0_9940.jpeg,Leaf Rust,excluded_pattern,,
ethiopian cofee leaf dataset/train aug/Leaf rust/aug_0_9942.jpeg,Leaf Rust,excluded_pattern,,
ethiopian cofee leaf dataset/train aug/Leaf rust/aug_0_9943.jpeg,Leaf Rust,excluded_pattern,,
ethiopian cofee leaf dataset/train aug/Leaf rust/aug_0_9949.jpeg,Leaf Rust,excluded_pattern,,
ethiopian cofee leaf dataset/train aug/Leaf rust/aug_0_995.jpeg,Leaf Rust,excluded_pattern,,
ethiopian cofee leaf dataset/train aug/Leaf rust/aug_0_9951.jpeg,Leaf Rust,excluded_pattern,,
ethiopian cofee leaf dataset/train aug/Leaf rust/aug_0_9960.jpeg,Leaf Rust,excluded_pattern,,
ethiopian cofee leaf dataset/train aug/Leaf rust/aug_0_9961.jpeg,Leaf Rust,excluded_pattern,,
ethiopian cofee leaf dataset/train aug/Leaf rust/aug_0_9962.jpeg,Leaf Rust,excluded_pattern,,
ethiopian cofee leaf dataset/train aug/Leaf rust/aug_0_9963.jpeg,Leaf Rust,excluded_pattern,,
ethiopian cofee leaf dataset/train aug/Leaf rust/aug_0_9966.jpeg,Leaf Rust,excluded_pattern,,
ethiopian cofee leaf dataset/train aug/Leaf rust/aug_0_9974.jpeg,Leaf Rust,excluded_pattern,,
ethiopian cofee leaf dataset/train aug/Leaf rust/aug_0_9979.jpeg,Leaf Rust,excluded_pattern,,
ethiopian cofee leaf dataset/train aug/Leaf rust/aug_0_9980.jpeg,Leaf Rust,excluded_pattern,,
ethiopian cofee leaf dataset/train aug/Leaf rust/aug_0_9982.jpeg,Leaf Rust,excluded_pattern,,
ethiopian cofee leaf dataset/train aug/Leaf rust/aug_0_9986.jpeg,Leaf Rust,excluded_pattern,,
ethiopian cofee leaf dataset/train aug/Leaf rust/aug_0_9992.jpeg,Leaf Rust,excluded_pattern,,
ethiopian cofee leaf dataset/train aug/Leaf rust/aug_0_9993.jpeg,Leaf Rust,excluded_pattern,,
ethiopian cofee leaf dataset/train aug/Leaf rust/aug_0_9994.jpeg,Leaf Rust,excluded_pattern,,
ethiopian cofee leaf dataset/train aug/Leaf rust/aug_0_9995.jpeg,Leaf Rust,excluded_pattern,,
ethiopian cofee leaf dataset/train aug/Leaf rust/aug_0_9999.jpeg,Leaf Rust,excluded_pattern,,
ethiopian cofee leaf dataset/train aug/Phoma/1244.jpg,Phoma,duplicate,,ethiopian cofee leaf dataset/test/Phoma/1244.jpg
ethiopian cofee leaf dataset/train aug/Phoma/1245.jpg,Phoma,duplicate,,ethiopian cofee leaf dataset/test/Phoma/1245.jpg
ethiopian cofee leaf dataset/train aug/Phoma/1246.jpg,Phoma,duplicate,,ethiopian cofee leaf dataset/test/Phoma/1246.jpg
ethiopian cofee leaf dataset/train aug/Phoma/1247.jpg,Phoma,duplicate,,ethiopian cofee leaf dataset/test/Phoma/1247.jpg
ethiopian cofee leaf dataset/train aug/Phoma/20231121_122451.jpg,Phoma,duplicate,,ethiopian cofee leaf dataset/test/Phoma/20231121_122451.jpg
ethiopian cofee leaf dataset/train aug/Phoma/20231121_122509.jpg,Phoma,duplicate,,ethiopian cofee leaf dataset/test/Phoma/20231121_122509.jpg
ethiopian cofee leaf dataset/train aug/Phoma/20231121_122534.jpg,Phoma,duplicate,,ethiopian cofee leaf dataset/test/Phoma/20231121_122534.jpg
ethiopian cofee leaf dataset/train aug/Phoma/20231123_120335.jpg,Phoma,duplicate,,ethiopian cofee leaf dataset/test/Phoma/20231123_120335.jpg
ethiopian cofee leaf dataset/train aug/Phoma/402.jpg,Phoma,duplicate,,ethiopian cofee leaf dataset/test/Phoma/402.jpg
ethiopian cofee leaf dataset/train aug/Phoma/403.jpg,Phoma,duplicate,,ethiopian cofee leaf dataset/test/Phoma/403.jpg
ethiopian cofee leaf dataset/train aug/Phoma/404.jpg,Phoma,duplicate,,ethiopian cofee leaf dataset/test/Phoma/404.jpg
ethiopian cofee leaf dataset/train aug/Phoma/405.jpg,Phoma,duplicate,,ethiopian cofee leaf dataset/test/Phoma/405.jpg
ethiopian cofee leaf dataset/train aug/Phoma/406.jpg,Phoma,duplicate,,ethiopian cofee leaf dataset/test/Phoma/406.jpg
ethiopian cofee leaf dataset/train aug/Phoma/407.jpg,Phoma,duplicate,,ethiopian cofee leaf dataset/test/Phoma/407.jpg
ethiopian cofee leaf dataset/train aug/Phoma/408.jpg,Phoma,duplicate,,ethiopian cofee leaf dataset/test/Phoma/408.jpg
ethiopian cofee leaf dataset/train aug/Phoma/409.jpg,Phoma,duplicate,,ethiopian cofee leaf dataset/test/Phoma/409.jpg
ethiopian cofee leaf dataset/train aug/Phoma/410.jpg,Phoma,duplicate,,ethiopian cofee leaf dataset/test/Phoma/410.jpg
ethiopian cofee leaf dataset/train aug/Phoma/411.jpg,Phoma,duplicate,,ethiopian cofee leaf dataset/test/Phoma/411.jpg
ethiopian cofee leaf dataset/train aug/Phoma/412.jpg,Phoma,duplicate,,ethiopian cofee leaf dataset/test/Phoma/412.jpg
ethiopian cofee leaf dataset/train aug/Phoma/413.jpg,Phoma,duplicate,,ethiopian cofee leaf dataset/test/Phoma/413.jpg
ethiopian cofee leaf dataset/train aug/Phoma/414.jpg,Phoma,duplicate,,ethiopian cofee leaf dataset/test/Phoma/414.jpg
ethiopian cofee leaf dataset/train aug/Phoma/415.jpg,Phoma,duplicate,,ethiopian cofee leaf dataset/test/Phoma/415.jpg
ethiopian cofee leaf dataset/train aug/Phoma/416.jpg,Phoma,duplicate,,ethiopian cofee leaf dataset/test/Phoma/416.jpg
ethiopian cofee leaf dataset/train aug/Phoma/417.jpg,Phoma,duplicate,,ethiopian cofee leaf dataset/test/Phoma/417.jpg
ethiopian cofee leaf dataset/train aug/Phoma/418.jpg,Phoma,duplicate,,ethiopian cofee leaf dataset/test/Phoma/418.jpg
ethiopian cofee leaf dataset/train aug/Phoma/419.jpg,Phoma,duplicate,,ethiopian cofee leaf dataset/test/Phoma/419.jpg
ethiopian cofee leaf dataset/train aug/Phoma/420.jpg,Phoma,duplicate,,ethiopian cofee leaf dataset/test/Phoma/420.jpg
ethiopian cofee leaf dataset/train aug/Phoma/421.jpg,Phoma,duplicate,,ethiopian cofee leaf dataset/test/Phoma/421.jpg
ethiopian cofee leaf dataset/train aug/Phoma/422.jpg,Phoma,duplicate,,ethiopian cofee leaf dataset/test/Phoma/422.jpg
ethiopian cofee leaf dataset/train aug/Phoma/423.jpg,Phoma,duplicate,,ethiopian cofee leaf dataset/test/Phoma/423.jpg
ethiopian cofee leaf dataset/train aug/Phoma/424.jpg,Phoma,duplicate,,ethiopian cofee leaf dataset/test/Phoma/424.jpg
ethiopian cofee leaf dataset/train aug/Phoma/425.jpg,Phoma,duplicate,,ethiopian cofee leaf dataset/test/Phoma/425.jpg
ethiopian cofee leaf dataset/train aug/Phoma/426.jpg,Phoma,duplicate,,ethiopian cofee leaf dataset/test/Phoma/426.jpg
ethiopian cofee leaf dataset/train aug/Phoma/427.jpg,Phoma,duplicate,,ethiopian cofee leaf dataset/test/Phoma/427.jpg
ethiopian cofee leaf dataset/train aug/Phoma/428.jpg,Phoma,duplicate,,ethiopian cofee leaf dataset/test/Phoma/428.jpg
ethiopian cofee leaf dataset/train aug/Phoma/429.jpg,Phoma,duplicate,,ethiopian cofee leaf dataset/test/Phoma/429.jpg
ethiopian cofee leaf dataset/train aug/Phoma/430.jpg,Phoma,duplicate,,ethiopian cofee leaf dataset/test/Phoma/430.jpg
ethiopian cofee leaf dataset/train aug/Phoma/431.jpg,Phoma,duplicate,,ethiopian cofee leaf dataset/test/Phoma/431.jpg
ethiopian cofee leaf dataset/train aug/Phoma/432.jpg,Phoma,duplicate,,ethiopian cofee leaf dataset/test/Phoma/432.jpg
ethiopian cofee leaf dataset/train aug/Phoma/433.jpg,Phoma,duplicate,,ethiopian cofee leaf dataset/test/Phoma/433.jpg
ethiopian cofee leaf dataset/train aug/Phoma/434.jpg,Phoma,duplicate,,ethiopian cofee leaf dataset/test/Phoma/434.jpg
ethiopian cofee leaf dataset/train aug/Phoma/435.jpg,Phoma,duplicate,,ethiopian cofee leaf dataset/test/Phoma/435.jpg
ethiopian cofee leaf dataset/train aug/Phoma/436.jpg,Phoma,duplicate,,ethiopian cofee leaf dataset/test/Phoma/436.jpg
ethiopian cofee leaf dataset/train aug/Phoma/437.jpg,Phoma,duplicate,,ethiopian cofee leaf dataset/test/Phoma/437.jpg
ethiopian cofee leaf dataset/train aug/Phoma/438.jpg,Phoma,duplicate,,ethiopian cofee leaf dataset/test/Phoma/438.jpg
ethiopian cofee leaf dataset/train aug/Phoma/439.jpg,Phoma,duplicate,,ethiopian cofee leaf dataset/test/Phoma/439.jpg
ethiopian cofee leaf dataset/train aug/Phoma/440.jpg,Phoma,duplicate,,ethiopian cofee leaf dataset/test/Phoma/440.jpg
ethiopian cofee leaf dataset/train aug/Phoma/441.jpg,Phoma,duplicate,,ethiopian cofee leaf dataset/test/Phoma/441.jpg
ethiopian cofee leaf dataset/train aug/Phoma/442.jpg,Phoma,duplicate,,ethiopian cofee leaf dataset/test/Phoma/442.jpg
ethiopian cofee leaf dataset/train aug/Phoma/443.jpg,Phoma,duplicate,,ethiopian cofee leaf dataset/test/Phoma/443.jpg
ethiopian cofee leaf dataset/train aug/Phoma/444.jpg,Phoma,duplicate,,ethiopian cofee leaf dataset/test/Phoma/444.jpg
ethiopian cofee leaf dataset/train aug/Phoma/445.jpg,Phoma,duplicate,,ethiopian cofee leaf dataset/test/Phoma/445.jpg
ethiopian cofee leaf dataset/train aug/Phoma/446.jpg,Phoma,duplicate,,ethiopian cofee leaf dataset/test/Phoma/446.jpg
ethiopian cofee leaf dataset/train aug/Phoma/447.jpg,Phoma,duplicate,,ethiopian cofee leaf dataset/test/Phoma/447.jpg
ethiopian cofee leaf dataset/train aug/Phoma/448.jpg,Phoma,duplicate,,ethiopian cofee leaf dataset/test/Phoma/448.jpg
ethiopian cofee leaf dataset/train aug/Phoma/449.jpg,Phoma,duplicate,,ethiopian cofee leaf dataset/test/Phoma/449.jpg
ethiopian cofee leaf dataset/train aug/Phoma/450.jpg,Phoma,duplicate,,ethiopian cofee leaf dataset/test/Phoma/450.jpg
ethiopian cofee leaf dataset/train aug/Phoma/451.jpg,Phoma,duplicate,,ethiopian cofee leaf dataset/test/Phoma/451.jpg
ethiopian cofee leaf dataset/train aug/Phoma/452.jpg,Phoma,duplicate,,ethiopian cofee leaf dataset/test/Phoma/452.jpg
ethiopian cofee leaf dataset/train aug/Phoma/453.jpg,Phoma,duplicate,,ethiopian cofee leaf dataset/test/Phoma/453.jpg
ethiopian cofee leaf dataset/train aug/Phoma/454.jpg,Phoma,duplicate,,ethiopian cofee leaf dataset/test/Phoma/454.jpg
ethiopian cofee leaf dataset/train aug/Phoma/455.jpg,Phoma,duplicate,,ethiopian cofee leaf dataset/test/Phoma/455.jpg
ethiopian cofee leaf dataset/train aug/Phoma/456.jpg,Phoma,duplicate,,ethiopian cofee leaf dataset/test/Phoma/456.jpg
ethiopian cofee leaf dataset/train aug/Phoma/457.jpg,Phoma,duplicate,,ethiopian cofee leaf dataset/test/Phoma/457.jpg
ethiopian cofee leaf dataset/train aug/Phoma/458.jpg,Phoma,duplicate,,ethiopian cofee leaf dataset/test/Phoma/458.jpg
ethiopian cofee leaf dataset/train aug/Phoma/459.jpg,Phoma,duplicate,,ethiopian cofee leaf dataset/test/Phoma/459.jpg
ethiopian cofee leaf dataset/train aug/Phoma/460.jpg,Phoma,duplicate,,ethiopian cofee leaf dataset/test/Phoma/460.jpg
ethiopian cofee leaf dataset/train aug/Phoma/461.jpg,Phoma,duplicate,,ethiopian cofee leaf dataset/test/Phoma/461.jpg
ethiopian cofee leaf dataset/train aug/Phoma/462.jpg,Phoma,duplicate,,ethiopian cofee leaf dataset/test/Phoma/462.jpg
ethiopian cofee leaf dataset/train aug/Phoma/463.jpg,Phoma,duplicate,,ethiopian cofee leaf dataset/test/Phoma/463.jpg
ethiopian cofee leaf dataset/train aug/Phoma/464.jpg,Phoma,duplicate,,ethiopian cofee leaf dataset/test/Phoma/464.jpg
ethiopian cofee leaf dataset/train aug/Phoma/465.jpg,Phoma,duplicate,,ethiopian cofee leaf dataset/test/Phoma/465.jpg
ethiopian cofee leaf dataset/train aug/Phoma/466.jpg,Phoma,duplicate,,ethiopian cofee leaf dataset/test/Phoma/466.jpg
ethiopian cofee leaf dataset/train aug/Phoma/467.jpg,Phoma,duplicate,,ethiopian cofee leaf dataset/test/Phoma/467.jpg
ethiopian cofee leaf dataset/train aug/Phoma/468.jpg,Phoma,duplicate,,ethiopian cofee leaf dataset/test/Phoma/468.jpg
ethiopian cofee leaf dataset/train aug/Phoma/469.jpg,Phoma,duplicate,,ethiopian cofee leaf dataset/test/Phoma/469.jpg
ethiopian cofee leaf dataset/train aug/Phoma/470.jpg,Phoma,duplicate,,ethiopian cofee leaf dataset/test/Phoma/470.jpg
ethiopian cofee leaf dataset/train aug/Phoma/471.jpg,Phoma,duplicate,,ethiopian cofee leaf dataset/test/Phoma/471.jpg
ethiopian cofee leaf dataset/train aug/Phoma/472.jpg,Phoma,duplicate,,ethiopian cofee leaf dataset/test/Phoma/472.jpg
ethiopian cofee leaf dataset/train aug/Phoma/473.jpg,Phoma,duplicate,,ethiopian cofee leaf dataset/test/Phoma/473.jpg
ethiopian cofee leaf dataset/train aug/Phoma/474.jpg,Phoma,duplicate,,ethiopian cofee leaf dataset/test/Phoma/474.jpg
ethiopian cofee leaf dataset/train aug/Phoma/475.jpg,Phoma,duplicate,,ethiopian cofee leaf dataset/test/Phoma/475.jpg
ethiopian cofee leaf dataset/train aug/Phoma/476.jpg,Phoma,duplicate,,ethiopian cofee leaf dataset/test/Phoma/476.jpg
ethiopian cofee leaf dataset/train aug/Phoma/477.jpg,Phoma,duplicate,,ethiopian cofee leaf dataset/test/Phoma/477.jpg
ethiopian cofee leaf dataset/train aug/Phoma/478.jpg,Phoma,duplicate,,ethiopian cofee leaf dataset/test/Phoma/478.jpg
ethiopian cofee leaf dataset/train aug/Phoma/479.jpg,Phoma,duplicate,,ethiopian cofee leaf dataset/test/Phoma/479.jpg
ethiopian cofee leaf dataset/train aug/Phoma/480.jpg,Phoma,duplicate,,ethiopian cofee leaf dataset/test/Phoma/480.jpg
ethiopian cofee leaf dataset/train aug/Phoma/481.jpg,Phoma,duplicate,,ethiopian cofee leaf dataset/test/Phoma/481.jpg
ethiopian cofee leaf dataset/train aug/Phoma/482.jpg,Phoma,duplicate,,ethiopian cofee leaf dataset/test/Phoma/482.jpg
ethiopian cofee leaf dataset/train aug/Phoma/483.jpg,Phoma,duplicate,,ethiopian cofee leaf dataset/test/Phoma/483.jpg
ethiopian cofee leaf dataset/train aug/Phoma/484.jpg,Phoma,duplicate,,ethiopian cofee leaf dataset/test/Phoma/484.jpg
ethiopian cofee leaf dataset/train aug/Phoma/485.jpg,Phoma,duplicate,,ethiopian cofee leaf dataset/test/Phoma/485.jpg
ethiopian cofee leaf dataset/train aug/Phoma/486.jpg,Phoma,duplicate,,ethiopian cofee leaf dataset/test/Phoma/486.jpg
ethiopian cofee leaf dataset/train aug/Phoma/487.jpg,Phoma,duplicate,,ethiopian cofee leaf dataset/test/Phoma/487.jpg
ethiopian cofee leaf dataset/train aug/Phoma/488.jpg,Phoma,duplicate,,ethiopian cofee leaf dataset/test/Phoma/488.jpg
ethiopian cofee leaf dataset/train aug/Phoma/489.jpg,Phoma,duplicate,,ethiopian cofee leaf dataset/test/Phoma/489.jpg
ethiopian cofee leaf dataset/train aug/Phoma/490.jpg,Phoma,duplicate,,ethiopian cofee leaf dataset/test/Phoma/490.jpg
ethiopian cofee leaf dataset/train aug/Phoma/491.jpg,Phoma,duplicate,,ethiopian cofee leaf dataset/test/Phoma/491.jpg
ethiopian cofee leaf dataset/train aug/Phoma/492.jpg,Phoma,duplicate,,ethiopian cofee leaf dataset/test/Phoma/492.jpg
ethiopian cofee leaf dataset/train aug/Phoma/493.jpg,Phoma,duplicate,,ethiopian cofee leaf dataset/test/Phoma/493.jpg
ethiopian cofee leaf dataset/train aug/Phoma/494.jpg,Phoma,duplicate,,ethiopian cofee leaf dataset/test/Phoma/494.jpg
ethiopian cofee leaf dataset/train aug/Phoma/495.jpg,Phoma,duplicate,,ethiopian cofee leaf dataset/test/Phoma/495.jpg
ethiopian cofee leaf dataset/train aug/Phoma/496.jpg,Phoma,duplicate,,ethiopian cofee leaf dataset/test/Phoma/496.jpg
ethiopian cofee leaf dataset/train aug/Phoma/497.jpg,Phoma,duplicate,,ethiopian cofee leaf dataset/test/Phoma/497.jpg
ethiopian cofee leaf dataset/train aug/Phoma/498.jpg,Phoma,duplicate,,ethiopian cofee leaf dataset/test/Phoma/498.jpg
ethiopian cofee leaf dataset/train aug/Phoma/499.jpg,Phoma,duplicate,,ethiopian cofee leaf dataset/test/Phoma/499.jpg
ethiopian cofee leaf dataset/train aug/Phoma/500.jpg,Phoma,duplicate,,ethiopian cofee leaf dataset/test/Phoma/500.jpg
ethiopian cofee leaf dataset/train aug/Phoma/501.jpg,Phoma,duplicate,,ethiopian cofee leaf dataset/test/Phoma/501.jpg
ethiopian cofee leaf dataset/train aug/Phoma/738.jpg,Phoma,duplicate,,ethiopian cofee leaf dataset/test/Phoma/738.jpg
ethiopian cofee leaf dataset/train aug/Phoma/739.jpg,Phoma,duplicate,,ethiopian cofee leaf dataset/test/Phoma/739.jpg
ethiopian cofee leaf dataset/train aug/Phoma/756.jpg,Phoma,duplicate,,ethiopian cofee leaf dataset/test/Phoma/756.jpg
ethiopian cofee leaf dataset/train aug/Phoma/757.jpg,Phoma,duplicate,,ethiopian cofee leaf dataset/test/Phoma/757.jpg
ethiopian cofee leaf dataset/train aug/Phoma/758.jpg,Phoma,duplicate,,ethiopian cofee leaf dataset/test/Phoma/758.jpg
ethiopian cofee leaf dataset/train aug/Phoma/759.jpg,Phoma,duplicate,,ethiopian cofee leaf dataset/test/Phoma/759.jpg
ethiopian cofee leaf dataset/train aug/Phoma/772.jpg,Phoma,duplicate,,ethiopian cofee leaf dataset/test/Phoma/772.jpg
ethiopian cofee leaf dataset/train aug/Phoma/773.jpg,Phoma,duplicate,,ethiopian cofee leaf dataset/test/Phoma/773.jpg
ethiopian cofee leaf dataset/train aug/Phoma/774.jpg,Phoma,duplicate,,ethiopian cofee leaf dataset/test/Phoma/774.jpg
ethiopian cofee leaf dataset/train aug/Phoma/775.jpg,Phoma,duplicate,,ethiopian cofee leaf dataset/test/Phoma/775.jpg
ethiopian cofee leaf dataset/train aug/Phoma/800.jpg,Phoma,duplicate,,ethiopian cofee leaf dataset/test/Phoma/800.jpg
ethiopian cofee leaf dataset/train aug/Phoma/801.jpg,Phoma,duplicate,,ethiopian cofee leaf dataset/test/Phoma/801.jpg
ethiopian cofee leaf dataset/train aug/Phoma/802.jpg,Phoma,duplicate,,ethiopian cofee leaf dataset/test/Phoma/802.jpg
ethiopian cofee leaf dataset/train aug/Phoma/803.jpg,Phoma,duplicate,,ethiopian cofee leaf dataset/test/Phoma/803.jpg
ethiopian cofee leaf dataset/train aug/Phoma/804.jpg,Phoma,duplicate,,ethiopian cofee leaf dataset/test/Phoma/804.jpg
ethiopian cofee leaf dataset/train aug/Phoma/805.jpg,Phoma,duplicate,,ethiopian cofee leaf dataset/test/Phoma/805.jpg
ethiopian cofee leaf dataset/train aug/Phoma/806.jpg,Phoma,duplicate,,ethiopian cofee leaf dataset/test/Phoma/806.jpg
ethiopian cofee leaf dataset/train aug/Phoma/807.jpg,Phoma,duplicate,,ethiopian cofee leaf dataset/test/Phoma/807.jpg
ethiopian cofee leaf dataset/train aug/Phoma/928.jpg,Phoma,duplicate,,ethiopian cofee leaf dataset/test/Phoma/928.jpg
ethiopian cofee leaf dataset/train aug/Phoma/929.jpg,Phoma,duplicate,,ethiopian cofee leaf dataset/test/Phoma/929.jpg
ethiopian cofee leaf dataset/train aug/Phoma/930.jpg,Phoma,duplicate,,ethiopian cofee leaf dataset/test/Phoma/930.jpg
ethiopian cofee leaf dataset/train aug/Phoma/931.jpg,Phoma,duplicate,,ethiopian cofee leaf dataset/test/Phoma/931.jpg
ethiopian cofee leaf dataset/train aug/Phoma/aug_0_1244 (2).jpg,Phoma,excluded_pattern,,
ethiopian cofee leaf dataset/train aug/Phoma/aug_0_1244.jpg,Phoma,excluded_pattern,,
ethiopian cofee leaf dataset/train aug/Phoma/aug_0_1245 (2).jpg,Phoma,excluded_pattern,,
ethiopian cofee leaf dataset/train aug/Phoma/aug_0_1246 (2).jpg,Phoma,excluded_pattern,,
ethiopian cofee leaf dataset/train aug/Phoma/aug_0_1246.jpg,Phoma,excluded_pattern,,
ethiopian cofee leaf dataset/train aug/Phoma/aug_0_1247 (2).jpg,Phoma,excluded_pattern,,
ethiopian cofee leaf dataset/train aug/Phoma/aug_0_1247.jpg,Phoma,excluded_pattern,,
ethiopian cofee leaf dataset/train aug/Phoma/aug_0_16 (2).jpg,Phoma,excluded_pattern,,
ethiopian cofee leaf dataset/train aug/Phoma/aug_0_16.jpg,Phoma,excluded_pattern,,
ethiopian cofee leaf dataset/train aug/Phoma/aug_0_17 (2).jpg,Phoma,excluded_pattern,,
ethiopian cofee leaf dataset/train aug/Phoma/aug_0_17.jpg,Phoma,excluded_pattern,,
ethiopian cofee leaf dataset/train aug/Phoma/aug_0_18.jpg,Phoma,excluded_pattern,,
ethiopian cofee leaf dataset/train aug/Phoma/aug_0_19 (2).jpg,Phoma,excluded_pattern,,
ethiopian cofee leaf dataset/train aug/Phoma/aug_0_19.jpg,Phoma,excluded_pattern,,
ethiopian cofee leaf dataset/train aug/Phoma/aug_0_20 (2).jpg,Phoma,excluded_pattern,,
ethiopian cofee leaf dataset/train aug/Phoma/aug_0_20.jpg,Phoma,excluded_pattern,,
ethiopian cofee leaf dataset/train aug/Phoma/aug_0_20231121_122451 (2).jpg,Phoma,excluded_pattern,,
ethiopian cofee leaf dataset/train aug/Phoma/aug_0_20231121_122451.jpg,Phoma,excluded_pattern,,
ethiopian cofee leaf dataset/train aug/Phoma/aug_0_20231121_122509.jpg,Phoma,excluded_pattern,,
ethiopian cofee leaf dataset/train aug/Phoma/aug_0_20231121_122534 (2).jpg,Phoma,excluded_pattern,,
ethiopian cofee leaf dataset/train aug/Phoma/aug_0_20231121_122534.jpg,Phoma,excluded_pattern,,
ethiopian cofee leaf dataset/train aug/Phoma/aug_0_20231123_120335 (2).jpg,Phoma,excluded_pattern,,
ethiopian cofee leaf dataset/train aug/Phoma/aug_0_20231123_120335.jpg,Phoma,excluded_pattern,,
ethiopian cofee leaf dataset/train aug/Phoma/aug_0_21 (2).jpg,Phoma,excluded_pattern,,
ethiopian cofee leaf dataset/train aug/Phoma/aug_0_21.jpg,Phoma,excluded_pattern,,
ethiopian cofee leaf dataset/train aug/Phoma/aug_0_22 (2).jpg,Phoma,excluded_pattern,,
ethiopian cofee leaf dataset/train aug/Phoma/aug_0_22.jpg,Phoma,excluded_pattern,,
ethiopian cofee leaf dataset/train aug/Phoma/aug_0_23 (2).jpg,Phoma,excluded_pattern,,
ethiopian cofee leaf dataset/train aug/Phoma/aug_0_23.jpg,Phoma,excluded_pattern,,
ethiopian cofee leaf dataset/train aug/Phoma/aug_0_240.jpg,Phoma,excluded_pattern,,
ethiopian cofee leaf dataset/train aug/Phoma/aug_0_241.jpg,Phoma,excluded_pattern,,
ethiopian cofee leaf dataset/train aug/Phoma/aug_0_242 (2).jpg,Phoma,excluded_pattern,,
ethiopian cofee leaf dataset/train aug/Phoma/aug_0_242.jpg,Phoma,excluded_pattern,,
ethiopian cofee leaf dataset/train aug/Phoma/aug_0_243.jpg,Phoma,excluded_pattern,,
ethiopian cofee leaf dataset/train aug/Phoma/aug_0_244 (2).jpg,Phoma,excluded_pattern,,
ethiopian cofee leaf dataset/train aug/Phoma/aug_0_244.jpg,Phoma,excluded_pattern,,
ethiopian cofee leaf dataset/train aug/Phoma/aug_0_245 (2).jpg,Phoma,excluded_pattern,,
ethiopian cofee leaf dataset/train aug/Phoma/aug_0_245.jpg,Phoma,excluded_pattern,,
ethiopian cofee leaf dataset/train aug/Phoma/aug_0_246 (2).jpg,Phoma,excluded_pattern,,
ethiopian cofee leaf dataset/train aug/Phoma/aug_0_246.jpg,Phoma,excluded_pattern,,
ethiopian cofee leaf dataset/train aug/Phoma/aug_0_247 (2).jpg,Phoma,excluded_pattern,,
ethiopian cofee leaf dataset/train aug/Phoma/aug_0_247.jpg,Phoma,excluded_pattern,,
ethiopian cofee leaf dataset/train aug/Phoma/aug_0_248.jpg,Phoma,excluded_pattern,,
ethiopian cofee leaf dataset/train aug/Phoma/aug_0_249 (2).jpg,Phoma,excluded_pattern,,
ethiopian cofee leaf dataset/train aug/Phoma/aug_0_249.jpg,Phoma,excluded_pattern,,
ethiopian cofee leaf dataset/train aug/Phoma/aug_0_250 (2).jpg,Phoma,excluded_pattern,,
ethiopian cofee leaf dataset/train aug/Phoma/aug_0_250.jpg,Phoma,excluded_pattern,,
ethiopian cofee leaf dataset/train aug/Phoma/aug_0_251 (2).jpg,Phoma,excluded_pattern,,
ethiopian cofee leaf dataset/train aug/Phoma/aug_0_251.jpg,Phoma,excluded_pattern,,
ethiopian cofee leaf dataset/train aug/Phoma/aug_0_252 (2).jpg,Phoma,excluded_pattern,,
ethiopian cofee leaf dataset/train aug/Phoma/aug_0_252.jpg,Phoma,excluded_pattern,,
ethiopian cofee leaf dataset/train aug/Phoma/aug_0_253.jpg,Phoma,excluded_pattern,,
ethiopian cofee leaf dataset/train aug/Phoma/aug_0_254.jpg,Phoma,excluded_pattern,,
ethiopian cofee leaf dataset/train aug/Phoma/aug_0_255.jpg,Phoma,excluded_pattern,,
ethiopian cofee leaf dataset/train aug/Phoma/aug_0_256.jpg,Phoma,excluded_pattern,,
ethiopian cofee leaf dataset/train aug/Phoma/aug_0_257.jpg,Phoma,excluded_pattern,,
ethiopian cofee leaf dataset/train aug/Phoma/aug_0_258 (2).jpg,Phoma,excluded_pattern,,
ethiopian cofee leaf dataset/train aug/Phoma/aug_0_258.jpg,Phoma,excluded_pattern,,
ethiopian cofee leaf dataset/train aug/Phoma/aug_0_259 (2).jpg,Phoma,excluded_pattern,,
ethiopian cofee leaf dataset/train aug/Phoma/aug_0_259.jpg,Phoma,excluded_pattern,,
ethiopian cofee leaf dataset/train aug/Phoma/aug_0_260.jpg,Phoma,excluded_pattern,,
ethiopian cofee leaf dataset/train aug/Phoma/aug_0_261.jpg,Phoma,excluded_pattern,,
ethiopian cofee leaf dataset/train aug/Phoma/aug_0_262 (2).jpg,Phoma,excluded_pattern,,
ethiopian cofee leaf dataset/train aug/Phoma/aug_0_262.jpg,Phoma,excluded_pattern,,
ethiopian cofee leaf dataset/train aug/Phoma/aug_0_263 (2).jpg,Phoma,excluded_pattern,,
ethiopian cofee leaf dataset/train aug/Phoma/aug_0_263.jpg,Phoma,excluded_pattern,,
ethiopian cofee leaf dataset/train aug/Phoma/aug_0_264 (2).jpg,Phoma,excluded_pattern,,
ethiopian cofee leaf dataset/train aug/Phoma/aug_0_264.jpg,Phoma,excluded_pattern,,
ethiopian cofee leaf dataset/train aug/Phoma/aug_0_265.jpg,Phoma,excluded_pattern,,
ethiopian cofee leaf dataset/train aug/Phoma/aug_0_266 (2).jpg,Phoma,excluded_pattern,,
ethiopian cofee leaf dataset/train aug/Phoma/aug_0_266.jpg,Phoma,excluded_pattern,,
ethiopian cofee leaf dataset/train aug/Phoma/aug_0_267 (2).jpg,Phoma,excluded_pattern,,
ethiopian cofee leaf dataset/train aug/Phoma/aug_0_267.jpg,Phoma,excluded_pattern,,
ethiopian cofee leaf dataset/train aug/Phoma/aug_0_268 (2).jpg,Phoma,excluded_pattern,,
ethiopian cofee leaf dataset/train aug/Phoma/aug_0_268.jpg,Phoma,excluded_pattern,,
ethiopian cofee leaf dataset/train aug/Phoma/aug_0_269 (2).jpg,Phoma,excluded_pattern,,
ethiopian cofee leaf dataset/train aug/Phoma/aug_0_269.jpg,Phoma,excluded_pattern,,
ethiopian cofee leaf dataset/train aug/Phoma/aug_0_270 (2).jpg,Phoma,excluded_pattern,,
ethiopian cofee leaf dataset/train aug/Phoma/aug_0_270.jpg,Phoma,excluded_pattern,,
ethiopian cofee leaf dataset/train aug/Phoma/aug_0_271 (2).jpg,Phoma,excluded_pattern,,
ethiopian cofee leaf dataset/train aug/Phoma/aug_0_271.jpg,Phoma,excluded_pattern,,
ethiopian cofee leaf dataset/train aug/Phoma/aug_0_272 (2).jpg,Phoma,excluded_pattern,,
ethiopian cofee leaf dataset/train aug/Phoma/aug_0_272.jpg,Phoma,excluded_pattern,,
ethiopian cofee leaf dataset/train aug/Phoma/aug_0_273 (2).jpg,Phoma,excluded_pattern,,
ethiopian cofee leaf dataset/train aug/Phoma/aug_0_273.jpg,Phoma,excluded_pattern,,
ethiopian cofee leaf dataset/train aug/Phoma/aug_0_274 (2).jpg,Phoma,excluded_pattern,,
ethiopian cofee leaf dataset/train aug/Phoma/aug_0_274.jpg,Phoma,excluded_pattern,,
ethiopian cofee leaf dataset/train aug/Phoma/aug_0_275 (2).jpg,Phoma,excluded_pattern,,
ethiopian cofee leaf dataset/train aug/Phoma/aug_0_275.jpg,Phoma,excluded_pattern,,
ethiopian cofee leaf dataset/train aug/Phoma/aug_0_276.jpg,Phoma,excluded_pattern,,
ethiopian cofee leaf dataset/train aug/Phoma/aug_0_277 (2).jpg,Phoma,excluded_pattern,,
ethiopian cofee leaf dataset/train aug/Phoma/aug_0_277.jpg,Phoma,excluded_pattern,,
ethiopian cofee leaf dataset/train aug/Phoma/aug_0_278 (2).jpg,Phoma,excluded_pattern,,
ethiopian cofee leaf dataset/train aug/Phoma/aug_0_278.jpg,Phoma,excluded_pattern,,
ethiopian cofee leaf dataset/train aug/Phoma/aug_0_279 (2).jpg,Phoma,excluded_pattern,,
ethiopian cofee leaf dataset/train aug/Phoma/aug_0_279.jpg,Phoma,excluded_pattern,,
ethiopian cofee leaf dataset/train aug/Phoma/aug_0_280 (2).jpg,Phoma,excluded_pattern,,
ethiopian cofee leaf dataset/train aug/Phoma/aug_0_280.jpg,Phoma,excluded_pattern,,
ethiopian cofee leaf dataset/train aug/Phoma/aug_0_281 (2).jpg,Phoma,excluded_pattern,,
ethiopian cofee leaf dataset/train aug/Phoma/aug_0_281.jpg,Phoma,excluded_pattern,,
ethiopian cofee leaf dataset/train aug/Phoma/aug_0_282 (2).jpg,Phoma,excluded_pattern,,
ethiopian cofee leaf dataset/train aug/Phoma/aug_0_282.jpg,Phoma,excluded_pattern,,
ethiopian cofee leaf dataset/train aug/Phoma/aug_0_283 (2).jpg,Phoma,excluded_pattern,,
ethiopian cofee leaf dataset/train aug/Phoma/aug_0_283.jpg,Phoma,excluded_pattern,,
ethiopian cofee leaf dataset/train aug/Phoma/aug_0_284 (2).jpg,Phoma,excluded_pattern,,
ethiopian cofee leaf dataset/train aug/Phoma/aug_0_284.jpg,Phoma,excluded_pattern,,
ethiopian cofee leaf dataset/train aug/Phoma/aug_0_285 (2).jpg,Phoma,excluded_pattern,,
ethiopian cofee leaf dataset/train aug/Phoma/aug_0_285.jpg,Phoma,excluded_pattern,,
ethiopian cofee leaf dataset/train aug/Phoma/aug_0_286 (2).jpg,Phoma,excluded_pattern,,
ethiopian cofee leaf dataset/train aug/Phoma/aug_0_286.jpg,Phoma,excluded_pattern,,
ethiopian cofee leaf dataset/train aug/Phoma/aug_0_287.jpg,Phoma,excluded_pattern,,
ethiopian cofee leaf dataset/train aug/Phoma/aug_0_288 (2).jpg,Phoma,excluded_pattern,,
ethiopian cofee leaf dataset/train aug/Phoma/aug_0_288.jpg,Phoma,excluded_pattern,,
ethiopian cofee leaf dataset/train aug/Phoma/aug_0_289 (2).jpg,Phoma,excluded_pattern,,
ethiopian cofee leaf dataset/train aug/Phoma/aug_0_289.jpg,Phoma,excluded_pattern,,
ethiopian cofee leaf dataset/train aug/Phoma/aug_0_290 (2).jpg,Phoma,excluded_pattern,,
ethiopian cofee leaf dataset/train aug/Phoma/aug_0_290.jpg,Phoma,excluded_pattern,,
ethiopian cofee leaf dataset/train aug/Phoma/aug_0_291.jpg,Phoma,excluded_pattern,,
ethiopian cofee leaf dataset/train aug/Phoma/aug_0_292 (2).jpg,Phoma,excluded_pattern,,
ethiopian cofee leaf dataset/train aug/Phoma/aug_0_292.jpg,Phoma,excluded_pattern,,
ethiopian cofee leaf dataset/train aug/Phoma/aug_0_293 (2).jpg,Phoma,excluded_pattern,,
ethiopian cofee leaf dataset/train aug/Phoma/aug_0_293.jpg,Phoma,excluded_pattern,,
ethiopian cofee leaf dataset/train aug/Phoma/aug_0_294 (2).jpg,Phoma,excluded_pattern,,
ethiopian cofee leaf dataset/train aug/Phoma/aug_0_294.jpg,Phoma,excluded_pattern,,
ethiopian cofee leaf dataset/train aug/Phoma/aug_0_295 (2).jpg,Phoma,excluded_pattern,,
ethiopian cofee leaf dataset/train aug/Phoma/aug_0_295.jpg,Phoma,excluded_pattern,,
ethiopian cofee leaf dataset/train aug/Phoma/aug_0_296.jpg,Phoma,excluded_pattern,,
ethiopian cofee leaf dataset/train aug/Phoma/aug_0_297.jpg,Phoma,excluded_pattern,,
ethiopian cofee leaf dataset/train aug/Phoma/aug_0_298 (2).jpg,Phoma,excluded_pattern,,
ethiopian cofee leaf dataset/train aug/Phoma/aug_0_298.jpg,Phoma,excluded_pattern,,
ethiopian cofee leaf dataset/train aug/Phoma/aug_0_299.jpg,Phoma,excluded_pattern,,
ethiopian cofee leaf dataset/train aug/Phoma/aug_0_300 (2).jpg,Phoma,excluded_pattern,,
ethiopian cofee leaf dataset/train aug/Phoma/aug_0_300.jpg,Phoma,excluded_pattern,,
ethiopian cofee leaf dataset/train aug/Phoma/aug_0_301 (2).jpg,Phoma,excluded_pattern,,
ethiopian cofee leaf dataset/train aug/Phoma/aug_0_301.jpg,Phoma,excluded_pattern,,
ethiopian cofee leaf dataset/train aug/Phoma/aug_0_302 (2).jpg,Phoma,excluded_pattern,,
ethiopian cofee leaf dataset/train aug/Phoma/aug_0_302.jpg,Phoma,excluded_pattern,,
ethiopian cofee leaf dataset/train aug/Phoma/aug_0_303.jpg,Phoma,excluded_pattern,,
ethiopian cofee leaf dataset/train aug/Phoma/aug_0_304 (2).jpg,Phoma,excluded_pattern,,
ethiopian cofee leaf dataset/train aug/Phoma/aug_0_304.jpg,Phoma,excluded_pattern,,
ethiopian cofee leaf dataset/train aug/Phoma/aug_0_305 (2).jpg,Phoma,excluded_pattern,,
ethiopian cofee leaf dataset/train aug/Phoma/aug_0_305.jpg,Phoma,excluded_pattern,,
ethiopian cofee leaf dataset/train aug/Phoma/aug_0_306.jpg,Phoma,excluded_pattern,,
ethiopian cofee leaf dataset/train aug/Phoma/aug_0_307.jpg,Phoma,excluded_pattern,,
ethiopian cofee leaf dataset/train aug/Phoma/aug_0_308 (2).jpg,Phoma,excluded_pattern,,
ethiopian cofee leaf dataset/train aug/Phoma/aug_0_308.jpg,Phoma,excluded_pattern,,
ethiopian cofee leaf dataset/train aug/Phoma/aug_0_309 (2).jpg,Phoma,excluded_pattern,,
ethiopian cofee leaf dataset/train aug/Phoma/aug_0_309.jpg,Phoma,excluded_pattern,,
ethiopian cofee leaf dataset/train aug/Phoma/aug_0_310.jpg,Phoma,excluded_pattern,,
ethiopian cofee leaf dataset/train aug/Phoma/aug_0_311 (2).jpg,Phoma,excluded_pattern,,
ethiopian cofee leaf dataset/train aug/Phoma/aug_0_311.jpg,Phoma,excluded_pattern,,
ethiopian cofee leaf dataset/train aug/Phoma/aug_0_312 (2).jpg,Phoma,excluded_pattern,,
ethiopian cofee leaf dataset/train aug/Phoma/aug_0_312.jpg,Phoma,excluded_pattern,,
ethiopian cofee leaf dataset/train aug/Phoma/aug_0_313.jpg,Phoma,excluded_pattern,,
ethiopian cofee leaf dataset/train aug/Phoma/aug_0_314 (2).jpg,Phoma,excluded_pattern,,
ethiopian cofee leaf dataset/train aug/Phoma/aug_0_314.jpg,Phoma,excluded_pattern,,
ethiopian cofee leaf dataset/train aug/Phoma/aug_0_315 (2).jpg,Phoma,excluded_pattern,,
ethiopian cofee leaf dataset/train aug/Phoma/aug_0_315.jpg,Phoma,excluded_pattern,,
ethiopian cofee leaf dataset/train aug/Phoma/aug_0_316.jpg,Phoma,excluded_pattern,,
ethiopian cofee leaf dataset/train aug/Phoma/aug_0_317 (2).jpg,Phoma,excluded_pattern,,
ethiopian cofee leaf dataset/train aug/Phoma/aug_0_317.jpg,Phoma,excluded_pattern,,
ethiopian cofee leaf dataset/train aug/Phoma/aug_0_318 (2).jpg,Phoma,excluded_pattern,,
ethiopian cofee leaf dataset/train aug/Phoma/aug_0_318.jpg,Phoma,excluded_pattern,,
ethiopian cofee leaf dataset/train aug/Phoma/aug_0_319 (2).jpg,Phoma,excluded_pattern,,
ethiopian cofee leaf dataset/train aug/Phoma/aug_0_319.jpg,Phoma,excluded_pattern,,
ethiopian cofee leaf dataset/train aug/Phoma/aug_0_320 (2).jpg,Phoma,excluded_pattern,,
ethiopian cofee leaf dataset/train aug/Phoma/aug_0_320.jpg,Phoma,excluded_pattern,,
ethiopian cofee leaf dataset/train aug/Phoma/aug_0_321 (2).jpg,Phoma,excluded_pattern,,
ethiopian cofee leaf dataset/train aug/Phoma/aug_0_321.jpg,Phoma,excluded_pattern,,
ethiopian cofee leaf dataset/train aug/Phoma/aug_0_322 (2).jpg,Phoma,excluded_pattern,,
ethiopian cofee leaf dataset/train aug/Phoma/aug_0_322.jpg,Phoma,excluded_pattern,,
ethiopian cofee leaf dataset/train aug/Phoma/aug_0_323 (2).jpg,Phoma,excluded_pattern,,
ethiopian cofee leaf dataset/train aug/Phoma/aug_0_323.jpg,Phoma,excluded_pattern,,
ethiopian cofee leaf dataset/train aug/Phoma/aug_0_324 (2).jpg,Phoma,excluded_pattern,,
ethiopian cofee leaf dataset/train aug/Phoma/aug_0_324.jpg,Phoma,excluded_pattern,,
ethiopian cofee leaf dataset/train aug/Phoma/aug_0_325 (2).jpg,Phoma,excluded_pattern,,
ethiopian cofee leaf dataset/train aug/Phoma/aug_0_325.jpg,Phoma,excluded_pattern,,
ethiopian cofee leaf dataset/train aug/Phoma/aug_0_326 (2).jpg,Phoma,excluded_pattern,,
ethiopian cofee leaf dataset/train aug/Phoma/aug_0_326.jpg,Phoma,excluded_pattern,,
ethiopian cofee leaf dataset/train aug/Phoma/aug_0_327 (2).jpg,Phoma,excluded_pattern,,
ethiopian cofee leaf dataset/train aug/Phoma/aug_0_327.jpg,Phoma,excluded_pattern,,
ethiopian cofee leaf dataset/train aug/Phoma/aug_0_328 (2).jpg,Phoma,excluded_pattern,,
ethiopian cofee leaf dataset/train aug/Phoma/aug_0_328.jpg,Phoma,excluded_pattern,,
ethiopian cofee leaf dataset/train aug/Phoma/aug_0_329 (2).jpg,Phoma,excluded_pattern,,
ethiopian cofee leaf dataset/train aug/Phoma/aug_0_329.jpg,Phoma,excluded_pattern,,
ethiopian cofee leaf dataset/train aug/Phoma/aug_0_330 (2).jpg,Phoma,excluded_pattern,,
ethiopian cofee leaf dataset/train aug/Phoma/aug_0_330.jpg,Phoma,excluded_pattern,,
ethiopian cofee leaf dataset/train aug/Phoma/aug_0_331 (2).jpg,Phoma,excluded_pattern,,
ethiopian cofee leaf dataset/train aug/Phoma/aug_0_331.jpg,Phoma,excluded_pattern,,
ethiopian cofee leaf dataset/train aug/Phoma/aug_0_332 (2).jpg,Phoma,excluded_pattern,,
ethiopian cofee leaf dataset/train aug/Phoma/aug_0_332.jpg,Phoma,excluded_pattern,,
ethiopian cofee leaf dataset/train aug/Phoma/aug_0_333.jpg,Phoma,excluded_pattern,,
ethiopian cofee leaf dataset/train aug/Phoma/aug_0_334.jpg,Phoma,excluded_pattern,,
ethiopian cofee leaf dataset/train aug/Phoma/aug_0_335 (2).jpg,Phoma,excluded_pattern,,
ethiopian cofee leaf dataset/train aug/Phoma/aug_0_335.jpg,Phoma,excluded_pattern,,
ethiopian cofee leaf dataset/train aug/Phoma/aug_0_336 (2).jpg,Phoma,excluded_pattern,,
ethiopian cofee leaf dataset/train aug/Phoma/aug_0_336.jpg,Phoma,excluded_pattern,,
ethiopian cofee leaf dataset/train aug/Phoma/aug_0_337 (2).jpg,Phoma,excluded_pattern,,
ethiopian cofee leaf dataset/train aug/Phoma/aug_0_337.jpg,Phoma,excluded_pattern,,
ethiopian cofee leaf dataset/train aug/Phoma/aug_0_338 (2).jpg,Phoma,excluded_pattern,,
ethiopian cofee leaf dataset/train aug/Phoma/aug_0_338.jpg,Phoma,excluded_pattern,,
ethiopian cofee leaf dataset/train aug/Phoma/aug_0_339 (2).jpg,Phoma,excluded_pattern,,
ethiopian cofee leaf dataset/train aug/Phoma/aug_0_339.jpg,Phoma,excluded_pattern,,
ethiopian cofee leaf dataset/train aug/Phoma/aug_0_340 (2).jpg,Phoma,excluded_pattern,,
ethiopian cofee leaf dataset/train aug/Phoma/aug_0_340.jpg,Phoma,excluded_pattern,,
ethiopian cofee leaf dataset/train aug/Phoma/aug_0_341 (2).jpg,Phoma,excluded_pattern,,
ethiopian cofee leaf dataset/train aug/Phoma/aug_0_341.jpg,Phoma,excluded_pattern,,
ethiopian cofee leaf dataset/train aug/Phoma/aug_0_342 (2).jpg,Phoma,excluded_pattern,,
ethiopian cofee leaf dataset/train aug/Phoma/aug_0_342.jpg,Phoma,excluded_pattern,,
ethiopian cofee leaf dataset/train aug/Phoma/aug_0_343 (2).jpg,Phoma,excluded_pattern,,
ethiopian cofee leaf dataset/train aug/Phoma/aug_0_343.jpg,Phoma,excluded_pattern,,
ethiopian cofee leaf dataset/train aug/Phoma/aug_0_344 (2).jpg,Phoma,excluded_pattern,,
ethiopian cofee leaf dataset/train aug/Phoma/aug_0_344.jpg,Phoma,excluded_pattern,,
ethiopian cofee leaf dataset/train aug/Phoma/aug_0_345 (2).jpg,Phoma,excluded_pattern,,
ethiopian cofee leaf dataset/train aug/Phoma/aug_0_345.jpg,Phoma,excluded_pattern,,
ethiopian cofee leaf dataset/train aug/Phoma/aug_0_346 (2).jpg,Phoma,excluded_pattern,,
ethiopian cofee leaf dataset/train aug/Phoma/aug_0_346.jpg,Phoma,excluded_pattern,,
ethiopian cofee leaf dataset/train aug/Phoma/aug_0_347 (2).jpg,Phoma,excluded_pattern,,
ethiopian cofee leaf dataset/train aug/Phoma/aug_0_347.jpg,Phoma,excluded_pattern,,
ethiopian cofee leaf dataset/train aug/Phoma/aug_0_348.jpg,Phoma,excluded_pattern,,
ethiopian cofee leaf dataset/train aug/Phoma/aug_0_349 (2).jpg,Phoma,excluded_pattern,,
ethiopian cofee leaf dataset/train aug/Phoma/aug_0_349.jpg,Phoma,excluded_pattern,,
ethiopian cofee leaf dataset/train aug/Phoma/aug_0_350.jpg,Phoma,excluded_pattern,,
ethiopian cofee leaf dataset/train aug/Phoma/aug_0_351.jpg,Phoma,excluded_pattern,,
ethiopian cofee leaf dataset/train aug/Phoma/aug_0_352.jpg,Phoma,excluded_pattern,,
ethiopian cofee leaf dataset/train aug/Phoma/aug_0_353.jpg,Phoma,excluded_pattern,,
ethiopian cofee leaf dataset/train aug/Phoma/aug_0_354.jpg,Phoma,excluded_pattern,,
ethiopian cofee leaf dataset/train aug/Phoma/aug_0_355.jpg,Phoma,excluded_pattern,,
ethiopian cofee leaf dataset/train aug/Phoma/aug_0_356 (2).jpg,Phoma,excluded_pattern,,
ethiopian cofee leaf dataset/train aug/Phoma/aug_0_356.jpg,Phoma,excluded_pattern,,
ethiopian cofee leaf dataset/train aug/Phoma/aug_0_357 (2).jpg,Phoma,excluded_pattern,,
ethiopian cofee leaf dataset/train aug/Phoma/aug_0_357.jpg,Phoma,excluded_pattern,,
ethiopian cofee leaf dataset/train aug/Phoma/aug_0_358 (2).jpg,Phoma,excluded_pattern,,
ethiopian cofee leaf dataset/train aug/Phoma/aug_0_358.jpg,Phoma,excluded_pattern,,
ethiopian cofee leaf dataset/train aug/Phoma/aug_0_359 (2).jpg,Phoma,excluded_pattern,,
ethiopian cofee leaf dataset/train aug/Phoma/aug_0_359.jpg,Phoma,excluded_pattern,,
ethiopian cofee leaf dataset/train aug/Phoma/aug_0_360 (2).jpg,Phoma,excluded_pattern,,
ethiopian cofee leaf dataset/train aug/Phoma/aug_0_360.jpg,Phoma,excluded_pattern,,
ethiopian cofee leaf dataset/train aug/Phoma/aug_0_361 (2).jpg,Phoma,excluded_pattern,,
ethiopian cofee leaf dataset/train aug/Phoma/aug_0_361.jpg,Phoma,excluded_pattern,,
ethiopian cofee leaf dataset/train aug/Phoma/aug_0_362 (2).jpg,Phoma,excluded_pattern,,
ethiopian cofee leaf dataset/train aug/Phoma/aug_0_362.jpg,Phoma,excluded_pattern,,
ethiopian cofee leaf dataset/train aug/Phoma/aug_0_363 (2).jpg,Phoma,excluded_pattern,,
ethiopian cofee leaf dataset/train aug/Phoma/aug_0_363.jpg,Phoma,excluded_pattern,,
ethiopian cofee leaf dataset/train aug/Phoma/aug_0_364.jpg,Phoma,excluded_pattern,,
ethiopian cofee leaf dataset/train aug/Phoma/aug_0_365 (2).jpg,Phoma,excluded_pattern,,
ethiopian cofee leaf dataset/train aug/Phoma/aug_0_365.jpg,Phoma,excluded_pattern,,
ethiopian cofee leaf dataset/train aug/Phoma/aug_0_366 (2).jpg,Phoma,excluded_pattern,,
ethiopian cofee leaf dataset/train aug/Phoma/aug_0_366.jpg,Phoma,excluded_pattern,,
ethiopian cofee leaf dataset/train aug/Phoma/aug_0_367 (2).jpg,Phoma,excluded_pattern,,
ethiopian cofee leaf dataset/train aug/Phoma/aug_0_367.jpg,Phoma,excluded_pattern,,
ethiopian cofee leaf dataset/train aug/Phoma/aug_0_368.jpg,Phoma,excluded_pattern,,
ethiopian cofee leaf dataset/train aug/Phoma/aug_0_369.jpg,Phoma,excluded_pattern,,
ethiopian cofee leaf dataset/train aug/Phoma/aug_0_370 (2).jpg,Phoma,excluded_pattern,,
ethiopian cofee leaf dataset/train aug/Phoma/aug_0_370.jpg,Phoma,excluded_pattern,,
ethiopian cofee leaf dataset/train aug/Phoma/aug_0_371 (2).jpg,Phoma,excluded_pattern,,
ethiopian cofee leaf dataset/train aug/Phoma/aug_0_371.jpg,Phoma,excluded_pattern,,
ethiopian cofee leaf dataset/train aug/Phoma/aug_0_372 (2).jpg,Phoma,excluded_pattern,,
ethiopian cofee leaf dataset/train aug/Phoma/aug_0_372.jpg,Phoma,excluded_pattern,,
ethiopian cofee leaf dataset/train aug/Phoma/aug_0_373 (2).jpg,Phoma,excluded_pattern,,
ethiopian cofee leaf dataset/train aug/Phoma/aug_0_373.jpg,Phoma,excluded_pattern,,
ethiopian cofee leaf dataset/train aug/Phoma/aug_0_374.jpg,Phoma,excluded_pattern,,
ethiopian cofee leaf dataset/train aug/Phoma/aug_0_375 (2).jpg,Phoma,excluded_pattern,,
ethiopian cofee leaf dataset/train aug/Phoma/aug_0_375.jpg,Phoma,excluded_pattern,,
ethiopian cofee leaf dataset/train aug/Phoma/aug_0_376.jpg,Phoma,excluded_pattern,,
ethiopian cofee leaf dataset/train aug/Phoma/aug_0_377 (2).jpg,Phoma,excluded_pattern,,
ethiopian cofee leaf dataset/train aug/Phoma/aug_0_377.jpg,Phoma,excluded_pattern,,
ethiopian cofee leaf dataset/train aug/Phoma/aug_0_378 (2).jpg,Phoma,excluded_pattern,,
ethiopian cofee leaf dataset/train aug/Phoma/aug_0_378.jpg,Phoma,excluded_pattern,,
ethiopian cofee leaf dataset/train aug/Phoma/aug_0_379.jpg,Phoma,excluded_pattern,,
ethiopian cofee leaf dataset/train aug/Phoma/aug_0_380 (2).jpg,Phoma,excluded_pattern,,
ethiopian cofee leaf dataset/train aug/Phoma/aug_0_380.jpg,Phoma,excluded_pattern,,
ethiopian cofee leaf dataset/train aug/Phoma/aug_0_381 (2).jpg,Phoma,excluded_pattern,,
ethiopian cofee leaf dataset/train aug/Phoma/aug_0_381.jpg,Phoma,excluded_pattern,,
ethiopian cofee leaf dataset/train aug/Phoma/aug_0_382.jpg,Phoma,excluded_pattern,,
ethiopian cofee leaf dataset/train aug/Phoma/aug_0_383 (2).jpg,Phoma,excluded_pattern,,
ethiopian cofee leaf dataset/train aug/Phoma/aug_0_383.jpg,Phoma,excluded_pattern,,
ethiopian cofee leaf dataset/train aug/Phoma/aug_0_384.jpg,Phoma,excluded_pattern,,
ethiopian cofee leaf dataset/train aug/Phoma/aug_0_385.jpg,Phoma,excluded_pattern,,
ethiopian cofee leaf dataset/train aug/Phoma/aug_0_386.jpg,Phoma,excluded_pattern,,
ethiopian cofee leaf dataset/train aug/Phoma/aug_0_387 (2).jpg,Phoma,excluded_pattern,,
ethiopian cofee leaf dataset/train aug/Phoma/aug_0_387.jpg,Phoma,excluded_pattern,,
ethiopian cofee leaf dataset/train aug/Phoma/aug_0_388.jpg,Phoma,excluded_pattern,,
ethiopian cofee leaf dataset/train aug/Phoma/aug_0_389 (2).jpg,Phoma,excluded_pattern,,
ethiopian cofee leaf dataset/train aug/Phoma/aug_0_389.jpg,Phoma,excluded_pattern,,
ethiopian cofee leaf dataset/train aug/Phoma/aug_0_390.jpg,Phoma,excluded_pattern,,
ethiopian cofee leaf dataset/train aug/Phoma/aug_0_391 (2).jpg,Phoma,excluded_pattern,,
ethiopian cofee leaf dataset/train aug/Phoma/aug_0_391.jpg,Phoma,excluded_pattern,,
ethiopian cofee leaf dataset/train aug/Phoma/aug_0_392 (2).jpg,Phoma,excluded_pattern,,
ethiopian cofee leaf dataset/train aug/Phoma/aug_0_392.jpg,Phoma,excluded_pattern,,
ethiopian cofee leaf dataset/train aug/Phoma/aug_0_393 (2).jpg,Phoma,excluded_pattern,,
ethiopian cofee leaf dataset/train aug/Phoma/aug_0_393.jpg,Phoma,excluded_pattern,,
ethiopian cofee leaf dataset/train aug/Phoma/aug_0_394 (2).jpg,Phoma,excluded_pattern,,
ethiopian cofee leaf dataset/train aug/Phoma/aug_0_394.jpg,Phoma,excluded_pattern,,
ethiopian cofee leaf dataset/train aug/Phoma/aug_0_395 (2).jpg,Phoma,excluded_pattern,,
ethiopian cofee leaf dataset/train aug/Phoma/aug_0_395.jpg,Phoma,excluded_pattern,,
ethiopian cofee leaf dataset/train aug/Phoma/aug_0_396.jpg,Phoma,excluded_pattern,,
ethiopian cofee leaf dataset/train aug/Phoma/aug_0_397 (2).jpg,Phoma,excluded_pattern,,
ethiopian cofee leaf dataset/train aug/Phoma/aug_0_397.jpg,Phoma,excluded_pattern,,
ethiopian cofee leaf dataset/train aug/Phoma/aug_0_398.jpg,Phoma,excluded_pattern,,
ethiopian cofee leaf dataset/train aug/Phoma/aug_0_399 (2).jpg,Phoma,excluded_pattern,,
ethiopian cofee leaf dataset/train aug/Phoma/aug_0_399.jpg,Phoma,excluded_pattern,,
ethiopian cofee leaf dataset/train aug/Phoma/aug_0_400.jpg,Phoma,excluded_pattern,,
ethiopian cofee leaf dataset/train aug/Phoma/aug_0_401 (2).jpg,Phoma,excluded_pattern,,
ethiopian cofee leaf dataset/train aug/Phoma/aug_0_401.jpg,Phoma,excluded_pattern,,
ethiopian cofee leaf dataset/train aug/Phoma/aug_0_402 (2).jpg,Phoma,excluded_pattern,,
ethiopian cofee leaf dataset/train aug/Phoma/aug_0_402.jpg,Phoma,excluded_pattern,,
ethiopian cofee leaf dataset/train aug/Phoma/aug_0_403 (2).jpg,Phoma,excluded_pattern,,
ethiopian cofee leaf dataset/train aug/Phoma/aug_0_403.jpg,Phoma,excluded_pattern,,
ethiopian cofee leaf dataset/train aug/Phoma/aug_0_404 (2).jpg,Phoma,excluded_pattern,,
ethiopian cofee leaf dataset/train aug/Phoma/aug_0_404.jpg,Phoma,excluded_pattern,,
ethiopian cofee leaf dataset/train aug/Phoma/aug_0_405 (2).jpg,Phoma,excluded_pattern,,
ethiopian cofee leaf dataset/train aug/Phoma/aug_0_405.jpg,Phoma,excluded_pattern,,
ethiopian cofee leaf dataset/train aug/Phoma/aug_0_406 (2).jpg,Phoma,excluded_pattern,,
ethiopian cofee leaf dataset/train aug/Phoma/aug_0_406.jpg,Phoma,excluded_pattern,,
ethiopian cofee leaf dataset/train aug/Phoma/aug_0_407.jpg,Phoma,excluded_pattern,,
ethiopian cofee leaf dataset/train aug/Phoma/aug_0_408 (2).jpg,Phoma,excluded_pattern,,
ethiopian cofee leaf dataset/train aug/Phoma/aug_0_408.jpg,Phoma,excluded_pattern,,
ethiopian cofee leaf dataset/train aug/Phoma/aug_0_409 (2).jpg,Phoma,excluded_pattern,,
ethiopian cofee leaf dataset/train aug/Phoma/aug_0_409.jpg,Phoma,excluded_pattern,,
ethiopian cofee leaf dataset/train aug/Phoma/aug_0_410 (2).jpg,Phoma,excluded_pattern,,
ethiopian cofee leaf dataset/train aug/Phoma/aug_0_410.jpg,Phoma,excluded_pattern,,
ethiopian cofee leaf dataset/train aug/Phoma/aug_0_411 (2).jpg,Phoma,excluded_pattern,,
ethiopian cofee leaf dataset/train aug/Phoma/aug_0_411.jpg,Phoma,excluded_pattern,,
ethiopian cofee leaf dataset/train aug/Phoma/aug_0_412.jpg,Phoma,excluded_pattern,,
ethiopian cofee leaf dataset/train aug/Phoma/aug_0_413.jpg,Phoma,excluded_pattern,,
ethiopian cofee leaf dataset/train aug/Phoma/aug_0_414 (2).jpg,Phoma,excluded_pattern,,
ethiopian cofee leaf dataset/train aug/Phoma/aug_0_414.jpg,Phoma,excluded_pattern,,
ethiopian cofee leaf dataset/train aug/Phoma/aug_0_415.jpg,Phoma,excluded_pattern,,
ethiopian cofee leaf dataset/train aug/Phoma/aug_0_416 (2).jpg,Phoma,excluded_pattern,,
ethiopian cofee leaf dataset/train aug/Phoma/aug_0_416.jpg,Phoma,excluded_pattern,,
ethiopian cofee leaf dataset/train aug/Phoma/aug_0_417 (2).jpg,Phoma,excluded_pattern,,
ethiopian cofee leaf dataset/train aug/Phoma/aug_0_417.jpg,Phoma,excluded_pattern,,
ethiopian cofee leaf dataset/train aug/Phoma/aug_0_418 (2).jpg,Phoma,excluded_pattern,,
ethiopian cofee leaf dataset/train aug/Phoma/aug_0_418.jpg,Phoma,excluded_pattern,,
ethiopian cofee leaf dataset/train aug/Phoma/aug_0_419 (2).jpg,Phoma,excluded_pattern,,
ethiopian cofee leaf dataset/train aug/Phoma/aug_0_419.jpg,Phoma,excluded_pattern,,
ethiopian cofee leaf dataset/train aug/Phoma/aug_0_420 (2).jpg,Phoma,excluded_pattern,,
ethiopian cofee leaf dataset/train aug/Phoma/aug_0_420.jpg,Phoma,excluded_pattern,,
ethiopian cofee leaf dataset/train aug/Phoma/aug_0_421 (2).jpg,Phoma,excluded_pattern,,
ethiopian cofee leaf dataset/train aug/Phoma/aug_0_421.jpg,Phoma,excluded_pattern,,
ethiopian cofee leaf dataset/train aug/Phoma/aug_0_422 (2).jpg,Phoma,excluded_pattern,,
ethiopian cofee leaf dataset/train aug/Phoma/aug_0_422.jpg,Phoma,excluded_pattern,,
ethiopian cofee leaf dataset/train aug/Phoma/aug_0_423 (2).jpg,Phoma,excluded_pattern,,
ethiopian cofee leaf dataset/train aug/Phoma/aug_0_423.jpg,Phoma,excluded_pattern,,
ethiopian cofee leaf dataset/train aug/Phoma/aug_0_424.jpg,Phoma,excluded_pattern,,
ethiopian cofee leaf dataset/train aug/Phoma/aug_0_425.jpg,Phoma,excluded_pattern,,
ethiopian cofee leaf dataset/train aug/Phoma/aug_0_426 (2).jpg,Phoma,excluded_pattern,,
ethiopian cofee leaf dataset/train aug/Phoma/aug_0_426.jpg,Phoma,excluded_pattern,,
ethiopian cofee leaf dataset/train aug/Phoma/aug_0_427 (2).jpg,Phoma,excluded_pattern,,
ethiopian cofee leaf dataset/train aug/Phoma/aug_0_427.jpg,Phoma,excluded_pattern,,
ethiopian cofee leaf dataset/train aug/Phoma/aug_0_428 (2).jpg,Phoma,excluded_pattern,,
ethiopian cofee leaf dataset/train aug/Phoma/aug_0_428.jpg,Phoma,excluded_pattern,,
ethiopian cofee leaf dataset/train aug/Phoma/aug_0_429 (2).jpg,Phoma,excluded_pattern,,
ethiopian cofee leaf dataset/train aug/Phoma/aug_0_429.jpg,Phoma,excluded_pattern,,
ethiopian cofee leaf dataset/train aug/Phoma/aug_0_430 (2).jpg,Phoma,excluded_pattern,,
ethiopian cofee leaf dataset/train aug/Phoma/aug_0_430.jpg,Phoma,excluded_pattern,,
ethiopian cofee leaf dataset/train aug/Phoma/aug_0_431 (2).jpg,Phoma,excluded_pattern,,
ethiopian cofee leaf dataset/train aug/Phoma/aug_0_431.jpg,Phoma,excluded_pattern,,
ethiopian cofee leaf dataset/train aug/Phoma/aug_0_432 (2).jpg,Phoma,excluded_pattern,,
ethiopian cofee leaf dataset/train aug/Phoma/aug_0_432.jpg,Phoma,excluded_pattern,,
ethiopian cofee leaf dataset/train aug/Phoma/aug_0_433 (2).jpg,Phoma,excluded_pattern,,
ethiopian cofee leaf dataset/train aug/Phoma/aug_0_433.jpg,Phoma,excluded_pattern,,
ethiopian cofee leaf dataset/train aug/Phoma/aug_0_434 (2).jpg,Phoma,excluded_pattern,,
ethiopian cofee leaf dataset/train aug/Phoma/aug_0_434.jpg,Phoma,excluded_pattern,,
ethiopian cofee leaf dataset/train aug/Phoma/aug_0_435.jpg,Phoma,excluded_pattern,,
ethiopian cofee leaf dataset/train aug/Phoma/aug_0_436 (2).jpg,Phoma,excluded_pattern,,
ethiopian cofee leaf dataset/train aug/Phoma/aug_0_436.jpg,Phoma,excluded_pattern,,
ethiopian cofee leaf dataset/train aug/Phoma/aug_0_437 (2).jpg,Phoma,excluded_pattern,,
ethiopian cofee leaf dataset/train aug/Phoma/aug_0_437.jpg,Phoma,excluded_pattern,,
ethiopian cofee leaf dataset/train aug/Phoma/aug_0_438.jpg,Phoma,excluded_pattern,,
ethiopian cofee leaf dataset/train aug/Phoma/aug_0_439 (2).jpg,Phoma,excluded_pattern,,
ethiopian cofee leaf dataset/train aug/Phoma/aug_0_439.jpg,Phoma,excluded_pattern,,
ethiopian cofee leaf dataset/train aug/Phoma/aug_0_440 (2).jpg,Phoma,excluded_pattern,,
ethiopian cofee leaf dataset/train aug/Phoma/aug_0_440.jpg,Phoma,excluded_pattern,,
ethiopian cofee leaf dataset/train aug/Phoma/aug_0_441 (2).jpg,Phoma,excluded_pattern,,
ethiopian cofee leaf dataset/train aug/Phoma/aug_0_441.jpg,Phoma,excluded_pattern,,
ethiopian cofee leaf dataset/train aug/Phoma/aug_0_442 (2).jpg,Phoma,excluded_pattern,,
ethiopian cofee leaf dataset/train aug/Phoma/aug_0_442.jpg,Phoma,excluded_pattern,,
ethiopian cofee leaf dataset/train aug/Phoma/aug_0_443.jpg,Phoma,excluded_pattern,,
ethiopian cofee leaf dataset/train aug/Phoma/aug_0_444.jpg,Phoma,excluded_pattern,,
ethiopian cofee leaf dataset/train aug/Phoma/aug_0_445.jpg,Phoma,excluded_pattern,,
ethiopian cofee leaf dataset/train aug/Phoma/aug_0_446 (2).jpg,Phoma,excluded_pattern,,
ethiopian cofee leaf dataset/train aug/Phoma/aug_0_446.jpg,Phoma,excluded_pattern,,
ethiopian cofee leaf dataset/train aug/Phoma/aug_0_447 (2).jpg,Phoma,excluded_pattern,,
ethiopian cofee leaf dataset/train aug/Phoma/aug_0_447.jpg,Phoma,excluded_pattern,,
ethiopian cofee leaf dataset/train aug/Phoma/aug_0_448.jpg,Phoma,excluded_pattern,,
ethiopian cofee leaf dataset/train aug/Phoma/aug_0_449 (2).jpg,Phoma,excluded_pattern,,
ethiopian cofee leaf dataset/train aug/Phoma/aug_0_449.jpg,Phoma,excluded_pattern,,
ethiopian cofee leaf dataset/train aug/Phoma/aug_0_450.jpg,Phoma,excluded_pattern,,
ethiopian cofee leaf dataset/train aug/Phoma/aug_0_451.jpg,Phoma,excluded_pattern,,
ethiopian cofee leaf dataset/train aug/Phoma/aug_0_452 (2).jpg,Phoma,excluded_pattern,,
ethiopian cofee leaf dataset/train aug/Phoma/aug_0_452.jpg,Phoma,excluded_pattern,,
ethiopian cofee leaf dataset/train aug/Phoma/aug_0_453.jpg,Phoma,excluded_pattern,,
ethiopian cofee leaf dataset/train aug/Phoma/aug_0_454.jpg,Phoma,excluded_pattern,,
ethiopian cofee leaf dataset/train aug/Phoma/aug_0_455 (2).jpg,Phoma,excluded_pattern,,
ethiopian cofee leaf dataset/train aug/Phoma/aug_0_455.jpg,Phoma,excluded_pattern,,
ethiopian cofee leaf dataset/train aug/Phoma/aug_0_456 (2).jpg,Phoma,excluded_pattern,,
ethiopian cofee leaf dataset/train aug/Phoma/aug_0_456.jpg,Phoma,excluded_pattern,,
ethiopian cofee leaf dataset/train aug/Phoma/aug_0_457 (2).jpg,Phoma,excluded_pattern,,
ethiopian cofee leaf dataset/train aug/Phoma/aug_0_457.jpg,Phoma,excluded_pattern,,
ethiopian cofee leaf dataset/train aug/Phoma/aug_0_458 (2).jpg,Phoma,excluded_pattern,,
ethiopian cofee leaf dataset/train aug/Phoma/aug_0_458.jpg,Phoma,excluded_pattern,,
ethiopian cofee leaf dataset/train aug/Phoma/aug_0_459 (2).jpg,Phoma,excluded_pattern,,
ethiopian cofee leaf dataset/train aug/Phoma/aug_0_459.jpg,Phoma,excluded_pattern,,
ethiopian cofee leaf dataset/train aug/Phoma/aug_0_460 (2).jpg,Phoma,excluded_pattern,,
ethiopian cofee leaf dataset/train aug/Phoma/aug_0_460.jpg,Phoma,excluded_pattern,,
ethiopian cofee leaf dataset/train aug/Phoma/aug_0_461 (2).jpg,Phoma,excluded_pattern,,
ethiopian cofee leaf dataset/train aug/Phoma/aug_0_461.jpg,Phoma,excluded_pattern,,
ethiopian cofee leaf dataset/train aug/Phoma/aug_0_462 (2).jpg,Phoma,excluded_pattern,,
ethiopian cofee leaf dataset/train aug/Phoma/aug_0_462.jpg,Phoma,excluded_pattern,,
ethiopian cofee leaf dataset/train aug/Phoma/aug_0_463 (2).jpg,Phoma,excluded_pattern,,
ethiopian cofee leaf dataset/train aug/Phoma/aug_0_463.jpg,Phoma,excluded_pattern,,
ethiopian cofee leaf dataset/train aug/Phoma/aug_0_464.jpg,Phoma,excluded_pattern,,
ethiopian cofee leaf dataset/train aug/Phoma/aug_0_465 (2).jpg,Phoma,excluded_pattern,,
ethiopian cofee leaf dataset/train aug/Phoma/aug_0_465.jpg,Phoma,excluded_pattern,,
ethiopian cofee leaf dataset/train aug/Phoma/aug_0_466 (2).jpg,Phoma,excluded_pattern,,
ethiopian cofee leaf dataset/train aug/Phoma/aug_0_466.jpg,Phoma,excluded_pattern,,
ethiopian cofee leaf dataset/train aug/Phoma/aug_0_467 (2).jpg,Phoma,excluded_pattern,,
ethiopian cofee leaf dataset/train aug/Phoma/aug_0_467.jpg,Phoma,excluded_pattern,,
ethiopian cofee leaf dataset/train aug/Phoma/aug_0_468 (2).jpg,Phoma,excluded_pattern,,
ethiopian cofee leaf dataset/train aug/Phoma/aug_0_468.jpg,Phoma,excluded_pattern,,
ethiopian cofee leaf dataset/train aug/Phoma/aug_0_469 (2).jpg,Phoma,excluded_pattern,,
ethiopian cofee leaf dataset/train aug/Phoma/aug_0_469.jpg,Phoma,excluded_pattern,,
ethiopian cofee leaf dataset/train aug/Phoma/aug_0_470 (2).jpg,Phoma,excluded_pattern,,
ethiopian cofee leaf dataset/train aug/Phoma/aug_0_470.jpg,Phoma,excluded_pattern,,
ethiopian cofee leaf dataset/train aug/Phoma/aug_0_471 (2).jpg,Phoma,excluded_pattern,,
ethiopian cofee leaf dataset/train aug/Phoma/aug_0_471.jpg,Phoma,excluded_pattern,,
ethiopian cofee leaf dataset/train aug/Phoma/aug_0_472.jpg,Phoma,excluded_pattern,,
ethiopian cofee leaf dataset/train aug/Phoma/aug_0_473 (2).jpg,Phoma,excluded_pattern,,
ethiopian cofee leaf dataset/train aug/Phoma/aug_0_473.jpg,Phoma,excluded_pattern,,
ethiopian cofee leaf dataset/train aug/Phoma/aug_0_474 (2).jpg,Phoma,excluded_pattern,,
ethiopian cofee leaf dataset/train aug/Phoma/aug_0_474.jpg,Phoma,excluded_pattern,,
ethiopian cofee leaf dataset/train aug/Phoma/aug_0_475 (2).jpg,Phoma,excluded_pattern,,
ethiopian cofee leaf dataset/train aug/Phoma/aug_0_475.jpg,Phoma,excluded_pattern,,
ethiopian cofee leaf dataset/train aug/Phoma/aug_0_476 (2).jpg,Phoma,excluded_pattern,,
ethiopian cofee leaf dataset/train aug/Phoma/aug_0_476.jpg,Phoma,excluded_pattern,,
ethiopian cofee leaf dataset/train aug/Phoma/aug_0_477 (2).jpg,Phoma,excluded_pattern,,
ethiopian cofee leaf dataset/train aug/Phoma/aug_0_477.jpg,Phoma,excluded_pattern,,
ethiopian cofee leaf dataset/train aug/Phoma/aug_0_478 (2).jpg,Phoma,excluded_pattern,,
ethiopian cofee leaf dataset/train aug/Phoma/aug_0_478.jpg,Phoma,excluded_pattern,,
ethiopian cofee leaf dataset/train aug/Phoma/aug_0_479 (2).jpg,Phoma,excluded_pattern,,
ethiopian cofee leaf dataset/train aug/Phoma/aug_0_479.jpg,Phoma,excluded_pattern,,
ethiopian cofee leaf dataset/train aug/Phoma/aug_0_480 (2).jpg,Phoma,excluded_pattern,,
ethiopian cofee leaf dataset/train aug/Phoma/aug_0_480.jpg,Phoma,excluded_pattern,,
ethiopian cofee leaf dataset/train aug/Phoma/aug_0_481 (2).jpg,Phoma,excluded_pattern,,
ethiopian cofee leaf dataset/train aug/Phoma/aug_0_481.jpg,Phoma,excluded_pattern,,
ethiopian cofee leaf dataset/train aug/Phoma/aug_0_482 (2).jpg,Phoma,excluded_pattern,,
ethiopian cofee leaf dataset/train aug/Phoma/aug_0_482.jpg,Phoma,excluded_pattern,,
ethiopian cofee leaf dataset/train aug/Phoma/aug_0_483 (2).jpg,Phoma,excluded_pattern,,
ethiopian cofee leaf dataset/train aug/Phoma/aug_0_483.jpg,Phoma,excluded_pattern,,
ethiopian cofee leaf dataset/train aug/Phoma/aug_0_484 (2).jpg,Phoma,excluded_pattern,,
ethiopian cofee leaf dataset/train aug/Phoma/aug_0_484.jpg,Phoma,excluded_pattern,,
ethiopian cofee leaf dataset/train aug/Phoma/aug_0_485 (2).jpg,Phoma,excluded_pattern,,
ethiopian cofee leaf dataset/train aug/Phoma/aug_0_485.jpg,Phoma,excluded_pattern,,
ethiopian cofee leaf dataset/train aug/Phoma/aug_0_486 (2).jpg,Phoma,excluded_pattern,,
ethiopian cofee leaf dataset/train aug/Phoma/aug_0_486.jpg,Phoma,excluded_pattern,,
ethiopian cofee leaf dataset/train aug/Phoma/aug_0_487.jpg,Phoma,excluded_pattern,,
ethiopian cofee leaf dataset/train aug/Phoma/aug_0_488.jpg,Phoma,excluded_pattern,,
ethiopian cofee leaf dataset/train aug/Phoma/aug_0_489.jpg,Phoma,excluded_pattern,,
ethiopian cofee leaf dataset/train aug/Phoma/aug_0_490 (2).jpg,Phoma,excluded_pattern,,
ethiopian cofee leaf dataset/train aug/Phoma/aug_0_490.jpg,Phoma,excluded_pattern,,
ethiopian cofee leaf dataset/train aug/Phoma/aug_0_491 (2).jpg,Phoma,excluded_pattern,,
ethiopian cofee leaf dataset/train aug/Phoma/aug_0_491.jpg,Phoma,excluded_pattern,,
ethiopian cofee leaf dataset/train aug/Phoma/aug_0_492.jpg,Phoma,excluded_pattern,,
ethiopian cofee leaf dataset/train aug/Phoma/aug_0_493 (2).jpg,Phoma,excluded_pattern,,
ethiopian cofee leaf dataset/train aug/Phoma/aug_0_493.jpg,Phoma,excluded_pattern,,
ethiopian cofee leaf dataset/train aug/Phoma/aug_0_494 (2).jpg,Phoma,excluded_pattern,,
ethiopian cofee leaf dataset/train aug/Phoma/aug_0_494.jpg,Phoma,excluded_pattern,,
ethiopian cofee leaf dataset/train aug/Phoma/aug_0_495.jpg,Phoma,excluded_pattern,,
ethiopian cofee leaf dataset/train aug/Phoma/aug_0_496 (2).jpg,Phoma,excluded_pattern,,
ethiopian cofee leaf dataset/train aug/Phoma/aug_0_496.jpg,Phoma,excluded_pattern,,
ethiopian cofee leaf dataset/train aug/Phoma/aug_0_497 (2).jpg,Phoma,excluded_pattern,,
ethiopian cofee leaf dataset/train aug/Phoma/aug_0_497.jpg,Phoma,excluded_pattern,,
ethiopian cofee leaf dataset/train aug/Phoma/aug_0_498.jpg,Phoma,excluded_pattern,,
ethiopian cofee leaf dataset/train aug/Phoma/aug_0_499 (2).jpg,Phoma,excluded_pattern,,
ethiopian cofee leaf dataset/train aug/Phoma/aug_0_499.jpg,Phoma,excluded_pattern,,
ethiopian cofee leaf dataset/train aug/Phoma/aug_0_500 (2).jpg,Phoma,excluded_pattern,,
ethiopian cofee leaf dataset/train aug/Phoma/aug_0_500.jpg,Phoma,excluded_pattern,,
ethiopian cofee leaf dataset/train aug/Phoma/aug_0_501 (2).jpg,Phoma,excluded_pattern,,
ethiopian cofee leaf dataset/train aug/Phoma/aug_0_501.jpg,Phoma,excluded_pattern,,
ethiopian cofee leaf dataset/train aug/Phoma/aug_0_502.jpg,Phoma,excluded_pattern,,
ethiopian cofee leaf dataset/train aug/Phoma/aug_0_503 (2).jpg,Phoma,excluded_pattern,,
ethiopian cofee leaf dataset/train aug/Phoma/aug_0_503.jpg,Phoma,excluded_pattern,,
ethiopian cofee leaf dataset/train aug/Phoma/aug_0_504 (2).jpg,Phoma,excluded_pattern,,
ethiopian cofee leaf dataset/train aug/Phoma/aug_0_504.jpg,Phoma,excluded_pattern,,
ethiopian cofee leaf dataset/train aug/Phoma/aug_0_505 (2).jpg,Phoma,excluded_pattern,,
ethiopian cofee leaf dataset/train aug/Phoma/aug_0_505.jpg,Phoma,excluded_pattern,,
ethiopian cofee leaf dataset/train aug/Phoma/aug_0_506 (2).jpg,Phoma,excluded_pattern,,
ethiopian cofee leaf dataset/train aug/Phoma/aug_0_506.jpg,Phoma,excluded_pattern,,
ethiopian cofee leaf dataset/train aug/Phoma/aug_0_507 (2).jpg,Phoma,excluded_pattern,,
ethiopian cofee leaf dataset/train aug/Phoma/aug_0_507.jpg,Phoma,excluded_pattern,,
ethiopian cofee leaf dataset/train aug/Phoma/aug_0_508 (2).jpg,Phoma,excluded_pattern,,
ethiopian cofee leaf dataset/train aug/Phoma/aug_0_508.jpg,Phoma,excluded_pattern,,
ethiopian cofee leaf dataset/train aug/Phoma/aug_0_509 (2).jpg,Phoma,excluded_pattern,,
ethiopian cofee leaf dataset/train aug/Phoma/aug_0_509.jpg,Phoma,excluded_pattern,,
ethiopian cofee leaf dataset/train aug/Phoma/aug_0_510 (2).jpg,Phoma,excluded_pattern,,
ethiopian cofee leaf dataset/train aug/Phoma/aug_0_510.jpg,Phoma,excluded_pattern,,
ethiopian cofee leaf dataset/train aug/Phoma/aug_0_511 (2).jpg,Phoma,excluded_pattern,,
ethiopian cofee leaf dataset/train aug/Phoma/aug_0_511.jpg,Phoma,excluded_pattern,,
ethiopian cofee leaf dataset/train aug/Phoma/aug_0_512 (2).jpg,Phoma,excluded_pattern,,
ethiopian cofee leaf dataset/train aug/Phoma/aug_0_512.jpg,Phoma,excluded_pattern,,
ethiopian cofee leaf dataset/train aug/Phoma/aug_0_513 (2).jpg,Phoma,excluded_pattern,,
ethiopian cofee leaf dataset/train aug/Phoma/aug_0_513.jpg,Phoma,excluded_pattern,,
ethiopian cofee leaf dataset/train aug/Phoma/aug_0_514 (2).jpg,Phoma,excluded_pattern,,
ethiopian cofee leaf dataset/train aug/Phoma/aug_0_514.jpg,Phoma,excluded_pattern,,
ethiopian cofee leaf dataset/train aug/Phoma/aug_0_515 (2).jpg,Phoma,excluded_pattern,,
ethiopian cofee leaf dataset/train aug/Phoma/aug_0_515.jpg,Phoma,excluded_pattern,,
ethiopian cofee leaf dataset/train aug/Phoma/aug_0_516 (2).jpg,Phoma,excluded_pattern,,
ethiopian cofee leaf dataset/train aug/Phoma/aug_0_516.jpg,Phoma,excluded_pattern,,
ethiopian cofee leaf dataset/train aug/Phoma/aug_0_517 (2).jpg,Phoma,excluded_pattern,,
ethiopian cofee leaf dataset/train aug/Phoma/aug_0_517.jpg,Phoma,excluded_pattern,,
ethiopian cofee leaf dataset/train aug/Phoma/aug_0_518 (2).jpg,Phoma,excluded_pattern,,
ethiopian cofee leaf dataset/train aug/Phoma/aug_0_518.jpg,Phoma,excluded_pattern,,
ethiopian cofee leaf dataset/train aug/Phoma/aug_0_519 (2).jpg,Phoma,excluded_pattern,,
ethiopian cofee leaf dataset/train aug/Phoma/aug_0_519.jpg,Phoma,excluded_pattern,,
ethiopian cofee leaf dataset/train aug/Phoma/aug_0_520 (2).jpg,Phoma,excluded_pattern,,
ethiopian cofee leaf dataset/train aug/Phoma/aug_0_520.jpg,Phoma,excluded_pattern,,
ethiopian cofee leaf dataset/train aug/Phoma/aug_0_521 (2).jpg,Phoma,excluded_pattern,,
ethiopian cofee leaf dataset/train aug/Phoma/aug_0_521.jpg,Phoma,excluded_pattern,,
ethiopian cofee leaf dataset/train aug/Phoma/aug_0_522 (2).jpg,Phoma,excluded_pattern,,
ethiopian cofee leaf dataset/train aug/Phoma/aug_0_522.jpg,Phoma,excluded_pattern,,
ethiopian cofee leaf dataset/train aug/Phoma/aug_0_523 (2).jpg,Phoma,excluded_pattern,,
ethiopian cofee leaf dataset/train aug/Phoma/aug_0_523.jpg,Phoma,excluded_pattern,,
ethiopian cofee leaf dataset/train aug/Phoma/aug_0_524 (2).jpg,Phoma,excluded_pattern,,
ethiopian cofee leaf dataset/train aug/Phoma/aug_0_524.jpg,Phoma,excluded_pattern,,
ethiopian cofee leaf dataset/train aug/Phoma/aug_0_525.jpg,Phoma,excluded_pattern,,
ethiopian cofee leaf dataset/train aug/Phoma/aug_0_526 (2).jpg,Phoma,excluded_pattern,,
ethiopian cofee leaf dataset/train aug/Phoma/aug_0_526.jpg,Phoma,excluded_pattern,,
ethiopian cofee leaf dataset/train aug/Phoma/aug_0_527 (2).jpg,Phoma,excluded_pattern,,
ethiopian cofee leaf dataset/train aug/Phoma/aug_0_527.jpg,Phoma,excluded_pattern,,
ethiopian cofee leaf dataset/train aug/Phoma/aug_0_528 (2).jpg,Phoma,excluded_pattern,,
ethiopian cofee leaf dataset/train aug/Phoma/aug_0_528.jpg,Phoma,excluded_pattern,,
ethiopian cofee leaf dataset/train aug/Phoma/aug_0_529.jpg,Phoma,excluded_pattern,,
ethiopian cofee leaf dataset/train aug/Phoma/aug_0_530 (2).jpg,Phoma,excluded_pattern,,
ethiopian cofee leaf dataset/train aug/Phoma/aug_0_530.jpg,Phoma,excluded_pattern,,
ethiopian cofee leaf dataset/train aug/Phoma/aug_0_531 (2).jpg,Phoma,excluded_pattern,,
ethiopian cofee leaf dataset/train aug/Phoma/aug_0_531.jpg,Phoma,excluded_pattern,,
ethiopian cofee leaf dataset/train aug/Phoma/aug_0_532 (2).jpg,Phoma,excluded_pattern,,
ethiopian cofee leaf dataset/train aug/Phoma/aug_0_532.jpg,Phoma,excluded_pattern,,
ethiopian cofee leaf dataset/train aug/Phoma/aug_0_533.jpg,Phoma,excluded_pattern,,
ethiopian cofee leaf dataset/train aug/Phoma/aug_0_534 (2).jpg,Phoma,excluded_pattern,,
ethiopian cofee leaf dataset/train aug/Phoma/aug_0_534.jpg,Phoma,excluded_pattern,,
ethiopian cofee leaf dataset/train aug/Phoma/aug_0_535 (2).jpg,Phoma,excluded_pattern,,
ethiopian cofee leaf dataset/train aug/Phoma/aug_0_535.jpg,Phoma,excluded_pattern,,
ethiopian cofee leaf dataset/train aug/Phoma/aug_0_536 (2).jpg,Phoma,excluded_pattern,,
ethiopian cofee leaf dataset/train aug/Phoma/aug_0_536.jpg,Phoma,excluded_pattern,,
ethiopian cofee leaf dataset/train aug/Phoma/aug_0_537 (2).jpg,Phoma,excluded_pattern,,
ethiopian cofee leaf dataset/train aug/Phoma/aug_0_537.jpg,Phoma,excluded_pattern,,
ethiopian cofee leaf dataset/train aug/Phoma/aug_0_538 (2).jpg,Phoma,excluded_pattern,,
ethiopian cofee leaf dataset/train aug/Phoma/aug_0_538.jpg,Phoma,excluded_pattern,,
ethiopian cofee leaf dataset/train aug/Phoma/aug_0_539 (2).jpg,Phoma,excluded_pattern,,
ethiopian cofee leaf dataset/train aug/Phoma/aug_0_539.jpg,Phoma,excluded_pattern,,
ethiopian cofee leaf dataset/train aug/Phoma/aug_0_540 (2).jpg,Phoma,excluded_pattern,,
ethiopian cofee leaf dataset/train aug/Phoma/aug_0_540.jpg,Phoma,excluded_pattern,,
ethiopian cofee leaf dataset/train aug/Phoma/aug_0_541 (2).jpg,Phoma,excluded_pattern,,
ethiopian cofee leaf dataset/train aug/Phoma/aug_0_541.jpg,Phoma,excluded_pattern,,
ethiopian cofee leaf dataset/train aug/Phoma/aug_0_542.jpg,Phoma,excluded_pattern,,
ethiopian cofee leaf dataset/train aug/Phoma/aug_0_543.jpg,Phoma,excluded_pattern,,
ethiopian cofee leaf dataset/train aug/Phoma/aug_0_544 (2).jpg,Phoma,excluded_pattern,,
ethiopian cofee leaf dataset/train aug/Phoma/aug_0_544.jpg,Phoma,excluded_pattern,,
ethiopian cofee leaf dataset/train aug/Phoma/aug_0_545 (2).jpg,Phoma,excluded_pattern,,
ethiopian cofee leaf dataset/train aug/Phoma/aug_0_545.jpg,Phoma,excluded_pattern,,
ethiopian cofee leaf dataset/train aug/Phoma/aug_0_546 (2).jpg,Phoma,excluded_pattern,,
ethiopian cofee leaf dataset/train aug/Phoma/aug_0_546.jpg,Phoma,excluded_pattern,,
ethiopian cofee leaf dataset/train aug/Phoma/aug_0_547 (2).jpg,Phoma,excluded_pattern,,
ethiopian cofee leaf dataset/train aug/Phoma/aug_0_547.jpg,Phoma,excluded_pattern,,
ethiopian cofee leaf dataset/train aug/Phoma/aug_0_548.jpg,Phoma,excluded_pattern,,
ethiopian cofee leaf dataset/train aug/Phoma/aug_0_549 (2).jpg,Phoma,excluded_pattern,,
ethiopian cofee leaf dataset/train aug/Phoma/aug_0_549.jpg,Phoma,excluded_pattern,,
ethiopian cofee leaf dataset/train aug/Phoma/aug_0_550 (2).jpg,Phoma,excluded_pattern,,
ethiopian cofee leaf dataset/train aug/Phoma/aug_0_550.jpg,Phoma,excluded_pattern,,
ethiopian cofee leaf dataset/train aug/Phoma/aug_0_551.jpg,Phoma,excluded_pattern,,
ethiopian cofee leaf dataset/train aug/Phoma/aug_0_552.jpg,Phoma,excluded_pattern,,
ethiopian cofee leaf dataset/train aug/Phoma/aug_0_553 (2).jpg,Phoma,excluded_pattern,,
ethiopian cofee leaf dataset/train aug/Phoma/aug_0_553.jpg,Phoma,excluded_pattern,,
ethiopian cofee leaf dataset/train aug/Phoma/aug_0_554 (2).jpg,Phoma,excluded_pattern,,
ethiopian cofee leaf dataset/train aug/Phoma/aug_0_554.jpg,Phoma,excluded_pattern,,
ethiopian cofee leaf dataset/train aug/Phoma/aug_0_555 (2).jpg,Phoma,excluded_pattern,,
ethiopian cofee leaf dataset/train aug/Phoma/aug_0_555.jpg,Phoma,excluded_pattern,,
ethiopian cofee leaf dataset/train aug/Phoma/aug_0_556.jpg,Phoma,excluded_pattern,,
ethiopian cofee leaf dataset/train aug/Phoma/aug_0_557 (2).jpg,Phoma,excluded_pattern,,
ethiopian cofee leaf dataset/train aug/Phoma/aug_0_557.jpg,Phoma,excluded_pattern,,
ethiopian cofee leaf dataset/train aug/Phoma/aug_0_558 (2).jpg,Phoma,excluded_pattern,,
ethiopian cofee leaf dataset/train aug/Phoma/aug_0_558.jpg,Phoma,excluded_pattern,,
ethiopian cofee leaf dataset/train aug/Phoma/aug_0_559 (2).jpg,Phoma,excluded_pattern,,
ethiopian cofee leaf dataset/train aug/Phoma/aug_0_559.jpg,Phoma,excluded_pattern,,
ethiopian cofee leaf dataset/train aug/Phoma/aug_0_560 (2).jpg,Phoma,excluded_pattern,,
ethiopian cofee leaf dataset/train aug/Phoma/aug_0_560.jpg,Phoma,excluded_pattern,,
ethiopian cofee leaf dataset/train aug/Phoma/aug_0_561 (2).jpg,Phoma,excluded_pattern,,
ethiopian cofee leaf dataset/train aug/Phoma/aug_0_561.jpg,Phoma,excluded_pattern,,
ethiopian cofee leaf dataset/train aug/Phoma/aug_0_562 (2).jpg,Phoma,excluded_pattern,,
ethiopian cofee leaf dataset/train aug/Phoma/aug_0_562.jpg,Phoma,excluded_pattern,,
ethiopian cofee leaf dataset/train aug/Phoma/aug_0_563 (2).jpg,Phoma,excluded_pattern,,
ethiopian cofee leaf dataset/train aug/Phoma/aug_0_563.jpg,Phoma,excluded_pattern,,
ethiopian cofee leaf dataset/train aug/Phoma/aug_0_564 (2).jpg,Phoma,excluded_pattern,,
ethiopian cofee leaf dataset/train aug/Phoma/aug_0_564.jpg,Phoma,excluded_pattern,,
ethiopian cofee leaf dataset/train aug/Phoma/aug_0_565 (2).jpg,Phoma,excluded_pattern,,
ethiopian cofee leaf dataset/train aug/Phoma/aug_0_565.jpg,Phoma,excluded_pattern,,
ethiopian cofee leaf dataset/train aug/Phoma/aug_0_566.jpg,Phoma,excluded_pattern,,
ethiopian cofee leaf dataset/train aug/Phoma/aug_0_567 (2).jpg,Phoma,excluded_pattern,,
ethiopian cofee leaf dataset/train aug/Phoma/aug_0_567.jpg,Phoma,excluded_pattern,,
ethiopian cofee leaf dataset/train aug/Phoma/aug_0_568.jpg,Phoma,excluded_pattern,,
ethiopian cofee leaf dataset/train aug/Phoma/aug_0_569 (2).jpg,Phoma,excluded_pattern,,
ethiopian cofee leaf dataset/train aug/Phoma/aug_0_569.jpg,Phoma,excluded_pattern,,
ethiopian cofee leaf dataset/train aug/Phoma/aug_0_570 (2).jpg,Phoma,excluded_pattern,,
ethiopian cofee leaf dataset/train aug/Phoma/aug_0_570.jpg,Phoma,excluded_pattern,,
ethiopian cofee leaf dataset/train aug/Phoma/aug_0_571.jpg,Phoma,excluded_pattern,,
ethiopian cofee leaf dataset/train aug/Phoma/aug_0_572 (2).jpg,Phoma,excluded_pattern,,
ethiopian cofee leaf dataset/train aug/Phoma/aug_0_572.jpg,Phoma,excluded_pattern,,
ethiopian cofee leaf dataset/train aug/Phoma/aug_0_573 (2).jpg,Phoma,excluded_pattern,,
ethiopian cofee leaf dataset/train aug/Phoma/aug_0_573.jpg,Phoma,excluded_pattern,,
ethiopian cofee leaf dataset/train aug/Phoma/aug_0_574.jpg,Phoma,excluded_pattern,,
ethiopian cofee leaf dataset/train aug/Phoma/aug_0_575 (2).jpg,Phoma,excluded_pattern,,
ethiopian cofee leaf dataset/train aug/Phoma/aug_0_575.jpg,Phoma,excluded_pattern,,
ethiopian cofee leaf dataset/train aug/Phoma/aug_0_576 (2).jpg,Phoma,excluded_pattern,,
ethiopian cofee leaf dataset/train aug/Phoma/aug_0_576.jpg,Phoma,excluded_pattern,,
ethiopian cofee leaf dataset/train aug/Phoma/aug_0_577 (2).jpg,Phoma,excluded_pattern,,
ethiopian cofee leaf dataset/train aug/Phoma/aug_0_577.jpg,Phoma,excluded_pattern,,
ethiopian cofee leaf dataset/train aug/Phoma/aug_0_578 (2).jpg,Phoma,excluded_pattern,,
ethiopian cofee leaf dataset/train aug/Phoma/aug_0_578.jpg,Phoma,excluded_pattern,,
ethiopian cofee leaf dataset/train aug/Phoma/aug_0_579 (2).jpg,Phoma,excluded_pattern,,
ethiopian cofee leaf dataset/train aug/Phoma/aug_0_579.jpg,Phoma,excluded_pattern,,
ethiopian cofee leaf dataset/train aug/Phoma/aug_0_580 (2).jpg,Phoma,excluded_pattern,,
ethiopian cofee leaf dataset/train aug/Phoma/aug_0_580.jpg,Phoma,excluded_pattern,,
ethiopian cofee leaf dataset/train aug/Phoma/aug_0_581.jpg,Phoma,excluded_pattern,,
ethiopian cofee leaf dataset/train aug/Phoma/aug_0_582 (2).jpg,Phoma,excluded_pattern,,
ethiopian cofee leaf dataset/train aug/Phoma/aug_0_582.jpg,Phoma,excluded_pattern,,
ethiopian cofee leaf dataset/train aug/Phoma/aug_0_583 (2).jpg,Phoma,excluded_pattern,,
ethiopian cofee leaf dataset/train aug/Phoma/aug_0_583.jpg,Phoma,excluded_pattern,,
ethiopian cofee leaf dataset/train aug/Phoma/aug_0_600 (2).jpg,Phoma,excluded_pattern,,
ethiopian cofee leaf dataset/train aug/Phoma/aug_0_600.jpg,Phoma,excluded_pattern,,
ethiopian cofee leaf dataset/train aug/Phoma/aug_0_601 (2).jpg,Phoma,excluded_pattern,,
ethiopian cofee leaf dataset/train aug/Phoma/aug_0_601.jpg,Phoma,excluded_pattern,,
ethiopian cofee leaf dataset/train aug/Phoma/aug_0_602.jpg,Phoma,excluded_pattern,,
ethiopian cofee leaf dataset/train aug/Phoma/aug_0_603.jpg,Phoma,excluded_pattern,,
ethiopian cofee leaf dataset/train aug/Phoma/aug_0_604.jpg,Phoma,excluded_pattern,,
ethiopian cofee leaf dataset/train aug/Phoma/aug_0_605.jpg,Phoma,excluded_pattern,,
ethiopian cofee leaf dataset/train aug/Phoma/aug_0_606 (2).jpg,Phoma,excluded_pattern,,
ethiopian cofee leaf dataset/train aug/Phoma/aug_0_606.jpg,Phoma,excluded_pattern,,
ethiopian cofee leaf dataset/train aug/Phoma/aug_0_607 (2).jpg,Phoma,excluded_pattern,,
ethiopian cofee leaf dataset/train aug/Phoma/aug_0_607.jpg,Phoma,excluded_pattern,,
ethiopian cofee leaf dataset/train aug/Phoma/aug_0_608 (2).jpg,Phoma,excluded_pattern,,
ethiopian cofee leaf dataset/train aug/Phoma/aug_0_608.jpg,Phoma,excluded_pattern,,
ethiopian cofee leaf dataset/train aug/Phoma/aug_0_609 (2).jpg,Phoma,excluded_pattern,,
ethiopian cofee leaf dataset/train aug/Phoma/aug_0_609.jpg,Phoma,excluded_pattern,,
ethiopian cofee leaf dataset/train aug/Phoma/aug_0_610 (2).jpg,Phoma,excluded_pattern,,
ethiopian cofee leaf dataset/train aug/Phoma/aug_0_610.jpg,Phoma,excluded_pattern,,
ethiopian cofee leaf dataset/train aug/Phoma/aug_0_611 (2).jpg,Phoma,excluded_pattern,,
ethiopian cofee leaf dataset/train aug/Phoma/aug_0_611.jpg,Phoma,excluded_pattern,,
ethiopian cofee leaf dataset/train aug/Phoma/aug_0_612 (2).jpg,Phoma,excluded_pattern,,
ethiopian cofee leaf dataset/train aug/Phoma/aug_0_612.jpg,Phoma,excluded_pattern,,
ethiopian cofee leaf dataset/train aug/Phoma/aug_0_613 (2).jpg,Phoma,excluded_pattern,,
ethiopian cofee leaf dataset/train aug/Phoma/aug_0_613.jpg,Phoma,excluded_pattern,,
ethiopian cofee leaf dataset/train aug/Phoma/aug_0_614 (2).jpg,Phoma,excluded_pattern,,
ethiopian cofee leaf dataset/train aug/Phoma/aug_0_614.jpg,Phoma,excluded_pattern,,
ethiopian cofee leaf dataset/train aug/Phoma/aug_0_615 (2).jpg,Phoma,excluded_pattern,,
ethiopian cofee leaf dataset/train aug/Phoma/aug_0_615.jpg,Phoma,excluded_pattern,,
ethiopian cofee leaf dataset/train aug/Phoma/aug_0_616 (2).jpg,Phoma,excluded_pattern,,
ethiopian cofee leaf dataset/train aug/Phoma/aug_0_616.jpg,Phoma,excluded_pattern,,
ethiopian cofee leaf dataset/train aug/Phoma/aug_0_617 (2).jpg,Phoma,excluded_pattern,,
ethiopian cofee leaf dataset/train aug/Phoma/aug_0_617.jpg,Phoma,excluded_pattern,,
ethiopian cofee leaf dataset/train aug/Phoma/aug_0_618 (2).jpg,Phoma,excluded_pattern,,
ethiopian cofee leaf dataset/train aug/Phoma/aug_0_618.jpg,Phoma,excluded_pattern,,
ethiopian cofee leaf dataset/train aug/Phoma/aug_0_619 (2).jpg,Phoma,excluded_pattern,,
ethiopian cofee leaf dataset/train aug/Phoma/aug_0_619.jpg,Phoma,excluded_pattern,,
ethiopian cofee leaf dataset/train aug/Phoma/aug_0_620 (2).jpg,Phoma,excluded_pattern,,
ethiopian cofee leaf dataset/train aug/Phoma/aug_0_621 (2).jpg,Phoma,excluded_pattern,,
ethiopian cofee leaf dataset/train aug/Phoma/aug_0_621.jpg,Phoma,excluded_pattern,,
ethiopian cofee leaf dataset/train aug/Phoma/aug_0_622 (2).jpg,Phoma,excluded_pattern,,
ethiopian cofee leaf dataset/train aug/Phoma/aug_0_622.jpg,Phoma,excluded_pattern,,
ethiopian cofee leaf dataset/train aug/Phoma/aug_0_623 (2).jpg,Phoma,excluded_pattern,,
ethiopian cofee leaf dataset/train aug/Phoma/aug_0_623.jpg,Phoma,excluded_pattern,,
ethiopian cofee leaf dataset/train aug/Phoma/aug_0_624 (2).jpg,Phoma,excluded_pattern,,
ethiopian cofee leaf dataset/train aug/Phoma/aug_0_624.jpg,Phoma,excluded_pattern,,
ethiopian cofee leaf dataset/train aug/Phoma/aug_0_625 (2).jpg,Phoma,excluded_pattern,,
ethiopian cofee leaf dataset/train aug/Phoma/aug_0_625.jpg,Phoma,excluded_pattern,,
ethiopian cofee leaf dataset/train aug/Phoma/aug_0_626 (2).jpg,Phoma,excluded_pattern,,
ethiopian cofee leaf dataset/train aug/Phoma/aug_0_626.jpg,Phoma,excluded_pattern,,
ethiopian cofee leaf dataset/train aug/Phoma/aug_0_627 (2).jpg,Phoma,excluded_pattern,,
ethiopian cofee leaf dataset/train aug/Phoma/aug_0_627.jpg,Phoma,excluded_pattern,,
ethiopian cofee leaf dataset/train aug/Phoma/aug_0_628 (2).jpg,Phoma,excluded_pattern,,
ethiopian cofee leaf dataset/train aug/Phoma/aug_0_628.jpg,Phoma,excluded_pattern,,
ethiopian cofee leaf dataset/train aug/Phoma/aug_0_629 (2).jpg,Phoma,excluded_pattern,,
ethiopian cofee leaf dataset/train aug/Phoma/aug_0_629.jpg,Phoma,excluded_pattern,,
ethiopian cofee leaf dataset/train aug/Phoma/aug_0_630 (2).jpg,Phoma,excluded_pattern,,
ethiopian cofee leaf dataset/train aug/Phoma/aug_0_630.jpg,Phoma,excluded_pattern,,
ethiopian cofee leaf dataset/train aug/Phoma/aug_0_631 (2).jpg,Phoma,excluded_pattern,,
ethiopian cofee leaf dataset/train aug/Phoma/aug_0_631.jpg,Phoma,excluded_pattern,,
ethiopian cofee leaf dataset/train aug/Phoma/aug_0_632.jpg,Phoma,excluded_pattern,,
ethiopian cofee leaf dataset/train aug/Phoma/aug_0_633 (2).jpg,Phoma,excluded_pattern,,
ethiopian cofee leaf dataset/train aug/Phoma/aug_0_633.jpg,Phoma,excluded_pattern,,
ethiopian cofee leaf dataset/train aug/Phoma/aug_0_634 (2).jpg,Phoma,excluded_pattern,,
ethiopian cofee leaf dataset/train aug/Phoma/aug_0_634.jpg,Phoma,excluded_pattern,,
ethiopian cofee leaf dataset/train aug/Phoma/aug_0_635 (2).jpg,Phoma,excluded_pattern,,
ethiopian cofee leaf dataset/train aug/Phoma/aug_0_635.jpg,Phoma,excluded_pattern,,
ethiopian cofee leaf dataset/train aug/Phoma/aug_0_636 (2).jpg,Phoma,excluded_pattern,,
ethiopian cofee leaf dataset/train aug/Phoma/aug_0_636.jpg,Phoma,excluded_pattern,,
ethiopian cofee leaf dataset/train aug/Phoma/aug_0_637 (2).jpg,Phoma,excluded_pattern,,
ethiopian cofee leaf dataset/train aug/Phoma/aug_0_637.jpg,Phoma,excluded_pattern,,
ethiopian cofee leaf dataset/train aug/Phoma/aug_0_638.jpg,Phoma,excluded_pattern,,
ethiopian cofee leaf dataset/train aug/Phoma/aug_0_639 (2).jpg,Phoma,excluded_pattern,,
ethiopian cofee leaf dataset/train aug/Phoma/aug_0_639.jpg,Phoma,excluded_pattern,,
ethiopian cofee leaf dataset/train aug/Phoma/aug_0_640 (2).jpg,Phoma,excluded_pattern,,
ethiopian cofee leaf dataset/train aug/Phoma/aug_0_640.jpg,Phoma,excluded_pattern,,
ethiopian cofee leaf dataset/train aug/Phoma/aug_0_641 (2).jpg,Phoma,excluded_pattern,,
ethiopian cofee leaf dataset/train aug/Phoma/aug_0_641.jpg,Phoma,excluded_pattern,,
ethiopian cofee leaf dataset/train aug/Phoma/aug_0_642 (2).jpg,Phoma,excluded_pattern,,
ethiopian cofee leaf dataset/train aug/Phoma/aug_0_642.jpg,Phoma,excluded_pattern,,
ethiopian cofee leaf dataset/train aug/Phoma/aug_0_643 (2).jpg,Phoma,excluded_pattern,,
ethiopian cofee leaf dataset/train aug/Phoma/aug_0_643.jpg,Phoma,excluded_pattern,,
ethiopian cofee leaf dataset/train aug/Phoma/aug_0_644 (2).jpg,Phoma,excluded_pattern,,
ethiopian cofee leaf dataset/train aug/Phoma/aug_0_644.jpg,Phoma,excluded_pattern,,
ethiopian cofee leaf dataset/train aug/Phoma/aug_0_645 (2).jpg,Phoma,excluded_pattern,,
ethiopian cofee leaf dataset/train aug/Phoma/aug_0_645.jpg,Phoma,excluded_pattern,,
ethiopian cofee leaf dataset/train aug/Phoma/aug_0_646 (2).jpg,Phoma,excluded_pattern,,
ethiopian cofee leaf dataset/train aug/Phoma/aug_0_646.jpg,Phoma,excluded_pattern,,
ethiopian cofee leaf dataset/train aug/Phoma/aug_0_647.jpg,Phoma,excluded_pattern,,
ethiopian cofee leaf dataset/train aug/Phoma/aug_0_656 (2).jpg,Phoma,excluded_pattern,,
ethiopian cofee leaf dataset/train aug/Phoma/aug_0_656.jpg,Phoma,excluded_pattern,,
ethiopian cofee leaf dataset/train aug/Phoma/aug_0_657 (2).jpg,Phoma,excluded_pattern,,
ethiopian cofee leaf dataset/train aug/Phoma/aug_0_657.jpg,Phoma,excluded_pattern,,
ethiopian cofee leaf dataset/train aug/Phoma/aug_0_658 (2).jpg,Phoma,excluded_pattern,,
ethiopian cofee leaf dataset/train aug/Phoma/aug_0_658.jpg,Phoma,excluded_pattern,,
ethiopian cofee leaf dataset/train aug/Phoma/aug_0_659 (2).jpg,Phoma,excluded_pattern,,
ethiopian cofee leaf dataset/train aug/Phoma/aug_0_659.jpg,Phoma,excluded_pattern,,
ethiopian cofee leaf dataset/train aug/Phoma/aug_0_660 (2).jpg,Phoma,excluded_pattern,,
ethiopian cofee leaf dataset/train aug/Phoma/aug_0_660.jpg,Phoma,excluded_pattern,,
ethiopian cofee leaf dataset/train aug/Phoma/aug_0_661 (2).jpg,Phoma,excluded_pattern,,
ethiopian cofee leaf dataset/train aug/Phoma/aug_0_661.jpg,Phoma,excluded_pattern,,
ethiopian cofee leaf dataset/train aug/Phoma/aug_0_662 (2).jpg,Phoma,excluded_pattern,,
ethiopian cofee leaf dataset/train aug/Phoma/aug_0_662.jpg,Phoma,excluded_pattern,,
ethiopian cofee leaf dataset/train aug/Phoma/aug_0_663 (2).jpg,Phoma,excluded_pattern,,
ethiopian cofee leaf dataset/train aug/Phoma/aug_0_663.jpg,Phoma,excluded_pattern,,
ethiopian cofee leaf dataset/train aug/Phoma/aug_0_664 (2).jpg,Phoma,excluded_pattern,,
ethiopian cofee leaf dataset/train aug/Phoma/aug_0_664.jpg,Phoma,excluded_pattern,,
ethiopian cofee leaf dataset/train aug/Phoma/aug_0_665 (2).jpg,Phoma,excluded_pattern,,
ethiopian cofee leaf dataset/train aug/Phoma/aug_0_665.jpg,Phoma,excluded_pattern,,
ethiopian cofee leaf dataset/train aug/Phoma/aug_0_666 (2).jpg,Phoma,excluded_pattern,,
ethiopian cofee leaf dataset/train aug/Phoma/aug_0_666.jpg,Phoma,excluded_pattern,,
ethiopian cofee leaf dataset/train aug/Phoma/aug_0_667 (2).jpg,Phoma,excluded_pattern,,
ethiopian cofee leaf dataset/train aug/Phoma/aug_0_667.jpg,Phoma,excluded_pattern,,
ethiopian cofee leaf dataset/train aug/Phoma/aug_0_668 (2).jpg,Phoma,excluded_pattern,,
ethiopian cofee leaf dataset/train aug/Phoma/aug_0_668.jpg,Phoma,excluded_pattern,,
ethiopian cofee leaf dataset/train aug/Phoma/aug_0_669 (2).jpg,Phoma,excluded_pattern,,
ethiopian cofee leaf dataset/train aug/Phoma/aug_0_669.jpg,Phoma,excluded_pattern,,
ethiopian cofee leaf dataset/train aug/Phoma/aug_0_670 (2).jpg,Phoma,excluded_pattern,,
ethiopian cofee leaf dataset/train aug/Phoma/aug_0_670.jpg,Phoma,excluded_pattern,,
ethiopian cofee leaf dataset/train aug/Phoma/aug_0_671 (2).jpg,Phoma,excluded_pattern,,
ethiopian cofee leaf dataset/train aug/Phoma/aug_0_672 (2).jpg,Phoma,excluded_pattern,,
ethiopian cofee leaf dataset/train aug/Phoma/aug_0_672.jpg,Phoma,excluded_pattern,,
ethiopian cofee leaf dataset/train aug/Phoma/aug_0_673 (2).jpg,Phoma,excluded_pattern,,
ethiopian cofee leaf dataset/train aug/Phoma/aug_0_673.jpg,Phoma,excluded_pattern,,
ethiopian cofee leaf dataset/train aug/Phoma/aug_0_674 (2).jpg,Phoma,excluded_pattern,,
ethiopian cofee leaf dataset/train aug/Phoma/aug_0_674.jpg,Phoma,excluded_pattern,,
ethiopian cofee leaf dataset/train aug/Phoma/aug_0_675 (2).jpg,Phoma,excluded_pattern,,
ethiopian cofee leaf dataset/train aug/Phoma/aug_0_675.jpg,Phoma,excluded_pattern,,
ethiopian cofee leaf dataset/train aug/Phoma/aug_0_676 (2).jpg,Phoma,excluded_pattern,,
ethiopian cofee leaf dataset/train aug/Phoma/aug_0_676.jpg,Phoma,excluded_pattern,,
ethiopian cofee leaf dataset/train aug/Phoma/aug_0_677 (2).jpg,Phoma,excluded_pattern,,
ethiopian cofee leaf dataset/train aug/Phoma/aug_0_677.jpg,Phoma,excluded_pattern,,
ethiopian cofee leaf dataset/train aug/Phoma/aug_0_678 (2).jpg,Phoma,excluded_pattern,,
ethiopian cofee leaf dataset/train aug/Phoma/aug_0_678.jpg,Phoma,excluded_pattern,,
ethiopian cofee leaf dataset/train aug/Phoma/aug_0_679 (2).jpg,Phoma,excluded_pattern,,
ethiopian cofee leaf dataset/train aug/Phoma/aug_0_679.jpg,Phoma,excluded_pattern,,
ethiopian cofee leaf dataset/train aug/Phoma/aug_0_708 (2).jpg,Phoma,excluded_pattern,,
ethiopian cofee leaf dataset/train aug/Phoma/aug_0_708.jpg,Phoma,excluded_pattern,,
ethiopian cofee leaf dataset/train aug/Phoma/aug_0_709 (2).jpg,Phoma,excluded_pattern,,
ethiopian cofee leaf dataset/train aug/Phoma/aug_0_710 (2).jpg,Phoma,excluded_pattern,,
ethiopian cofee leaf dataset/train aug/Phoma/aug_0_711 (2).jpg,Phoma,excluded_pattern,,
ethiopian cofee leaf dataset/train aug/Phoma/aug_0_711.jpg,Phoma,excluded_pattern,,
ethiopian cofee leaf dataset/train aug/Phoma/aug_0_736 (2).jpg,Phoma,excluded_pattern,,
ethiopian cofee leaf dataset/train aug/Phoma/aug_0_736.jpg,Phoma,excluded_pattern,,
ethiopian cofee leaf dataset/train aug/Phoma/aug_0_737 (2).jpg,Phoma,excluded_pattern,,
ethiopian cofee leaf dataset/train aug/Phoma/aug_0_737.jpg,Phoma,excluded_pattern,,
ethiopian cofee leaf dataset/train aug/Phoma/aug_0_738 (2).jpg,Phoma,excluded_pattern,,
ethiopian cofee leaf dataset/train aug/Phoma/aug_0_738.jpg,Phoma,excluded_pattern,,
ethiopian cofee leaf dataset/train aug/Phoma/aug_0_739 (2).jpg,Phoma,excluded_pattern,,
ethiopian cofee leaf dataset/train aug/Phoma/aug_0_739.jpg,Phoma,excluded_pattern,,
ethiopian cofee leaf dataset/train aug/Phoma/aug_0_756 (2).jpg,Phoma,excluded_pattern,,
ethiopian cofee leaf dataset/train aug/Phoma/aug_0_756.jpg,Phoma,excluded_pattern,,
ethiopian cofee leaf dataset/train aug/Phoma/aug_0_757 (2).jpg,Phoma,excluded_pattern,,
ethiopian cofee leaf dataset/train aug/Phoma/aug_0_758 (2).jpg,Phoma,excluded_pattern,,
ethiopian cofee leaf dataset/train aug/Phoma/aug_0_758.jpg,Phoma,excluded_pattern,,
ethiopian cofee leaf dataset/train aug/Phoma/aug_0_759 (2).jpg,Phoma,excluded_pattern,,
ethiopian cofee leaf dataset/train aug/Phoma/aug_0_759.jpg,Phoma,excluded_pattern,,
ethiopian cofee leaf dataset/train aug/Phoma/aug_0_772 (2).jpg,Phoma,excluded_pattern,,
ethiopian cofee leaf dataset/train aug/Phoma/aug_0_772.jpg,Phoma,excluded_pattern,,
ethiopian cofee leaf dataset/train aug/Phoma/aug_0_773 (2).jpg,Phoma,excluded_pattern,,
ethiopian cofee leaf dataset/train aug/Phoma/aug_0_773.jpg,Phoma,excluded_pattern,,
ethiopian cofee leaf dataset/train aug/Phoma/aug_0_774 (2).jpg,Phoma,excluded_pattern,,
ethiopian cofee leaf dataset/train aug/Phoma/aug_0_774.jpg,Phoma,excluded_pattern,,
ethiopian cofee leaf dataset/train aug/Phoma/aug_0_775 (2).jpg,Phoma,excluded_pattern,,
ethiopian cofee leaf dataset/train aug/Phoma/aug_0_800 (2).jpg,Phoma,excluded_pattern,,
ethiopian cofee leaf dataset/train aug/Phoma/aug_0_800.jpg,Phoma,excluded_pattern,,
ethiopian cofee leaf dataset/train aug/Phoma/aug_0_801 (2).jpg,Phoma,excluded_pattern,,
ethiopian cofee leaf dataset/train aug/Phoma/aug_0_801.jpg,Phoma,excluded_pattern,,
ethiopian cofee leaf dataset/train aug/Phoma/aug_0_802 (2).jpg,Phoma,excluded_pattern,,
ethiopian cofee leaf dataset/train aug/Phoma/aug_0_803 (2).jpg,Phoma,excluded_pattern,,
ethiopian cofee leaf dataset/train aug/Phoma/aug_0_803.jpg,Phoma,excluded_pattern,,
ethiopian cofee leaf dataset/train aug/Phoma/aug_0_804 (2).jpg,Phoma,excluded_pattern,,
ethiopian cofee leaf dataset/train aug/Phoma/aug_0_805 (2).jpg,Phoma,excluded_pattern,,
ethiopian cofee leaf dataset/train aug/Phoma/aug_0_806 (2).jpg,Phoma,excluded_pattern,,
ethiopian cofee leaf dataset/train aug/Phoma/aug_0_807 (2).jpg,Phoma,excluded_pattern,,
ethiopian cofee leaf dataset/train aug/Phoma/aug_0_807.jpg,Phoma,excluded_pattern,,
ethiopian cofee leaf dataset/train aug/Phoma/aug_0_928 (2).jpg,Phoma,excluded_pattern,,
ethiopian cofee leaf dataset/train aug/Phoma/aug_0_928.jpg,Phoma,excluded_pattern,,
ethiopian cofee leaf dataset/train aug/Phoma/aug_0_929 (2).jpg,Phoma,excluded_pattern,,
ethiopian cofee leaf dataset/train aug/Phoma/aug_0_929.jpg,Phoma,excluded_pattern,,
ethiopian cofee leaf dataset/train aug/Phoma/aug_0_930 (2).jpg,Phoma,excluded_pattern,,
ethiopian cofee leaf dataset/train aug/Phoma/aug_0_930.jpg,Phoma,excluded_pattern,,
ethiopian cofee leaf dataset/train aug/Phoma/aug_0_931 (2).jpg,Phoma,excluded_pattern,,
ethiopian cofee leaf dataset/train aug/Phoma/aug_0_931.jpg,Phoma,excluded_pattern,,
ethiopian cofee leaf dataset/train aug/Phoma/aug_0_DSC_0448 (2).JPG,Phoma,excluded_pattern,,
ethiopian cofee leaf dataset/train aug/Phoma/aug_0_DSC_0448.JPG,Phoma,excluded_pattern,,
ethiopian cofee leaf dataset/train aug/Phoma/aug_0_DSC_0462 (2).JPG,Phoma,excluded_pattern,,
ethiopian cofee leaf dataset/train aug/Phoma/aug_0_DSC_0462.JPG,Phoma,excluded_pattern,,
ethiopian cofee leaf dataset/train aug/Phoma/aug_0_DSC_0748 (2).JPG,Phoma,excluded_pattern,,
ethiopian cofee leaf dataset/train aug/Phoma/aug_0_DSC_0748.JPG,Phoma,excluded_pattern,,
ethiopian cofee leaf dataset/train aug/Phoma/aug_1_1244 (2).jpg,Phoma,excluded_pattern,,
ethiopian cofee leaf dataset/train aug/Phoma/aug_1_1244.jpg,Phoma,excluded_pattern,,
ethiopian cofee leaf dataset/train aug/Phoma/aug_1_1245.jpg,Phoma,excluded_pattern,,
ethiopian cofee leaf dataset/train aug/Phoma/aug_1_1246 (2).jpg,Phoma,excluded_pattern,,
ethiopian cofee leaf dataset/train aug/Phoma/aug_1_1246.jpg,Phoma,excluded_pattern,,
ethiopian cofee leaf dataset/train aug/Phoma/aug_1_1247 (2).jpg,Phoma,excluded_pattern,,
ethiopian cofee leaf dataset/train aug/Phoma/aug_1_1247.jpg,Phoma,excluded_pattern,,
ethiopian cofee leaf dataset/train aug/Phoma/aug_1_16 (2).jpg,Phoma,excluded_pattern,,
ethiopian cofee leaf dataset/train aug/Phoma/aug_1_17 (2).jpg,Phoma,excluded_pattern,,
ethiopian cofee leaf dataset/train aug/Phoma/aug_1_17.jpg,Phoma,excluded_pattern,,
ethiopian cofee leaf dataset/train aug/Phoma/aug_1_18 (2).jpg,Phoma,excluded_pattern,,
ethiopian cofee leaf dataset/train aug/Phoma/aug_1_18.jpg,Phoma,excluded_pattern,,
ethiopian cofee leaf dataset/train aug/Phoma/aug_1_19 (2).jpg,Phoma,excluded_pattern,,
ethiopian cofee leaf dataset/train aug/Phoma/aug_1_19.jpg,Phoma,excluded_pattern,,
ethiopian cofee leaf dataset/train aug/Phoma/aug_1_20 (2).jpg,Phoma,excluded_pattern,,
ethiopian cofee leaf dataset/train aug/Phoma/aug_1_20.jpg,Phoma,excluded_pattern,,
ethiopian cofee leaf dataset/train aug/Phoma/aug_1_20231121_122451 (2).jpg,Phoma,excluded_pattern,,
ethiopian cofee leaf dataset/train aug/Phoma/aug_1_20231121_122451.jpg,Phoma,excluded_pattern,,
ethiopian cofee leaf dataset/train aug/Phoma/aug_1_20231121_122509 (2).jpg,Phoma,excluded_pattern,,
ethiopian cofee leaf dataset/train aug/Phoma/aug_1_20231121_122509.jpg,Phoma,excluded_pattern,,
ethiopian cofee leaf dataset/train aug/Phoma/aug_1_20231121_122534 (2).jpg,Phoma,excluded_pattern,,
ethiopian cofee leaf dataset/train aug/Phoma/aug_1_20231121_122534.jpg,Phoma,excluded_pattern,,
ethiopian cofee leaf dataset/train aug/Phoma/aug_1_20231123_120335 (2).jpg,Phoma,excluded_pattern,,
ethiopian cofee leaf dataset/train aug/Phoma/aug_1_20231123_120335.jpg,Phoma,excluded_pattern,,
ethiopian cofee leaf dataset/train aug/Phoma/aug_1_21 (2).jpg,Phoma,excluded_pattern,,
ethiopian cofee leaf dataset/train aug/Phoma/aug_1_22 (2).jpg,Phoma,excluded_pattern,,
ethiopian cofee leaf dataset/train aug/Phoma/aug_1_22.jpg,Phoma,excluded_pattern,,
ethiopian cofee leaf dataset/train aug/Phoma/aug_1_23.jpg,Phoma,excluded_pattern,,
ethiopian cofee leaf dataset/train aug/Phoma/aug_1_240 (2).jpg,Phoma,excluded_pattern,,
ethiopian cofee leaf dataset/train aug/Phoma/aug_1_240.jpg,Phoma,excluded_pattern,,
ethiopian cofee leaf dataset/train aug/Phoma/aug_1_241.jpg,Phoma,excluded_pattern,,
ethiopian cofee leaf dataset/train aug/Phoma/aug_1_242 (2).jpg,Phoma,excluded_pattern,,
ethiopian cofee leaf dataset/train aug/Phoma/aug_1_242.jpg,Phoma,excluded_pattern,,
ethiopian cofee leaf dataset/train aug/Phoma/aug_1_243 (2).jpg,Phoma,excluded_pattern,,
ethiopian cofee leaf dataset/train aug/Phoma/aug_1_243.jpg,Phoma,excluded_pattern,,
ethiopian cofee leaf dataset/train aug/Phoma/aug_1_244 (2).jpg,Phoma,excluded_pattern,,
ethiopian cofee leaf dataset/train aug/Phoma/aug_1_244.jpg,Phoma,excluded_pattern,,
ethiopian cofee leaf dataset/train aug/Phoma/aug_1_245 (2).jpg,Phoma,excluded_pattern,,
ethiopian cofee leaf dataset/train aug/Phoma/aug_1_245.jpg,Phoma,excluded_pattern,,
ethiopian cofee leaf dataset/train aug/Phoma/aug_1_246 (2).jpg,Phoma,excluded_pattern,,
ethiopian cofee leaf dataset/train aug/Phoma/aug_1_246.jpg,Phoma,excluded_pattern,,
ethiopian cofee leaf dataset/train aug/Phoma/aug_1_247 (2).jpg,Phoma,excluded_pattern,,
ethiopian cofee leaf dataset/train aug/Phoma/aug_1_247.jpg,Phoma,excluded_pattern,,
ethiopian cofee leaf dataset/train aug/Phoma/aug_1_248.jpg,Phoma,excluded_pattern,,
ethiopian cofee leaf dataset/train aug/Phoma/aug_1_249 (2).jpg,Phoma,excluded_pattern,,
ethiopian cofee leaf dataset/train aug/Phoma/aug_1_249.jpg,Phoma,excluded_pattern,,
ethiopian cofee leaf dataset/train aug/Phoma/aug_1_250 (2).jpg,Phoma,excluded_pattern,,
ethiopian cofee leaf dataset/train aug/Phoma/aug_1_250.jpg,Phoma,excluded_pattern,,
ethiopian cofee leaf dataset/train aug/Phoma/aug_1_251.jpg,Phoma,excluded_pattern,,
ethiopian cofee leaf dataset/train aug/Phoma/aug_1_252 (2).jpg,Phoma,excluded_pattern,,
ethiopian cofee leaf dataset/train aug/Phoma/aug_1_252.jpg,Phoma,excluded_pattern,,
ethiopian cofee leaf dataset/train aug/Phoma/aug_1_253.jpg,Phoma,excluded_pattern,,
ethiopian cofee leaf dataset/train aug/Phoma/aug_1_254 (2).jpg,Phoma,excluded_pattern,,
ethiopian cofee leaf dataset/train aug/Phoma/aug_1_254.jpg,Phoma,excluded_pattern,,
ethiopian cofee leaf dataset/train aug/Phoma/aug_1_255 (2).jpg,Phoma,excluded_pattern,,
ethiopian cofee leaf dataset/train aug/Phoma/aug_1_255.jpg,Phoma,excluded_pattern,,
ethiopian cofee leaf dataset/train aug/Phoma/aug_1_256 (2).jpg,Phoma,excluded_pattern,,
ethiopian cofee leaf dataset/train aug/Phoma/aug_1_256.jpg,Phoma,excluded_pattern,,
ethiopian cofee leaf dataset/train aug/Phoma/aug_1_257 (2).jpg,Phoma,excluded_pattern,,
ethiopian cofee leaf dataset/train aug/Phoma/aug_1_257.jpg,Phoma,excluded_pattern,,
ethiopian cofee leaf dataset/train aug/Phoma/aug_1_258 (2).jpg,Phoma,excluded_pattern,,
ethiopian cofee leaf dataset/train aug/Phoma/aug_1_258.jpg,Phoma,excluded_pattern,,
ethiopian cofee leaf dataset/train aug/Phoma/aug_1_259 (2).jpg,Phoma,excluded_pattern,,
ethiopian cofee leaf dataset/train aug/Phoma/aug_1_259.jpg,Phoma,excluded_pattern,,
ethiopian cofee leaf dataset/train aug/Phoma/aug_1_260 (2).jpg,Phoma,excluded_pattern,,
ethiopian cofee leaf dataset/train aug/Phoma/aug_1_260.jpg,Phoma,excluded_pattern,,
ethiopian cofee leaf dataset/train aug/Phoma/aug_1_261 (2).jpg,Phoma,excluded_pattern,,
ethiopian cofee leaf dataset/train aug/Phoma/aug_1_261.jpg,Phoma,excluded_pattern,,
ethiopian cofee leaf dataset/train aug/Phoma/aug_1_262 (2).jpg,Phoma,excluded_pattern,,
ethiopian cofee leaf dataset/train aug/Phoma/aug_1_262.jpg,Phoma,excluded_pattern,,
ethiopian cofee leaf dataset/train aug/Phoma/aug_1_263 (2).jpg,Phoma,excluded_pattern,,
ethiopian cofee leaf dataset/train aug/Phoma/aug_1_263.jpg,Phoma,excluded_pattern,,
ethiopian cofee leaf dataset/train aug/Phoma/aug_1_264 (2).jpg,Phoma,excluded_pattern,,
ethiopian cofee leaf dataset/train aug/Phoma/aug_1_264.jpg,Phoma,excluded_pattern,,
ethiopian cofee leaf dataset/train aug/Phoma/aug_1_265 (2).jpg,Phoma,excluded_pattern,,
ethiopian cofee leaf dataset/train aug/Phoma/aug_1_265.jpg,Phoma,excluded_pattern,,
ethiopian cofee leaf dataset/train aug/Phoma/aug_1_266 (2).jpg,Phoma,excluded_pattern,,
ethiopian cofee leaf dataset/train aug/Phoma/aug_1_266.jpg,Phoma,excluded_pattern,,
ethiopian cofee leaf dataset/train aug/Phoma/aug_1_267 (2).jpg,Phoma,excluded_pattern,,
ethiopian cofee leaf dataset/train aug/Phoma/aug_1_267.jpg,Phoma,excluded_pattern,,
ethiopian cofee leaf dataset/train aug/Phoma/aug_1_268.jpg,Phoma,excluded_pattern,,
ethiopian cofee leaf dataset/train aug/Phoma/aug_1_269 (2).jpg,Phoma,excluded_pattern,,
ethiopian cofee leaf dataset/train aug/Phoma/aug_1_269.jpg,Phoma,excluded_pattern,,
ethiopian cofee leaf dataset/train aug/Phoma/aug_1_270 (2).jpg,Phoma,excluded_pattern,,
ethiopian cofee leaf dataset/train aug/Phoma/aug_1_270.jpg,Phoma,excluded_pattern,,
ethiopian cofee leaf dataset/train aug/Phoma/aug_1_271 (2).jpg,Phoma,excluded_pattern,,
ethiopian cofee leaf dataset/train aug/Phoma/aug_1_271.jpg,Phoma,excluded_pattern,,
ethiopian cofee leaf dataset/train aug/Phoma/aug_1_272 (2).jpg,Phoma,excluded_pattern,,
ethiopian cofee leaf dataset/train aug/Phoma/aug_1_272.jpg,Phoma,excluded_pattern,,
ethiopian cofee leaf dataset/train aug/Phoma/aug_1_273 (2).jpg,Phoma,excluded_pattern,,
ethiopian cofee leaf dataset/train aug/Phoma/aug_1_273.jpg,Phoma,excluded_pattern,,
ethiopian cofee leaf dataset/train aug/Phoma/aug_1_274 (2).jpg,Phoma,excluded_pattern,,
ethiopian cofee leaf dataset/train aug/Phoma/aug_1_274.jpg,Phoma,excluded_pattern,,
ethiopian cofee leaf dataset/train aug/Phoma/aug_1_275 (2).jpg,Phoma,excluded_pattern,,
ethiopian cofee leaf dataset/train aug/Phoma/aug_1_275.jpg,Phoma,excluded_pattern,,
ethiopian cofee leaf dataset/train aug/Phoma/aug_1_276.jpg,Phoma,excluded_pattern,,
ethiopian cofee leaf dataset/train aug/Phoma/aug_1_277 (2).jpg,Phoma,excluded_pattern,,
ethiopian cofee leaf dataset/train aug/Phoma/aug_1_277.jpg,Phoma,excluded_pattern,,
ethiopian cofee leaf dataset/train aug/Phoma/aug_1_278 (2).jpg,Phoma,excluded_pattern,,
ethiopian cofee leaf dataset/train aug/Phoma/aug_1_278.jpg,Phoma,excluded_pattern,,
ethiopian cofee leaf dataset/train aug/Phoma/aug_1_279 (2).jpg,Phoma,excluded_pattern,,
ethiopian cofee leaf dataset/train aug/Phoma/aug_1_279.jpg,Phoma,excluded_pattern,,
ethiopian cofee leaf dataset/train aug/Phoma/aug_1_280 (2).jpg,Phoma,excluded_pattern,,
ethiopian cofee leaf dataset/train aug/Phoma/aug_1_280.jpg,Phoma,excluded_pattern,,
ethiopian cofee leaf dataset/train aug/Phoma/aug_1_281 (2).jpg,Phoma,excluded_pattern,,
ethiopian cofee leaf dataset/train aug/Phoma/aug_1_281.jpg,Phoma,excluded_pattern,,
ethiopian cofee leaf dataset/train aug/Phoma/aug_1_282 (2).jpg,Phoma,excluded_pattern,,
ethiopian cofee leaf dataset/train aug/Phoma/aug_1_282.jpg,Phoma,excluded_pattern,,
ethiopian cofee leaf dataset/train aug/Phoma/aug_1_283 (2).jpg,Phoma,excluded_pattern,,
ethiopian cofee leaf dataset/train aug/Phoma/aug_1_283.jpg,Phoma,excluded_pattern,,
ethiopian cofee leaf dataset/train aug/Phoma/aug_1_284 (2).jpg,Phoma,excluded_pattern,,
ethiopian cofee leaf dataset/train aug/Phoma/aug_1_284.jpg,Phoma,excluded_pattern,,
ethiopian cofee leaf dataset/train aug/Phoma/aug_1_285 (2).jpg,Phoma,excluded_pattern,,
ethiopian cofee leaf dataset/train aug/Phoma/aug_1_285.jpg,Phoma,excluded_pattern,,
ethiopian cofee leaf dataset/train aug/Phoma/aug_1_286 (2).jpg,Phoma,excluded_pattern,,
ethiopian cofee leaf dataset/train aug/Phoma/aug_1_286.jpg,Phoma,excluded_pattern,,
ethiopian cofee leaf dataset/train aug/Phoma/aug_1_287 (2).jpg,Phoma,excluded_pattern,,
ethiopian cofee leaf dataset/train aug/Phoma/aug_1_287.jpg,Phoma,excluded_pattern,,
ethiopian cofee leaf dataset/train aug/Phoma/aug_1_288 (2).jpg,Phoma,excluded_pattern,,
ethiopian cofee leaf dataset/train aug/Phoma/aug_1_288.jpg,Phoma,excluded_pattern,,
ethiopian cofee leaf dataset/train aug/Phoma/aug_1_289 (2).jpg,Phoma,excluded_pattern,,
ethiopian cofee leaf dataset/train aug/Phoma/aug_1_289.jpg,Phoma,excluded_pattern,,
ethiopian cofee leaf dataset/train aug/Phoma/aug_1_290 (2).jpg,Phoma,excluded_pattern,,
ethiopian cofee leaf dataset/train aug/Phoma/aug_1_290.jpg,Phoma,excluded_pattern,,
ethiopian cofee leaf dataset/train aug/Phoma/aug_1_291 (2).jpg,Phoma,excluded_pattern,,
ethiopian cofee leaf dataset/train aug/Phoma/aug_1_291.jpg,Phoma,excluded_pattern,,
ethiopian cofee leaf dataset/train aug/Phoma/aug_1_292 (2).jpg,Phoma,excluded_pattern,,
ethiopian cofee leaf dataset/train aug/Phoma/aug_1_292.jpg,Phoma,excluded_pattern,,
ethiopian cofee leaf dataset/train aug/Phoma/aug_1_293 (2).jpg,Phoma,excluded_pattern,,
ethiopian cofee leaf dataset/train aug/Phoma/aug_1_293.jpg,Phoma,excluded_pattern,,
ethiopian cofee leaf dataset/train aug/Phoma/aug_1_294 (2).jpg,Phoma,excluded_pattern,,
ethiopian cofee leaf dataset/train aug/Phoma/aug_1_294.jpg,Phoma,excluded_pattern,,
ethiopian cofee leaf dataset/train aug/Phoma/aug_1_295 (2).jpg,Phoma,excluded_pattern,,
ethiopian cofee leaf dataset/train aug/Phoma/aug_1_295.jpg,Phoma,excluded_pattern,,
ethiopian cofee leaf dataset/train aug/Phoma/aug_1_296 (2).jpg,Phoma,excluded_pattern,,
ethiopian cofee leaf dataset/train aug/Phoma/aug_1_296.jpg,Phoma,excluded_pattern,,
ethiopian cofee leaf dataset/train aug/Phoma/aug_1_297.jpg,Phoma,excluded_pattern,,
ethiopian cofee leaf dataset/train aug/Phoma/aug_1_298.jpg,Phoma,excluded_pattern,,
ethiopian cofee leaf dataset/train aug/Phoma/aug_1_299 (2).jpg,Phoma,excluded_pattern,,
ethiopian cofee leaf dataset/train aug/Phoma/aug_1_299.jpg,Phoma,excluded_pattern,,
ethiopian cofee leaf dataset/train aug/Phoma/aug_1_300 (2).jpg,Phoma,excluded_pattern,,
ethiopian cofee leaf dataset/train aug/Phoma/aug_1_300.jpg,Phoma,excluded_pattern,,
ethiopian cofee leaf dataset/train aug/Phoma/aug_1_301 (2).jpg,Phoma,excluded_pattern,,
ethiopian cofee leaf dataset/train aug/Phoma/aug_1_301.jpg,Phoma,excluded_pattern,,
ethiopian cofee leaf dataset/train aug/Phoma/aug_1_302 (2).jpg,Phoma,excluded_pattern,,
ethiopian cofee leaf dataset/train aug/Phoma/aug_1_302.jpg,Phoma,excluded_pattern,,
ethiopian cofee leaf dataset/train aug/Phoma/aug_1_303 (2).jpg,Phoma,excluded_pattern,,
ethiopian cofee leaf dataset/train aug/Phoma/aug_1_303.jpg,Phoma,excluded_pattern,,
ethiopian cofee leaf dataset/train aug/Phoma/aug_1_304 (2).jpg,Phoma,excluded_pattern,,
ethiopian cofee leaf dataset/train aug/Phoma/aug_1_304.jpg,Phoma,excluded_pattern,,
ethiopian cofee leaf dataset/train aug/Phoma/aug_1_305 (2).jpg,Phoma,excluded_pattern,,
ethiopian cofee leaf dataset/train aug/Phoma/aug_1_305.jpg,Phoma,excluded_pattern,,
ethiopian cofee leaf dataset/train aug/Phoma/aug_1_306.jpg,Phoma,excluded_pattern,,
ethiopian cofee leaf dataset/train aug/Phoma/aug_1_307 (2).jpg,Phoma,excluded_pattern,,
ethiopian cofee leaf dataset/train aug/Phoma/aug_1_307.jpg,Phoma,excluded_pattern,,
ethiopian cofee leaf dataset/train aug/Phoma/aug_1_308 (2).jpg,Phoma,excluded_pattern,,
ethiopian cofee leaf dataset/train aug/Phoma/aug_1_308.jpg,Phoma,excluded_pattern,,
ethiopian cofee leaf dataset/train aug/Phoma/aug_1_309 (2).jpg,Phoma,excluded_pattern,,
ethiopian cofee leaf dataset/train aug/Phoma/aug_1_309.jpg,Phoma,excluded_pattern,,
ethiopian cofee leaf dataset/train aug/Phoma/aug_1_310.jpg,Phoma,excluded_pattern,,
ethiopian cofee leaf dataset/train aug/Phoma/aug_1_311.jpg,Phoma,excluded_pattern,,
ethiopian cofee leaf dataset/train aug/Phoma/aug_1_312 (2).jpg,Phoma,excluded_pattern,,
ethiopian cofee leaf dataset/train aug/Phoma/aug_1_312.jpg,Phoma,excluded_pattern,,
ethiopian cofee leaf dataset/train aug/Phoma/aug_1_313 (2).jpg,Phoma,excluded_pattern,,
ethiopian cofee leaf dataset/train aug/Phoma/aug_1_313.jpg,Phoma,excluded_pattern,,
ethiopian cofee leaf dataset/train aug/Phoma/aug_1_314.jpg,Phoma,excluded_pattern,,
ethiopian cofee leaf dataset/train aug/Phoma/aug_1_315 (2).jpg,Phoma,excluded_pattern,,
ethiopian cofee leaf dataset/train aug/Phoma/aug_1_315.jpg,Phoma,excluded_pattern,,
ethiopian cofee leaf dataset/train aug/Phoma/aug_1_316.jpg,Phoma,excluded_pattern,,
ethiopian cofee leaf dataset/train aug/Phoma/aug_1_317.jpg,Phoma,excluded_pattern,,
ethiopian cofee leaf dataset/train aug/Phoma/aug_1_318 (2).jpg,Phoma,excluded_pattern,,
ethiopian cofee leaf dataset/train aug/Phoma/aug_1_318.jpg,Phoma,excluded_pattern,,
ethiopian cofee leaf dataset/train aug/Phoma/aug_1_319 (2).jpg,Phoma,excluded_pattern,,
ethiopian cofee leaf dataset/train aug/Phoma/aug_1_319.jpg,Phoma,excluded_pattern,,
ethiopian cofee leaf dataset/train aug/Phoma/aug_1_320 (2).jpg,Phoma,excluded_pattern,,
ethiopian cofee leaf dataset/train aug/Phoma/aug_1_320.jpg,Phoma,excluded_pattern,,
ethiopian cofee leaf dataset/train aug/Phoma/aug_1_321 (2).jpg,Phoma,excluded_pattern,,
ethiopian cofee leaf dataset/train aug/Phoma/aug_1_321.jpg,Phoma,excluded_pattern,,
ethiopian cofee leaf dataset/train aug/Phoma/aug_1_322 (2).jpg,Phoma,excluded_pattern,,
ethiopian cofee leaf dataset/train aug/Phoma/aug_1_322.jpg,Phoma,excluded_pattern,,
ethiopian cofee leaf dataset/train aug/Phoma/aug_1_323 (2).jpg,Phoma,excluded_pattern,,
ethiopian cofee leaf dataset/train aug/Phoma/aug_1_323.jpg,Phoma,excluded_pattern,,
ethiopian cofee leaf dataset/train aug/Phoma/aug_1_324 (2).jpg,Phoma,excluded_pattern,,
ethiopian cofee leaf dataset/train aug/Phoma/aug_1_324.jpg,Phoma,excluded_pattern,,
ethiopian cofee leaf dataset/train aug/Phoma/aug_1_325 (2).jpg,Phoma,excluded_pattern,,
ethiopian cofee leaf dataset/train aug/Phoma/aug_1_325.jpg,Phoma,excluded_pattern,,
ethiopian cofee leaf dataset/train aug/Phoma/aug_1_326 (2).jpg,Phoma,excluded_pattern,,
ethiopian cofee leaf dataset/train aug/Phoma/aug_1_326.jpg,Phoma,excluded_pattern,,
ethiopian cofee leaf dataset/train aug/Phoma/aug_1_327 (2).jpg,Phoma,excluded_pattern,,
ethiopian cofee leaf dataset/train aug/Phoma/aug_1_327.jpg,Phoma,excluded_pattern,,
ethiopian cofee leaf dataset/train aug/Phoma/aug_1_328 (2).jpg,Phoma,excluded_pattern,,
ethiopian cofee leaf dataset/train aug/Phoma/aug_1_328.jpg,Phoma,excluded_pattern,,
ethiopian cofee leaf dataset/train aug/Phoma/aug_1_329 (2).jpg,Phoma,excluded_pattern,,
ethiopian cofee leaf dataset/train aug/Phoma/aug_1_329.jpg,Phoma,excluded_pattern,,
ethiopian cofee leaf dataset/train aug/Phoma/aug_1_330 (2).jpg,Phoma,excluded_pattern,,
ethiopian cofee leaf dataset/train aug/Phoma/aug_1_330.jpg,Phoma,excluded_pattern,,
ethiopian cofee leaf dataset/train aug/Phoma/aug_1_331 (2).jpg,Phoma,excluded_pattern,,
ethiopian cofee leaf dataset/train aug/Phoma/aug_1_331.jpg,Phoma,excluded_pattern,,
ethiopian cofee leaf dataset/train aug/Phoma/aug_1_332 (2).jpg,Phoma,excluded_pattern,,
ethiopian cofee leaf dataset/train aug/Phoma/aug_1_332.jpg,Phoma,excluded_pattern,,
ethiopian cofee leaf dataset/train aug/Phoma/aug_1_333 (2).jpg,Phoma,excluded_pattern,,
ethiopian cofee leaf dataset/train aug/Phoma/aug_1_333.jpg,Phoma,excluded_pattern,,
ethiopian cofee leaf dataset/train aug/Phoma/aug_1_334 (2).jpg,Phoma,excluded_pattern,,
ethiopian cofee leaf dataset/train aug/Phoma/aug_1_334.jpg,Phoma,excluded_pattern,,
ethiopian cofee leaf dataset/train aug/Phoma/aug_1_335 (2).jpg,Phoma,excluded_pattern,,
ethiopian cofee leaf dataset/train aug/Phoma/aug_1_335.jpg,Phoma,excluded_pattern,,
ethiopian cofee leaf dataset/train aug/Phoma/aug_1_336 (2).jpg,Phoma,excluded_pattern,,
ethiopian cofee leaf dataset/train aug/Phoma/aug_1_336.jpg,Phoma,excluded_pattern,,
ethiopian cofee leaf dataset/train aug/Phoma/aug_1_337 (2).jpg,Phoma,excluded_pattern,,
ethiopian cofee leaf dataset/train aug/Phoma/aug_1_337.jpg,Phoma,excluded_pattern,,
ethiopian cofee leaf dataset/train aug/Phoma/aug_1_338 (2).jpg,Phoma,excluded_pattern,,
ethiopian cofee leaf dataset/train aug/Phoma/aug_1_338.jpg,Phoma,excluded_pattern,,
ethiopian cofee leaf dataset/train aug/Phoma/aug_1_339 (2).jpg,Phoma,excluded_pattern,,
ethiopian cofee leaf dataset/train aug/Phoma/aug_1_339.jpg,Phoma,excluded_pattern,,
ethiopian cofee leaf dataset/train aug/Phoma/aug_1_340 (2).jpg,Phoma,excluded_pattern,,
ethiopian cofee leaf dataset/train aug/Phoma/aug_1_340.jpg,Phoma,excluded_pattern,,
ethiopian cofee leaf dataset/train aug/Phoma/aug_1_341 (2).jpg,Phoma,excluded_pattern,,
ethiopian cofee leaf dataset/train aug/Phoma/aug_1_341.jpg,Phoma,excluded_pattern,,
ethiopian cofee leaf dataset/train aug/Phoma/aug_1_342 (2).jpg,Phoma,excluded_pattern,,
ethiopian cofee leaf dataset/train aug/Phoma/aug_1_342.jpg,Phoma,excluded_pattern,,
ethiopian cofee leaf dataset/train aug/Phoma/aug_1_343 (2).jpg,Phoma,excluded_pattern,,
ethiopian cofee leaf dataset/train aug/Phoma/aug_1_343.jpg,Phoma,excluded_pattern,,
ethiopian cofee leaf dataset/train aug/Phoma/aug_1_344 (2).jpg,Phoma,excluded_pattern,,
ethiopian cofee leaf dataset/train aug/Phoma/aug_1_344.jpg,Phoma,excluded_pattern,,
ethiopian cofee leaf dataset/train aug/Phoma/aug_1_345 (2).jpg,Phoma,excluded_pattern,,
ethiopian cofee leaf dataset/train aug/Phoma/aug_1_345.jpg,Phoma,excluded_pattern,,
ethiopian cofee leaf dataset/train aug/Phoma/aug_1_346 (2).jpg,Phoma,excluded_pattern,,
ethiopian cofee leaf dataset/train aug/Phoma/aug_1_346.jpg,Phoma,excluded_pattern,,
ethiopian cofee leaf dataset/train aug/Phoma/aug_1_347 (2).jpg,Phoma,excluded_pattern,,
ethiopian cofee leaf dataset/train aug/Phoma/aug_1_347.jpg,Phoma,excluded_pattern,,
ethiopian cofee leaf dataset/train aug/Phoma/aug_1_348 (2).jpg,Phoma,excluded_pattern,,
ethiopian cofee leaf dataset/train aug/Phoma/aug_1_348.jpg,Phoma,excluded_pattern,,
ethiopian cofee leaf dataset/train aug/Phoma/aug_1_349.jpg,Phoma,excluded_pattern,,
ethiopian cofee leaf dataset/train aug/Phoma/aug_1_350 (2).jpg,Phoma,excluded_pattern,,
ethiopian cofee leaf dataset/train aug/Phoma/aug_1_350.jpg,Phoma,excluded_pattern,,
ethiopian cofee leaf dataset/train aug/Phoma/aug_1_351 (2).jpg,Phoma,excluded_pattern,,
ethiopian cofee leaf dataset/train aug/Phoma/aug_1_351.jpg,Phoma,excluded_pattern,,
ethiopian cofee leaf dataset/train aug/Phoma/aug_1_352 (2).jpg,Phoma,excluded_pattern,,
ethiopian cofee leaf dataset/train aug/Phoma/aug_1_352.jpg,Phoma,excluded_pattern,,
ethiopian cofee leaf dataset/train aug/Phoma/aug_1_353 (2).jpg,Phoma,excluded_pattern,,
ethiopian cofee leaf dataset/train aug/Phoma/aug_1_353.jpg,Phoma,excluded_pattern,,
ethiopian cofee leaf dataset/train aug/Phoma/aug_1_354.jpg,Phoma,excluded_pattern,,
ethiopian cofee leaf dataset/train aug/Phoma/aug_1_355 (2).jpg,Phoma,excluded_pattern,,
ethiopian cofee leaf dataset/train aug/Phoma/aug_1_355.jpg,Phoma,excluded_pattern,,
ethiopian cofee leaf dataset/train aug/Phoma/aug_1_356 (2).jpg,Phoma,excluded_pattern,,
ethiopian cofee leaf dataset/train aug/Phoma/aug_1_356.jpg,Phoma,excluded_pattern,,
ethiopian cofee leaf dataset/train aug/Phoma/aug_1_357 (2).jpg,Phoma,excluded_pattern,,
ethiopian cofee leaf dataset/train aug/Phoma/aug_1_357.jpg,Phoma,excluded_pattern,,
ethiopian cofee leaf dataset/train aug/Phoma/aug_1_358 (2).jpg,Phoma,excluded_pattern,,
ethiopian cofee leaf dataset/train aug/Phoma/aug_1_358.jpg,Phoma,excluded_pattern,,
ethiopian cofee leaf dataset/train aug/Phoma/aug_1_359 (2).jpg,Phoma,excluded_pattern,,
ethiopian cofee leaf dataset/train aug/Phoma/aug_1_359.jpg,Phoma,excluded_pattern,,
ethiopian cofee leaf dataset/train aug/Phoma/aug_1_360.jpg,Phoma,excluded_pattern,,
ethiopian cofee leaf dataset/train aug/Phoma/aug_1_361 (2).jpg,Phoma,excluded_pattern,,
ethiopian cofee leaf dataset/train aug/Phoma/aug_1_361.jpg,Phoma,excluded_pattern,,
ethiopian cofee leaf dataset/train aug/Phoma/aug_1_362 (2).jpg,Phoma,excluded_pattern,,
ethiopian cofee leaf dataset/train aug/Phoma/aug_1_362.jpg,Phoma,excluded_pattern,,
ethiopian cofee leaf dataset/train aug/Phoma/aug_1_363 (2).jpg,Phoma,excluded_pattern,,
ethiopian cofee leaf dataset/train aug/Phoma/aug_1_363.jpg,Phoma,excluded_pattern,,
ethiopian cofee leaf dataset/train aug/Phoma/aug_1_364 (2).jpg,Phoma,excluded_pattern,,
ethiopian cofee leaf dataset/train aug/Phoma/aug_1_364.jpg,Phoma,excluded_pattern,,
ethiopian cofee leaf dataset/train aug/Phoma/aug_1_365 (2).jpg,Phoma,excluded_pattern,,
ethiopian cofee leaf dataset/train aug/Phoma/aug_1_365.jpg,Phoma,excluded_pattern,,
ethiopian cofee leaf dataset/train aug/Phoma/aug_1_366 (2).jpg,Phoma,excluded_pattern,,
ethiopian cofee leaf dataset/train aug/Phoma/aug_1_366.jpg,Phoma,excluded_pattern,,
ethiopian cofee leaf dataset/train aug/Phoma/aug_1_367 (2).jpg,Phoma,excluded_pattern,,
ethiopian cofee leaf dataset/train aug/Phoma/aug_1_367.jpg,Phoma,excluded_pattern,,
ethiopian cofee leaf dataset/train aug/Phoma/aug_1_368 (2).jpg,Phoma,excluded_pattern,,
ethiopian cofee leaf dataset/train aug/Phoma/aug_1_368.jpg,Phoma,excluded_pattern,,
ethiopian cofee leaf dataset/train aug/Phoma/aug_1_369.jpg,Phoma,excluded_pattern,,
ethiopian cofee leaf dataset/train aug/Phoma/aug_1_370 (2).jpg,Phoma,excluded_pattern,,
ethiopian cofee leaf dataset/train aug/Phoma/aug_1_370.jpg,Phoma,excluded_pattern,,
ethiopian cofee leaf dataset/train aug/Phoma/aug_1_371 (2).jpg,Phoma,excluded_pattern,,
ethiopian cofee leaf dataset/train aug/Phoma/aug_1_371.jpg,Phoma,excluded_pattern,,
ethiopian cofee leaf dataset/train aug/Phoma/aug_1_372 (2).jpg,Phoma,excluded_pattern,,
ethiopian cofee leaf dataset/train aug/Phoma/aug_1_372.jpg,Phoma,excluded_pattern,,
ethiopian cofee leaf dataset/train aug/Phoma/aug_1_373 (2).jpg,Phoma,excluded_pattern,,
ethiopian cofee leaf dataset/train aug/Phoma/aug_1_373.jpg,Phoma,excluded_pattern,,
ethiopian cofee leaf dataset/train aug/Phoma/aug_1_374 (2).jpg,Phoma,excluded_pattern,,
ethiopian cofee leaf dataset/train aug/Phoma/aug_1_374.jpg,Phoma,excluded_pattern,,
ethiopian cofee leaf dataset/train aug/Phoma/aug_1_375 (2).jpg,Phoma,excluded_pattern,,
ethiopian cofee leaf dataset/train aug/Phoma/aug_1_375.jpg,Phoma,excluded_pattern,,
ethiopian cofee leaf dataset/train aug/Phoma/aug_1_376 (2).jpg,Phoma,excluded_pattern,,
ethiopian cofee leaf dataset/train aug/Phoma/aug_1_376.jpg,Phoma,excluded_pattern,,
ethiopian cofee leaf dataset/train aug/Phoma/aug_1_377 (2).jpg,Phoma,excluded_pattern,,
ethiopian cofee leaf dataset/train aug/Phoma/aug_1_377.jpg,Phoma,excluded_pattern,,
ethiopian cofee leaf dataset/train aug/Phoma/aug_1_378.jpg,Phoma,excluded_pattern,,
ethiopian cofee leaf dataset/train aug/Phoma/aug_1_379 (2).jpg,Phoma,excluded_pattern,,
ethiopian cofee leaf dataset/train aug/Phoma/aug_1_379.jpg,Phoma,excluded_pattern,,
ethiopian cofee leaf dataset/train aug/Phoma/aug_1_380 (2).jpg,Phoma,excluded_pattern,,
ethiopian cofee leaf dataset/train aug/Phoma/aug_1_380.jpg,Phoma,excluded_pattern,,
ethiopian cofee leaf dataset/train aug/Phoma/aug_1_381 (2).jpg,Phoma,excluded_pattern,,
ethiopian cofee leaf dataset/train aug/Phoma/aug_1_381.jpg,Phoma,excluded_pattern,,
ethiopian cofee leaf dataset/train aug/Phoma/aug_1_382 (2).jpg,Phoma,excluded_pattern,,
ethiopian cofee leaf dataset/train aug/Phoma/aug_1_382.jpg,Phoma,excluded_pattern,,
ethiopian cofee leaf dataset/train aug/Phoma/aug_1_383 (2).jpg,Phoma,excluded_pattern,,
ethiopian cofee leaf dataset/train aug/Phoma/aug_1_383.jpg,Phoma,excluded_pattern,,
ethiopian cofee leaf dataset/train aug/Phoma/aug_1_384 (2).jpg,Phoma,excluded_pattern,,
ethiopian cofee leaf dataset/train aug/Phoma/aug_1_384.jpg,Phoma,excluded_pattern,,
ethiopian cofee leaf dataset/train aug/Phoma/aug_1_385 (2).jpg,Phoma,excluded_pattern,,
ethiopian cofee leaf dataset/train aug/Phoma/aug_1_385.jpg,Phoma,excluded_pattern,,
ethiopian cofee leaf dataset/train aug/Phoma/aug_1_386 (2).jpg,Phoma,excluded_pattern,,
ethiopian cofee leaf dataset/train aug/Phoma/aug_1_386.jpg,Phoma,excluded_pattern,,
ethiopian cofee leaf dataset/train aug/Phoma/aug_1_387 (2).jpg,Phoma,excluded_pattern,,
ethiopian cofee leaf dataset/train aug/Phoma/aug_1_387.jpg,Phoma,excluded_pattern,,
ethiopian cofee leaf dataset/train aug/Phoma/aug_1_388.jpg,Phoma,excluded_pattern,,
ethiopian cofee leaf dataset/train aug/Phoma/aug_1_389 (2).jpg,Phoma,excluded_pattern,,
ethiopian cofee leaf dataset/train aug/Phoma/aug_1_389.jpg,Phoma,excluded_pattern,,
ethiopian cofee leaf dataset/train aug/Phoma/aug_1_390 (2).jpg,Phoma,excluded_pattern,,
ethiopian cofee leaf dataset/train aug/Phoma/aug_1_390.jpg,Phoma,excluded_pattern,,
ethiopian cofee leaf dataset/train aug/Phoma/aug_1_391.jpg,Phoma,excluded_pattern,,
ethiopian cofee leaf dataset/train aug/Phoma/aug_1_392 (2).jpg,Phoma,excluded_pattern,,
ethiopian cofee leaf dataset/train aug/Phoma/aug_1_392.jpg,Phoma,excluded_pattern,,
ethiopian cofee leaf dataset/train aug/Phoma/aug_1_393.jpg,Phoma,excluded_pattern,,
ethiopian cofee leaf dataset/train aug/Phoma/aug_1_394 (2).jpg,Phoma,excluded_pattern,,
ethiopian cofee leaf dataset/train aug/Phoma/aug_1_394.jpg,Phoma,excluded_pattern,,
ethiopian cofee leaf dataset/train aug/Phoma/aug_1_395 (2).jpg,Phoma,excluded_pattern,,
ethiopian cofee leaf dataset/train aug/Phoma/aug_1_395.jpg,Phoma,excluded_pattern,,
ethiopian cofee leaf dataset/train aug/Phoma/aug_1_396 (2).jpg,Phoma,excluded_pattern,,
ethiopian cofee leaf dataset/train aug/Phoma/aug_1_396.jpg,Phoma,excluded_pattern,,
ethiopian cofee leaf dataset/train aug/Phoma/aug_1_397 (2).jpg,Phoma,excluded_pattern,,
ethiopian cofee leaf dataset/train aug/Phoma/aug_1_397.jpg,Phoma,excluded_pattern,,
ethiopian cofee leaf dataset/train aug/Phoma/aug_1_398 (2).jpg,Phoma,excluded_pattern,,
ethiopian cofee leaf dataset/train aug/Phoma/aug_1_398.jpg,Phoma,excluded_pattern,,
ethiopian cofee leaf dataset/train aug/Phoma/aug_1_399 (2).jpg,Phoma,excluded_pattern,,
ethiopian cofee leaf dataset/train aug/Phoma/aug_1_399.jpg,Phoma,excluded_pattern,,
ethiopian cofee leaf dataset/train aug/Phoma/aug_1_400 (2).jpg,Phoma,excluded_pattern,,
ethiopian cofee leaf dataset/train aug/Phoma/aug_1_400.jpg,Phoma,excluded_pattern,,
ethiopian cofee leaf dataset/train aug/Phoma/aug_1_401 (2).jpg,Phoma,excluded_pattern,,
ethiopian cofee leaf dataset/train aug/Phoma/aug_1_401.jpg,Phoma,excluded_pattern,,
ethiopian cofee leaf dataset/train aug/Phoma/aug_1_402 (2).jpg,Phoma,excluded_pattern,,
ethiopian cofee leaf dataset/train aug/Phoma/aug_1_402.jpg,Phoma,excluded_pattern,,
ethiopian cofee leaf dataset/train aug/Phoma/aug_1_403 (2).jpg,Phoma,excluded_pattern,,
ethiopian cofee leaf dataset/train aug/Phoma/aug_1_403.jpg,Phoma,excluded_pattern,,
ethiopian cofee leaf dataset/train aug/Phoma/aug_1_404 (2).jpg,Phoma,excluded_pattern,,
ethiopian cofee leaf dataset/train aug/Phoma/aug_1_404.jpg,Phoma,excluded_pattern,,
ethiopian cofee leaf dataset/train aug/Phoma/aug_1_405 (2).jpg,Phoma,excluded_pattern,,
ethiopian cofee leaf dataset/train aug/Phoma/aug_1_405.jpg,Phoma,excluded_pattern,,
ethiopian cofee leaf dataset/train aug/Phoma/aug_1_406 (2).jpg,Phoma,excluded_pattern,,
ethiopian cofee leaf dataset/train aug/Phoma/aug_1_406.jpg,Phoma,excluded_pattern,,
ethiopian cofee leaf dataset/train aug/Phoma/aug_1_407 (2).jpg,Phoma,excluded_pattern,,
ethiopian cofee leaf dataset/train aug/Phoma/aug_1_407.jpg,Phoma,excluded_pattern,,
ethiopian cofee leaf dataset/train aug/Phoma/aug_1_408.jpg,Phoma,excluded_pattern,,
ethiopian cofee leaf dataset/train aug/Phoma/aug_1_409 (2).jpg,Phoma,excluded_pattern,,
ethiopian cofee leaf dataset/train aug/Phoma/aug_1_409.jpg,Phoma,excluded_pattern,,
ethiopian cofee leaf dataset/train aug/Phoma/aug_1_410 (2).jpg,Phoma,excluded_pattern,,
ethiopian cofee leaf dataset/train aug/Phoma/aug_1_410.jpg,Phoma,excluded_pattern,,
ethiopian cofee leaf dataset/train aug/Phoma/aug_1_411 (2).jpg,Phoma,excluded_pattern,,
ethiopian cofee leaf dataset/train aug/Phoma/aug_1_411.jpg,Phoma,excluded_pattern,,
ethiopian cofee leaf dataset/train aug/Phoma/aug_1_412 (2).jpg,Phoma,excluded_pattern,,
ethiopian cofee leaf dataset/train aug/Phoma/aug_1_412.jpg,Phoma,excluded_pattern,,
ethiopian cofee leaf dataset/train aug/Phoma/aug_1_413 (2).jpg,Phoma,excluded_pattern,,
ethiopian cofee leaf dataset/train aug/Phoma/aug_1_413.jpg,Phoma,excluded_pattern,,
ethiopian cofee leaf dataset/train aug/Phoma/aug_1_414.jpg,Phoma,excluded_pattern,,
ethiopian cofee leaf dataset/train aug/Phoma/aug_1_415 (2).jpg,Phoma,excluded_pattern,,
ethiopian cofee leaf dataset/train aug/Phoma/aug_1_415.jpg,Phoma,excluded_pattern,,
ethiopian cofee leaf dataset/train aug/Phoma/aug_1_416 (2).jpg,Phoma,excluded_pattern,,
ethiopian cofee leaf dataset/train aug/Phoma/aug_1_416.jpg,Phoma,excluded_pattern,,
ethiopian cofee leaf dataset/train aug/Phoma/aug_1_417 (2).jpg,Phoma,excluded_pattern,,
ethiopian cofee leaf dataset/train aug/Phoma/aug_1_417.jpg,Phoma,excluded_pattern,,
ethiopian cofee leaf dataset/train aug/Phoma/aug_1_418 (2).jpg,Phoma,excluded_pattern,,
ethiopian cofee leaf dataset/train aug/Phoma/aug_1_418.jpg,Phoma,excluded_pattern,,
ethiopian cofee leaf dataset/train aug/Phoma/aug_1_419 (2).jpg,Phoma,excluded_pattern,,
ethiopian cofee leaf dataset/train aug/Phoma/aug_1_419.jpg,Phoma,excluded_pattern,,
ethiopian cofee leaf dataset/train aug/Phoma/aug_1_420 (2).jpg,Phoma,excluded_pattern,,
ethiopian cofee leaf dataset/train aug/Phoma/aug_1_420.jpg,Phoma,excluded_pattern,,
ethiopian cofee leaf dataset/train aug/Phoma/aug_1_421 (2).jpg,Phoma,excluded_pattern,,
ethiopian cofee leaf dataset/train aug/Phoma/aug_1_421.jpg,Phoma,excluded_pattern,,
ethiopian cofee leaf dataset/train aug/Phoma/aug_1_422 (2).jpg,Phoma,excluded_pattern,,
ethiopian cofee leaf dataset/train aug/Phoma/aug_1_422.jpg,Phoma,excluded_pattern,,
ethiopian cofee leaf dataset/train aug/Phoma/aug_1_423 (2).jpg,Phoma,excluded_pattern,,
ethiopian cofee leaf dataset/train aug/Phoma/aug_1_423.jpg,Phoma,excluded_pattern,,
ethiopian cofee leaf dataset/train aug/Phoma/aug_1_424 (2).jpg,Phoma,excluded_pattern,,
ethiopian cofee leaf dataset/train aug/Phoma/aug_1_424.jpg,Phoma,excluded_pattern,,
ethiopian cofee leaf dataset/train aug/Phoma/aug_1_425.jpg,Phoma,excluded_pattern,,
ethiopian cofee leaf dataset/train aug/Phoma/aug_1_426 (2).jpg,Phoma,excluded_pattern,,
ethiopian cofee leaf dataset/train aug/Phoma/aug_1_426.jpg,Phoma,excluded_pattern,,
ethiopian cofee leaf dataset/train aug/Phoma/aug_1_427 (2).jpg,Phoma,excluded_pattern,,
ethiopian cofee leaf dataset/train aug/Phoma/aug_1_427.jpg,Phoma,excluded_pattern,,
ethiopian cofee leaf dataset/train aug/Phoma/aug_1_428 (2).jpg,Phoma,excluded_pattern,,
ethiopian cofee leaf dataset/train aug/Phoma/aug_1_429 (2).jpg,Phoma,excluded_pattern,,
ethiopian cofee leaf dataset/train aug/Phoma/aug_1_429.jpg,Phoma,excluded_pattern,,
ethiopian cofee leaf dataset/train aug/Phoma/aug_1_430 (2).jpg,Phoma,excluded_pattern,,
ethiopian cofee leaf dataset/train aug/Phoma/aug_1_430.jpg,Phoma,excluded_pattern,,
ethiopian cofee leaf dataset/train aug/Phoma/aug_1_431.jpg,Phoma,excluded_pattern,,
ethiopian cofee leaf dataset/train aug/Phoma/aug_1_432 (2).jpg,Phoma,excluded_pattern,,
ethiopian cofee leaf dataset/train aug/Phoma/aug_1_432.jpg,Phoma,excluded_pattern,,
ethiopian cofee leaf dataset/train aug/Phoma/aug_1_433.jpg,Phoma,excluded_pattern,,
ethiopian cofee leaf dataset/train aug/Phoma/aug_1_434 (2).jpg,Phoma,excluded_pattern,,
ethiopian cofee leaf dataset/train aug/Phoma/aug_1_434.jpg,Phoma,excluded_pattern,,
ethiopian cofee leaf dataset/train aug/Phoma/aug_1_435 (2).jpg,Phoma,excluded_pattern,,
ethiopian cofee leaf dataset/train aug/Phoma/aug_1_435.jpg,Phoma,excluded_pattern,,
ethiopian cofee leaf dataset/train aug/Phoma/aug_1_436 (2).jpg,Phoma,excluded_pattern,,
ethiopian cofee leaf dataset/train aug/Phoma/aug_1_436.jpg,Phoma,excluded_pattern,,
ethiopian cofee leaf dataset/train aug/Phoma/aug_1_437.jpg,Phoma,excluded_pattern,,
ethiopian cofee leaf dataset/train aug/Phoma/aug_1_438.jpg,Phoma,excluded_pattern,,
ethiopian cofee leaf dataset/train aug/Phoma/aug_1_439 (2).jpg,Phoma,excluded_pattern,,
ethiopian cofee leaf dataset/train aug/Phoma/aug_1_440 (2).jpg,Phoma,excluded_pattern,,
ethiopian cofee leaf dataset/train aug/Phoma/aug_1_440.jpg,Phoma,excluded_pattern,,
ethiopian cofee leaf dataset/train aug/Phoma/aug_1_441 (2).jpg,Phoma,excluded_pattern,,
ethiopian cofee leaf dataset/train aug/Phoma/aug_1_441.jpg,Phoma,excluded_pattern,,
ethiopian cofee leaf dataset/train aug/Phoma/aug_1_442 (2).jpg,Phoma,excluded_pattern,,
ethiopian cofee leaf dataset/train aug/Phoma/aug_1_442.jpg,Phoma,excluded_pattern,,
ethiopian cofee leaf dataset/train aug/Phoma/aug_1_443 (2).jpg,Phoma,excluded_pattern,,
ethiopian cofee leaf dataset/train aug/Phoma/aug_1_443.jpg,Phoma,excluded_pattern,,
ethiopian cofee leaf dataset/train aug/Phoma/aug_1_444 (2).jpg,Phoma,excluded_pattern,,
ethiopian cofee leaf dataset/train aug/Phoma/aug_1_445 (2).jpg,Phoma,excluded_pattern,,
ethiopian cofee leaf dataset/train aug/Phoma/aug_1_446 (2).jpg,Phoma,excluded_pattern,,
ethiopian cofee leaf dataset/train aug/Phoma/aug_1_447 (2).jpg,Phoma,excluded_pattern,,
ethiopian cofee leaf dataset/train aug/Phoma/aug_1_448 (2).jpg,Phoma,excluded_pattern,,
ethiopian cofee leaf dataset/train aug/Phoma/aug_1_449 (2).jpg,Phoma,excluded_pattern,,
ethiopian cofee leaf dataset/train aug/Phoma/aug_1_449.jpg,Phoma,excluded_pattern,,
ethiopian cofee leaf dataset/train aug/Phoma/aug_1_450 (2).jpg,Phoma,excluded_pattern,,
ethiopian cofee leaf dataset/train aug/Phoma/aug_1_450.jpg,Phoma,excluded_pattern,,
ethiopian cofee leaf dataset/train aug/Phoma/aug_1_451 (2).jpg,Phoma,excluded_pattern,,
ethiopian cofee leaf dataset/train aug/Phoma/aug_1_451.jpg,Phoma,excluded_pattern,,
ethiopian cofee leaf dataset/train aug/Phoma/aug_1_452 (2).jpg,Phoma,excluded_pattern,,
ethiopian cofee leaf dataset/train aug/Phoma/aug_1_452.jpg,Phoma,excluded_pattern,,
ethiopian cofee leaf dataset/train aug/Phoma/aug_1_453 (2).jpg,Phoma,excluded_pattern,,
ethiopian cofee leaf dataset/train aug/Phoma/aug_1_453.jpg,Phoma,excluded_pattern,,
ethiopian cofee leaf dataset/train aug/Phoma/aug_1_454 (2).jpg,Phoma,excluded_pattern,,
ethiopian cofee leaf dataset/train aug/Phoma/aug_1_454.jpg,Phoma,excluded_pattern,,
ethiopian cofee leaf dataset/train aug/Phoma/aug_1_455 (2).jpg,Phoma,excluded_pattern,,
ethiopian cofee leaf dataset/train aug/Phoma/aug_1_456 (2).jpg,Phoma,excluded_pattern,,
ethiopian cofee leaf dataset/train aug/Phoma/aug_1_456.jpg,Phoma,excluded_pattern,,
ethiopian cofee leaf dataset/train aug/Phoma/aug_1_457 (2).jpg,Phoma,excluded_pattern,,
ethiopian cofee leaf dataset/train aug/Phoma/aug_1_457.jpg,Phoma,excluded_pattern,,
ethiopian cofee leaf dataset/train aug/Phoma/aug_1_458 (2).jpg,Phoma,excluded_pattern,,
ethiopian cofee leaf dataset/train aug/Phoma/aug_1_458.jpg,Phoma,excluded_pattern,,
ethiopian cofee leaf dataset/train aug/Phoma/aug_1_459 (2).jpg,Phoma,excluded_pattern,,
ethiopian cofee leaf dataset/train aug/Phoma/aug_1_459.jpg,Phoma,excluded_pattern,,
ethiopian cofee leaf dataset/train aug/Phoma/aug_1_460 (2).jpg,Phoma,excluded_pattern,,
ethiopian cofee leaf dataset/train aug/Phoma/aug_1_460.jpg,Phoma,excluded_pattern,,
ethiopian cofee leaf dataset/train aug/Phoma/aug_1_461 (2).jpg,Phoma,excluded_pattern,,
ethiopian cofee leaf dataset/train aug/Phoma/aug_1_461.jpg,Phoma,excluded_pattern,,
ethiopian cofee leaf dataset/train aug/Phoma/aug_1_462 (2).jpg,Phoma,excluded_pattern,,
ethiopian cofee leaf dataset/train aug/Phoma/aug_1_462.jpg,Phoma,excluded_pattern,,
ethiopian cofee leaf dataset/train aug/Phoma/aug_1_463 (2).jpg,Phoma,excluded_pattern,,
ethiopian cofee leaf dataset/train aug/Phoma/aug_1_463.jpg,Phoma,excluded_pattern,,
ethiopian cofee leaf dataset/train aug/Phoma/aug_1_464 (2).jpg,Phoma,excluded_pattern,,
ethiopian cofee leaf dataset/train aug/Phoma/aug_1_464.jpg,Phoma,excluded_pattern,,
ethiopian cofee leaf dataset/train aug/Phoma/aug_1_465 (2).jpg,Phoma,excluded_pattern,,
ethiopian cofee leaf dataset/train aug/Phoma/aug_1_466 (2).jpg,Phoma,excluded_pattern,,
ethiopian cofee leaf dataset/train aug/Phoma/aug_1_466.jpg,Phoma,excluded_pattern,,
ethiopian cofee leaf dataset/train aug/Phoma/aug_1_467 (2).jpg,Phoma,excluded_pattern,,
ethiopian cofee leaf dataset/train aug/Phoma/aug_1_467.jpg,Phoma,excluded_pattern,,
ethiopian cofee leaf dataset/train aug/Phoma/aug_1_468 (2).jpg,Phoma,excluded_pattern,,
ethiopian cofee leaf dataset/train aug/Phoma/aug_1_468.jpg,Phoma,excluded_pattern,,
ethiopian cofee leaf dataset/train aug/Phoma/aug_1_469 (2).jpg,Phoma,excluded_pattern,,
ethiopian cofee leaf dataset/train aug/Phoma/aug_1_469.jpg,Phoma,excluded_pattern,,
ethiopian cofee leaf dataset/train aug/Phoma/aug_1_470 (2).jpg,Phoma,excluded_pattern,,
ethiopian cofee leaf dataset/train aug/Phoma/aug_1_471 (2).jpg,Phoma,excluded_pattern,,
ethiopian cofee leaf dataset/train aug/Phoma/aug_1_471.jpg,Phoma,excluded_pattern,,
ethiopian cofee leaf dataset/train aug/Phoma/aug_1_472 (2).jpg,Phoma,excluded_pattern,,
ethiopian cofee leaf dataset/train aug/Phoma/aug_1_472.jpg,Phoma,excluded_pattern,,
ethiopian cofee leaf dataset/train aug/Phoma/aug_1_473 (2).jpg,Phoma,excluded_pattern,,
ethiopian cofee leaf dataset/train aug/Phoma/aug_1_473.jpg,Phoma,excluded_pattern,,
ethiopian cofee leaf dataset/train aug/Phoma/aug_1_474 (2).jpg,Phoma,excluded_pattern,,
ethiopian cofee leaf dataset/train aug/Phoma/aug_1_475 (2).jpg,Phoma,excluded_pattern,,
ethiopian cofee leaf dataset/train aug/Phoma/aug_1_476 (2).jpg,Phoma,excluded_pattern,,
ethiopian cofee leaf dataset/train aug/Phoma/aug_1_476.jpg,Phoma,excluded_pattern,,
ethiopian cofee leaf dataset/train aug/Phoma/aug_1_477 (2).jpg,Phoma,excluded_pattern,,
ethiopian cofee leaf dataset/train aug/Phoma/aug_1_478 (2).jpg,Phoma,excluded_pattern,,
ethiopian cofee leaf dataset/train aug/Phoma/aug_1_478.jpg,Phoma,excluded_pattern,,
ethiopian cofee leaf dataset/train aug/Phoma/aug_1_479 (2).jpg,Phoma,excluded_pattern,,
ethiopian cofee leaf dataset/train aug/Phoma/aug_1_479.jpg,Phoma,excluded_pattern,,
ethiopian cofee leaf dataset/train aug/Phoma/aug_1_480 (2).jpg,Phoma,excluded_pattern,,
ethiopian cofee leaf dataset/train aug/Phoma/aug_1_481 (2).jpg,Phoma,excluded_pattern,,
ethiopian cofee leaf dataset/train aug/Phoma/aug_1_481.jpg,Phoma,excluded_pattern,,
ethiopian cofee leaf dataset/train aug/Phoma/aug_1_482 (2).jpg,Phoma,excluded_pattern,,
ethiopian cofee leaf dataset/train aug/Phoma/aug_1_483 (2).jpg,Phoma,excluded_pattern,,
ethiopian cofee leaf dataset/train aug/Phoma/aug_1_483.jpg,Phoma,excluded_pattern,,
ethiopian cofee leaf dataset/train aug/Phoma/aug_1_484 (2).jpg,Phoma,excluded_pattern,,
ethiopian cofee leaf dataset/train aug/Phoma/aug_1_484.jpg,Phoma,excluded_pattern,,
ethiopian cofee leaf dataset/train aug/Phoma/aug_1_485 (2).jpg,Phoma,excluded_pattern,,
ethiopian cofee leaf dataset/train aug/Phoma/aug_1_485.jpg,Phoma,excluded_pattern,,
ethiopian cofee leaf dataset/train aug/Phoma/aug_1_486 (2).jpg,Phoma,excluded_pattern,,
ethiopian cofee leaf dataset/train aug/Phoma/aug_1_486.jpg,Phoma,excluded_pattern,,
ethiopian cofee leaf dataset/train aug/Phoma/aug_1_487 (2).jpg,Phoma,excluded_pattern,,
ethiopian cofee leaf dataset/train aug/Phoma/aug_1_487.jpg,Phoma,excluded_pattern,,
ethiopian cofee leaf dataset/train aug/Phoma/aug_1_488 (2).jpg,Phoma,excluded_pattern,,
ethiopian cofee leaf dataset/train aug/Phoma/aug_1_489 (2).jpg,Phoma,excluded_pattern,,
ethiopian cofee leaf dataset/train aug/Phoma/aug_1_490 (2).jpg,Phoma,excluded_pattern,,
ethiopian cofee leaf dataset/train aug/Phoma/aug_1_491 (2).jpg,Phoma,excluded_pattern,,
ethiopian cofee leaf dataset/train aug/Phoma/aug_1_492 (2).jpg,Phoma,excluded_pattern,,
ethiopian cofee leaf dataset/train aug/Phoma/aug_1_493 (2).jpg,Phoma,excluded_pattern,,
ethiopian cofee leaf dataset/train aug/Phoma/aug_1_493.jpg,Phoma,excluded_pattern,,
ethiopian cofee leaf dataset/train aug/Phoma/aug_1_494 (2).jpg,Phoma,excluded_pattern,,
ethiopian cofee leaf dataset/train aug/Phoma/aug_1_495 (2).jpg,Phoma,excluded_pattern,,
ethiopian cofee leaf dataset/train aug/Phoma/aug_1_495.jpg,Phoma,excluded_pattern,,
ethiopian cofee leaf dataset/train aug/Phoma/aug_1_496 (2).jpg,Phoma,excluded_pattern,,
ethiopian cofee leaf dataset/train aug/Phoma/aug_1_497 (2).jpg,Phoma,excluded_pattern,,
ethiopian cofee leaf dataset/train aug/Phoma/aug_1_498 (2).jpg,Phoma,excluded_pattern,,
ethiopian cofee leaf dataset/train aug/Phoma/aug_1_498.jpg,Phoma,excluded_pattern,,
ethiopian cofee leaf dataset/train aug/Phoma/aug_1_499 (2).jpg,Phoma,excluded_pattern,,
ethiopian cofee leaf dataset/train aug/Phoma/aug_1_499.jpg,Phoma,excluded_pattern,,
ethiopian cofee leaf dataset/train aug/Phoma/aug_1_500 (2).jpg,Phoma,excluded_pattern,,
ethiopian cofee leaf dataset/train aug/Phoma/aug_1_500.jpg,Phoma,excluded_pattern,,
ethiopian cofee leaf dataset/train aug/Phoma/aug_1_501 (2).jpg,Phoma,excluded_pattern,,
ethiopian cofee leaf dataset/train aug/Phoma/aug_1_501.jpg,Phoma,excluded_pattern,,
ethiopian cofee leaf dataset/train aug/Phoma/aug_1_502 (2).jpg,Phoma,excluded_pattern,,
ethiopian cofee leaf dataset/train aug/Phoma/aug_1_502.jpg,Phoma,excluded_pattern,,
ethiopian cofee leaf dataset/train aug/Phoma/aug_1_503 (2).jpg,Phoma,excluded_pattern,,
ethiopian cofee leaf dataset/train aug/Phoma/aug_1_503.jpg,Phoma,excluded_pattern,,
ethiopian cofee leaf dataset/train aug/Phoma/aug_1_504 (2).jpg,Phoma,excluded_pattern,,
ethiopian cofee leaf dataset/train aug/Phoma/aug_1_504.jpg,Phoma,excluded_pattern,,
ethiopian cofee leaf dataset/train aug/Phoma/aug_1_505 (2).jpg,Phoma,excluded_pattern,,
ethiopian cofee leaf dataset/train aug/Phoma/aug_1_505.jpg,Phoma,excluded_pattern,,
ethiopian cofee leaf dataset/train aug/Phoma/aug_1_506 (2).jpg,Phoma,excluded_pattern,,
ethiopian cofee leaf dataset/train aug/Phoma/aug_1_506.jpg,Phoma,excluded_pattern,,
ethiopian cofee leaf dataset/train aug/Phoma/aug_1_507 (2).jpg,Phoma,excluded_pattern,,
ethiopian cofee leaf dataset/train aug/Phoma/aug_1_507.jpg,Phoma,excluded_pattern,,
ethiopian cofee leaf dataset/train aug/Phoma/aug_1_508 (2).jpg,Phoma,excluded_pattern,,
ethiopian cofee leaf dataset/train aug/Phoma/aug_1_508.jpg,Phoma,excluded_pattern,,
ethiopian cofee leaf dataset/train aug/Phoma/aug_1_509 (2).jpg,Phoma,excluded_pattern,,
ethiopian cofee leaf dataset/train aug/Phoma/aug_1_509.jpg,Phoma,excluded_pattern,,
ethiopian cofee leaf dataset/train aug/Phoma/aug_1_510 (2).jpg,Phoma,excluded_pattern,,
ethiopian cofee leaf dataset/train aug/Phoma/aug_1_510.jpg,Phoma,excluded_pattern,,
ethiopian cofee leaf dataset/train aug/Phoma/aug_1_511 (2).jpg,Phoma,excluded_pattern,,
ethiopian cofee leaf dataset/train aug/Phoma/aug_1_511.jpg,Phoma,excluded_pattern,,
ethiopian cofee leaf dataset/train aug/Phoma/aug_1_512 (2).jpg,Phoma,excluded_pattern,,
ethiopian cofee leaf dataset/train aug/Phoma/aug_1_512.jpg,Phoma,excluded_pattern,,
ethiopian cofee leaf dataset/train aug/Phoma/aug_1_513 (2).jpg,Phoma,excluded_pattern,,
ethiopian cofee leaf dataset/train aug/Phoma/aug_1_513.jpg,Phoma,excluded_pattern,,
ethiopian cofee leaf dataset/train aug/Phoma/aug_1_514 (2).jpg,Phoma,excluded_pattern,,
ethiopian cofee leaf dataset/train aug/Phoma/aug_1_514.jpg,Phoma,excluded_pattern,,
ethiopian cofee leaf dataset/train aug/Phoma/aug_1_515 (2).jpg,Phoma,excluded_pattern,,
ethiopian cofee leaf dataset/train aug/Phoma/aug_1_515.jpg,Phoma,excluded_pattern,,
ethiopian cofee leaf dataset/train aug/Phoma/aug_1_516 (2).jpg,Phoma,excluded_pattern,,
ethiopian cofee leaf dataset/train aug/Phoma/aug_1_516.jpg,Phoma,excluded_pattern,,
ethiopian cofee leaf dataset/train aug/Phoma/aug_1_517 (2).jpg,Phoma,excluded_pattern,,
ethiopian cofee leaf dataset/train aug/Phoma/aug_1_517.jpg,Phoma,excluded_pattern,,
ethiopian cofee leaf dataset/train aug/Phoma/aug_1_518 (2).jpg,Phoma,excluded_pattern,,
ethiopian cofee leaf dataset/train aug/Phoma/aug_1_518.jpg,Phoma,excluded_pattern,,
ethiopian cofee leaf dataset/train aug/Phoma/aug_1_519 (2).jpg,Phoma,excluded_pattern,,
ethiopian cofee leaf dataset/train aug/Phoma/aug_1_519.jpg,Phoma,excluded_pattern,,
ethiopian cofee leaf dataset/train aug/Phoma/aug_1_520 (2).jpg,Phoma,excluded_pattern,,
ethiopian cofee leaf dataset/train aug/Phoma/aug_1_520.jpg,Phoma,excluded_pattern,,
ethiopian cofee leaf dataset/train aug/Phoma/aug_1_521 (2).jpg,Phoma,excluded_pattern,,
ethiopian cofee leaf dataset/train aug/Phoma/aug_1_521.jpg,Phoma,excluded_pattern,,
ethiopian cofee leaf dataset/train aug/Phoma/aug_1_522 (2).jpg,Phoma,excluded_pattern,,
ethiopian cofee leaf dataset/train aug/Phoma/aug_1_522.jpg,Phoma,excluded_pattern,,
ethiopian cofee leaf dataset/train aug/Phoma/aug_1_523 (2).jpg,Phoma,excluded_pattern,,
ethiopian cofee leaf dataset/train aug/Phoma/aug_1_523.jpg,Phoma,excluded_pattern,,
ethiopian cofee leaf dataset/train aug/Phoma/aug_1_524 (2).jpg,Phoma,excluded_pattern,,
ethiopian cofee leaf dataset/train aug/Phoma/aug_1_524.jpg,Phoma,excluded_pattern,,
ethiopian cofee leaf dataset/train aug/Phoma/aug_1_525 (2).jpg,Phoma,excluded_pattern,,
ethiopian cofee leaf dataset/train aug/Phoma/aug_1_526 (2).jpg,Phoma,excluded_pattern,,
ethiopian cofee leaf dataset/train aug/Phoma/aug_1_526.jpg,Phoma,excluded_pattern,,
ethiopian cofee leaf dataset/train aug/Phoma/aug_1_527 (2).jpg,Phoma,excluded_pattern,,
ethiopian cofee leaf dataset/train aug/Phoma/aug_1_527.jpg,Phoma,excluded_pattern,,
ethiopian cofee leaf dataset/train aug/Phoma/aug_1_528 (2).jpg,Phoma,excluded_pattern,,
ethiopian cofee leaf dataset/train aug/Phoma/aug_1_528.jpg,Phoma,excluded_pattern,,
ethiopian cofee leaf dataset/train aug/Phoma/aug_1_529 (2).jpg,Phoma,excluded_pattern,,
ethiopian cofee leaf dataset/train aug/Phoma/aug_1_529.jpg,Phoma,excluded_pattern,,
ethiopian cofee leaf dataset/train aug/Phoma/aug_1_530 (2).jpg,Phoma,excluded_pattern,,
ethiopian cofee leaf dataset/train aug/Phoma/aug_1_530.jpg,Phoma,excluded_pattern,,
ethiopian cofee leaf dataset/train aug/Phoma/aug_1_531 (2).jpg,Phoma,excluded_pattern,,
ethiopian cofee leaf dataset/train aug/Phoma/aug_1_531.jpg,Phoma,excluded_pattern,,
ethiopian cofee leaf dataset/train aug/Phoma/aug_1_532 (2).jpg,Phoma,excluded_pattern,,
ethiopian cofee leaf dataset/train aug/Phoma/aug_1_532.jpg,Phoma,excluded_pattern,,
ethiopian cofee leaf dataset/train aug/Phoma/aug_1_533 (2).jpg,Phoma,excluded_pattern,,
ethiopian cofee leaf dataset/train aug/Phoma/aug_1_534 (2).jpg,Phoma,excluded_pattern,,
ethiopian cofee leaf dataset/train aug/Phoma/aug_1_534.jpg,Phoma,excluded_pattern,,
ethiopian cofee leaf dataset/train aug/Phoma/aug_1_535 (2).jpg,Phoma,excluded_pattern,,
ethiopian cofee leaf dataset/train aug/Phoma/aug_1_535.jpg,Phoma,excluded_pattern,,
ethiopian cofee leaf dataset/train aug/Phoma/aug_1_536 (2).jpg,Phoma,excluded_pattern,,
ethiopian cofee leaf dataset/train aug/Phoma/aug_1_536.jpg,Phoma,excluded_pattern,,
ethiopian cofee leaf dataset/train aug/Phoma/aug_1_537 (2).jpg,Phoma,excluded_pattern,,
ethiopian cofee leaf dataset/train aug/Phoma/aug_1_537.jpg,Phoma,excluded_pattern,,
ethiopian cofee leaf dataset/train aug/Phoma/aug_1_538 (2).jpg,Phoma,excluded_pattern,,
ethiopian cofee leaf dataset/train aug/Phoma/aug_1_538.jpg,Phoma,excluded_pattern,,
ethiopian cofee leaf dataset/train aug/Phoma/aug_1_539 (2).jpg,Phoma,excluded_pattern,,
ethiopian cofee leaf dataset/train aug/Phoma/aug_1_539.jpg,Phoma,excluded_pattern,,
ethiopian cofee leaf dataset/train aug/Phoma/aug_1_540 (2).jpg,Phoma,excluded_pattern,,
ethiopian cofee leaf dataset/train aug/Phoma/aug_1_540.jpg,Phoma,excluded_pattern,,
ethiopian cofee leaf dataset/train aug/Phoma/aug_1_541 (2).jpg,Phoma,excluded_pattern,,
ethiopian cofee leaf dataset/train aug/Phoma/aug_1_541.jpg,Phoma,excluded_pattern,,
ethiopian cofee leaf dataset/train aug/Phoma/aug_1_542 (2).jpg,Phoma,excluded_pattern,,
ethiopian cofee leaf dataset/train aug/Phoma/aug_1_542.jpg,Phoma,excluded_pattern,,
ethiopian cofee leaf dataset/train aug/Phoma/aug_1_543 (2).jpg,Phoma,excluded_pattern,,
ethiopian cofee leaf dataset/train aug/Phoma/aug_1_544 (2).jpg,Phoma,excluded_pattern,,
ethiopian cofee leaf dataset/train aug/Phoma/aug_1_544.jpg,Phoma,excluded_pattern,,
ethiopian cofee leaf dataset/train aug/Phoma/aug_1_545 (2).jpg,Phoma,excluded_pattern,,
ethiopian cofee leaf dataset/train aug/Phoma/aug_1_545.jpg,Phoma,excluded_pattern,,
ethiopian cofee leaf dataset/train aug/Phoma/aug_1_546 (2).jpg,Phoma,excluded_pattern,,
ethiopian cofee leaf dataset/train aug/Phoma/aug_1_546.jpg,Phoma,excluded_pattern,,
ethiopian cofee leaf dataset/train aug/Phoma/aug_1_547 (2).jpg,Phoma,excluded_pattern,,
ethiopian cofee leaf dataset/train aug/Phoma/aug_1_547.jpg,Phoma,excluded_pattern,,
ethiopian cofee leaf dataset/train aug/Phoma/aug_1_548 (2).jpg,Phoma,excluded_pattern,,
ethiopian cofee leaf dataset/train aug/Phoma/aug_1_548.jpg,Phoma,excluded_pattern,,
ethiopian cofee leaf dataset/train aug/Phoma/aug_1_549 (2).jpg,Phoma,excluded_pattern,,
ethiopian cofee leaf dataset/train aug/Phoma/aug_1_549.jpg,Phoma,excluded_pattern,,
ethiopian cofee leaf dataset/train aug/Phoma/aug_1_550 (2).jpg,Phoma,excluded_pattern,,
ethiopian cofee leaf dataset/train aug/Phoma/aug_1_550.jpg,Phoma,excluded_pattern,,
ethiopian cofee leaf dataset/train aug/Phoma/aug_1_551 (2).jpg,Phoma,excluded_pattern,,
ethiopian cofee leaf dataset/train aug/Phoma/aug_1_552 (2).jpg,Phoma,excluded_pattern,,
ethiopian cofee leaf dataset/train aug/Phoma/aug_1_552.jpg,Phoma,excluded_pattern,,
ethiopian cofee leaf dataset/train aug/Phoma/aug_1_553 (2).jpg,Phoma,excluded_pattern,,
ethiopian cofee leaf dataset/train aug/Phoma/aug_1_553.jpg,Phoma,excluded_pattern,,
ethiopian cofee leaf dataset/train aug/Phoma/aug_1_554 (2).jpg,Phoma,excluded_pattern,,
ethiopian cofee leaf dataset/train aug/Phoma/aug_1_554.jpg,Phoma,excluded_pattern,,
ethiopian cofee leaf dataset/train aug/Phoma/aug_1_555 (2).jpg,Phoma,excluded_pattern,,
ethiopian cofee leaf dataset/train aug/Phoma/aug_1_555.jpg,Phoma,excluded_pattern,,
ethiopian cofee leaf dataset/train aug/Phoma/aug_1_556 (2).jpg,Phoma,excluded_pattern,,
ethiopian cofee leaf dataset/train aug/Phoma/aug_1_556.jpg,Phoma,excluded_pattern,,
ethiopian cofee leaf dataset/train aug/Phoma/aug_1_557 (2).jpg,Phoma,excluded_pattern,,
ethiopian cofee leaf dataset/train aug/Phoma/aug_1_557.jpg,Phoma,excluded_pattern,,
ethiopian cofee leaf dataset/train aug/Phoma/aug_1_558 (2).jpg,Phoma,excluded_pattern,,
ethiopian cofee leaf dataset/train aug/Phoma/aug_1_558.jpg,Phoma,excluded_pattern,,
ethiopian cofee leaf dataset/train aug/Phoma/aug_1_559 (2).jpg,Phoma,excluded_pattern,,
ethiopian cofee leaf dataset/train aug/Phoma/aug_1_559.jpg,Phoma,excluded_pattern,,
ethiopian cofee leaf dataset/train aug/Phoma/aug_1_560 (2).jpg,Phoma,excluded_pattern,,
ethiopian cofee leaf dataset/train aug/Phoma/aug_1_560.jpg,Phoma,excluded_pattern,,
ethiopian cofee leaf dataset/train aug/Phoma/aug_1_561 (2).jpg,Phoma,excluded_pattern,,
ethiopian cofee leaf dataset/train aug/Phoma/aug_1_561.jpg,Phoma,excluded_pattern,,
ethiopian cofee leaf dataset/train aug/Phoma/aug_1_562 (2).jpg,Phoma,excluded_pattern,,
ethiopian cofee leaf dataset/train aug/Phoma/aug_1_562.jpg,Phoma,excluded_pattern,,
ethiopian cofee leaf dataset/train aug/Phoma/aug_1_563 (2).jpg,Phoma,excluded_pattern,,
ethiopian cofee leaf dataset/train aug/Phoma/aug_1_563.jpg,Phoma,excluded_pattern,,
ethiopian cofee leaf dataset/train aug/Phoma/aug_1_564 (2).jpg,Phoma,excluded_pattern,,
ethiopian cofee leaf dataset/train aug/Phoma/aug_1_564.jpg,Phoma,excluded_pattern,,
ethiopian cofee leaf dataset/train aug/Phoma/aug_1_565 (2).jpg,Phoma,excluded_pattern,,
ethiopian cofee leaf dataset/train aug/Phoma/aug_1_565.jpg,Phoma,excluded_pattern,,
ethiopian cofee leaf dataset/train aug/Phoma/aug_1_566 (2).jpg,Phoma,excluded_pattern,,
ethiopian cofee leaf dataset/train aug/Phoma/aug_1_566.jpg,Phoma,excluded_pattern,,
ethiopian cofee leaf dataset/train aug/Phoma/aug_1_567 (2).jpg,Phoma,excluded_pattern,,
ethiopian cofee leaf dataset/train aug/Phoma/aug_1_568 (2).jpg,Phoma,excluded_pattern,,
ethiopian cofee leaf dataset/train aug/Phoma/aug_1_568.jpg,Phoma,excluded_pattern,,
ethiopian cofee leaf dataset/train aug/Phoma/aug_1_569 (2).jpg,Phoma,excluded_pattern,,
ethiopian cofee leaf dataset/train aug/Phoma/aug_1_569.jpg,Phoma,excluded_pattern,,
ethiopian cofee leaf dataset/train aug/Phoma/aug_1_570 (2).jpg,Phoma,excluded_pattern,,
ethiopian cofee leaf dataset/train aug/Phoma/aug_1_570.jpg,Phoma,excluded_pattern,,
ethiopian cofee leaf dataset/train aug/Phoma/aug_1_571 (2).jpg,Phoma,excluded_pattern,,
ethiopian cofee leaf dataset/train aug/Phoma/aug_1_571.jpg,Phoma,excluded_pattern,,
ethiopian cofee leaf dataset/train aug/Phoma/aug_1_572 (2).jpg,Phoma,excluded_pattern,,
ethiopian cofee leaf dataset/train aug/Phoma/aug_1_572.jpg,Phoma,excluded_pattern,,
ethiopian cofee leaf dataset/train aug/Phoma/aug_1_573 (2).jpg,Phoma,excluded_pattern,,
ethiopian cofee leaf dataset/train aug/Phoma/aug_1_573.jpg,Phoma,excluded_pattern,,
ethiopian cofee leaf dataset/train aug/Phoma/aug_1_574 (2).jpg,Phoma,excluded_pattern,,
ethiopian cofee leaf dataset/train aug/Phoma/aug_1_575 (2).jpg,Phoma,excluded_pattern,,
ethiopian cofee leaf dataset/train aug/Phoma/aug_1_575.jpg,Phoma,excluded_pattern,,
ethiopian cofee leaf dataset/train aug/Phoma/aug_1_576 (2).jpg,Phoma,excluded_pattern,,
ethiopian cofee leaf dataset/train aug/Phoma/aug_1_576.jpg,Phoma,excluded_pattern,,
ethiopian cofee leaf dataset/train aug/Phoma/aug_1_577 (2).jpg,Phoma,excluded_pattern,,
ethiopian cofee leaf dataset/train aug/Phoma/aug_1_577.jpg,Phoma,excluded_pattern,,
ethiopian cofee leaf dataset/train aug/Phoma/aug_1_578 (2).jpg,Phoma,excluded_pattern,,
ethiopian cofee leaf dataset/train aug/Phoma/aug_1_578.jpg,Phoma,excluded_pattern,,
ethiopian cofee leaf dataset/train aug/Phoma/aug_1_579 (2).jpg,Phoma,excluded_pattern,,
ethiopian cofee leaf dataset/train aug/Phoma/aug_1_579.jpg,Phoma,excluded_pattern,,
ethiopian cofee leaf dataset/train aug/Phoma/aug_1_580 (2).jpg,Phoma,excluded_pattern,,
ethiopian cofee leaf dataset/train aug/Phoma/aug_1_580.jpg,Phoma,excluded_pattern,,
ethiopian cofee leaf dataset/train aug/Phoma/aug_1_581 (2).jpg,Phoma,excluded_pattern,,
ethiopian cofee leaf dataset/train aug/Phoma/aug_1_581.jpg,Phoma,excluded_pattern,,
ethiopian cofee leaf dataset/train aug/Phoma/aug_1_582 (2).jpg,Phoma,excluded_pattern,,
ethiopian cofee leaf dataset/train aug/Phoma/aug_1_582.jpg,Phoma,excluded_pattern,,
ethiopian cofee leaf dataset/train aug/Phoma/aug_1_583 (2).jpg,Phoma,excluded_pattern,,
ethiopian cofee leaf dataset/train aug/Phoma/aug_1_600 (2).jpg,Phoma,excluded_pattern,,
ethiopian cofee leaf dataset/train aug/Phoma/aug_1_600.jpg,Phoma,excluded_pattern,,
ethiopian cofee leaf dataset/train aug/Phoma/aug_1_601 (2).jpg,Phoma,excluded_pattern,,
ethiopian cofee leaf dataset/train aug/Phoma/aug_1_602 (2).jpg,Phoma,excluded_pattern,,
ethiopian cofee leaf dataset/train aug/Phoma/aug_1_603 (2).jpg,Phoma,excluded_pattern,,
ethiopian cofee leaf dataset/train aug/Phoma/aug_1_603.jpg,Phoma,excluded_pattern,,
ethiopian cofee leaf dataset/train aug/Phoma/aug_1_604 (2).jpg,Phoma,excluded_pattern,,
ethiopian cofee leaf dataset/train aug/Phoma/aug_1_604.jpg,Phoma,excluded_pattern,,
ethiopian cofee leaf dataset/train aug/Phoma/aug_1_605 (2).jpg,Phoma,excluded_pattern,,
ethiopian cofee leaf dataset/train aug/Phoma/aug_1_605.jpg,Phoma,excluded_pattern,,
ethiopian cofee leaf dataset/train aug/Phoma/aug_1_606 (2).jpg,Phoma,excluded_pattern,,
ethiopian cofee leaf dataset/train aug/Phoma/aug_1_607 (2).jpg,Phoma,excluded_pattern,,
ethiopian cofee leaf dataset/train aug/Phoma/aug_1_607.jpg,Phoma,excluded_pattern,,
ethiopian cofee leaf dataset/train aug/Phoma/aug_1_608 (2).jpg,Phoma,excluded_pattern,,
ethiopian cofee leaf dataset/train aug/Phoma/aug_1_608.jpg,Phoma,excluded_pattern,,
ethiopian cofee leaf dataset/train aug/Phoma/aug_1_609 (2).jpg,Phoma,excluded_pattern,,
ethiopian cofee leaf dataset/train aug/Phoma/aug_1_609.jpg,Phoma,excluded_pattern,,
ethiopian cofee leaf dataset/train aug/Phoma/aug_1_610 (2).jpg,Phoma,excluded_pattern,,
ethiopian cofee leaf dataset/train aug/Phoma/aug_1_610.jpg,Phoma,excluded_pattern,,
ethiopian cofee leaf dataset/train aug/Phoma/aug_1_611 (2).jpg,Phoma,excluded_pattern,,
ethiopian cofee leaf dataset/train aug/Phoma/aug_1_611.jpg,Phoma,excluded_pattern,,
ethiopian cofee leaf dataset/train aug/Phoma/aug_1_612 (2).jpg,Phoma,excluded_pattern,,
ethiopian cofee leaf dataset/train aug/Phoma/aug_1_612.jpg,Phoma,excluded_pattern,,
ethiopian cofee leaf dataset/train aug/Phoma/aug_1_613 (2).jpg,Phoma,excluded_pattern,,
ethiopian cofee leaf dataset/train aug/Phoma/aug_1_613.jpg,Phoma,excluded_pattern,,
ethiopian cofee leaf dataset/train aug/Phoma/aug_1_614 (2).jpg,Phoma,excluded_pattern,,
ethiopian cofee leaf dataset/train aug/Phoma/aug_1_614.jpg,Phoma,excluded_pattern,,
ethiopian cofee leaf dataset/train aug/Phoma/aug_1_615 (2).jpg,Phoma,excluded_pattern,,
ethiopian cofee leaf dataset/train aug/Phoma/aug_1_615.jpg,Phoma,excluded_pattern,,
ethiopian cofee leaf dataset/train aug/Phoma/aug_1_616 (2).jpg,Phoma,excluded_pattern,,
ethiopian cofee leaf dataset/train aug/Phoma/aug_1_617 (2).jpg,Phoma,excluded_pattern,,
ethiopian cofee leaf dataset/train aug/Phoma/aug_1_617.jpg,Phoma,excluded_pattern,,
ethiopian cofee leaf dataset/train aug/Phoma/aug_1_618 (2).jpg,Phoma,excluded_pattern,,
ethiopian cofee leaf dataset/train aug/Phoma/aug_1_618.jpg,Phoma,excluded_pattern,,
ethiopian cofee leaf dataset/train aug/Phoma/aug_1_619 (2).jpg,Phoma,excluded_pattern,,
ethiopian cofee leaf dataset/train aug/Phoma/aug_1_619.jpg,Phoma,excluded_pattern,,
ethiopian cofee leaf dataset/train aug/Phoma/aug_1_620 (2).jpg,Phoma,excluded_pattern,,
ethiopian cofee leaf dataset/train aug/Phoma/aug_1_620.jpg,Phoma,excluded_pattern,,
ethiopian cofee leaf dataset/train aug/Phoma/aug_1_621 (2).jpg,Phoma,excluded_pattern,,
ethiopian cofee leaf dataset/train aug/Phoma/aug_1_621.jpg,Phoma,excluded_pattern,,
ethiopian cofee leaf dataset/train aug/Phoma/aug_1_622 (2).jpg,Phoma,excluded_pattern,,
ethiopian cofee leaf dataset/train aug/Phoma/aug_1_622.jpg,Phoma,excluded_pattern,,
ethiopian cofee leaf dataset/train aug/Phoma/aug_1_623 (2).jpg,Phoma,excluded_pattern,,
ethiopian cofee leaf dataset/train aug/Phoma/aug_1_624 (2).jpg,Phoma,excluded_pattern,,
ethiopian cofee leaf dataset/train aug/Phoma/aug_1_624.jpg,Phoma,excluded_pattern,,
ethiopian cofee leaf dataset/train aug/Phoma/aug_1_625 (2).jpg,Phoma,excluded_pattern,,
ethiopian cofee leaf dataset/train aug/Phoma/aug_1_625.jpg,Phoma,excluded_pattern,,
ethiopian cofee leaf dataset/train aug/Phoma/aug_1_626 (2).jpg,Phoma,excluded_pattern,,
ethiopian cofee leaf dataset/train aug/Phoma/aug_1_627 (2).jpg,Phoma,excluded_pattern,,
ethiopian cofee leaf dataset/train aug/Phoma/aug_1_627.jpg,Phoma,excluded_pattern,,
ethiopian cofee leaf dataset/train aug/Phoma/aug_1_628 (2).jpg,Phoma,excluded_pattern,,
ethiopian cofee leaf dataset/train aug/Phoma/aug_1_628.jpg,Phoma,excluded_pattern,,
ethiopian cofee leaf dataset/train aug/Phoma/aug_1_629 (2).jpg,Phoma,excluded_pattern,,
ethiopian cofee leaf dataset/train aug/Phoma/aug_1_629.jpg,Phoma,excluded_pattern,,
ethiopian cofee leaf dataset/train aug/Phoma/aug_1_630 (2).jpg,Phoma,excluded_pattern,,
ethiopian cofee leaf dataset/train aug/Phoma/aug_1_630.jpg,Phoma,excluded_pattern,,
ethiopian cofee leaf dataset/train aug/Phoma/aug_1_631 (2).jpg,Phoma,excluded_pattern,,
ethiopian cofee leaf dataset/train aug/Phoma/aug_1_631.jpg,Phoma,excluded_pattern,,
ethiopian cofee leaf dataset/train aug/Phoma/aug_1_632 (2).jpg,Phoma,excluded_pattern,,
ethiopian cofee leaf dataset/train aug/Phoma/aug_1_632.jpg,Phoma,excluded_pattern,,
ethiopian cofee leaf dataset/train aug/Phoma/aug_1_633 (2).jpg,Phoma,excluded_pattern,,
ethiopian cofee leaf dataset/train aug/Phoma/aug_1_633.jpg,Phoma,excluded_pattern,,
ethiopian cofee leaf dataset/train aug/Phoma/aug_1_634 (2).jpg,Phoma,excluded_pattern,,
ethiopian cofee leaf dataset/train aug/Phoma/aug_1_634.jpg,Phoma,excluded_pattern,,
ethiopian cofee leaf dataset/train aug/Phoma/aug_1_635 (2).jpg,Phoma,excluded_pattern,,
ethiopian cofee leaf dataset/train aug/Phoma/aug_1_635.jpg,Phoma,excluded_pattern,,
ethiopian cofee leaf dataset/train aug/Phoma/aug_1_636 (2).jpg,Phoma,excluded_pattern,,
ethiopian cofee leaf dataset/train aug/Phoma/aug_1_636.jpg,Phoma,excluded_pattern,,
ethiopian cofee leaf dataset/train aug/Phoma/aug_1_637 (2).jpg,Phoma,excluded_pattern,,
ethiopian cofee leaf dataset/train aug/Phoma/aug_1_637.jpg,Phoma,excluded_pattern,,
ethiopian cofee leaf dataset/train aug/Phoma/aug_1_638 (2).jpg,Phoma,excluded_pattern,,
ethiopian cofee leaf dataset/train aug/Phoma/aug_1_638.jpg,Phoma,excluded_pattern,,
ethiopian cofee leaf dataset/train aug/Phoma/aug_1_639 (2).jpg,Phoma,excluded_pattern,,
ethiopian cofee leaf dataset/train aug/Phoma/aug_1_640 (2).jpg,Phoma,excluded_pattern,,
ethiopian cofee leaf dataset/train aug/Phoma/aug_1_640.jpg,Phoma,excluded_pattern,,
ethiopian cofee leaf dataset/train aug/Phoma/aug_1_641 (2).jpg,Phoma,excluded_pattern,,
ethiopian cofee leaf dataset/train aug/Phoma/aug_1_642 (2).jpg,Phoma,excluded_pattern,,
ethiopian cofee leaf dataset/train aug/Phoma/aug_1_642.jpg,Phoma,excluded_pattern,,
ethiopian cofee leaf dataset/train aug/Phoma/aug_1_643 (2).jpg,Phoma,excluded_pattern,,
ethiopian cofee leaf dataset/train aug/Phoma/aug_1_643.jpg,Phoma,excluded_pattern,,
ethiopian cofee leaf dataset/train aug/Phoma/aug_1_644 (2).jpg,Phoma,excluded_pattern,,
ethiopian cofee leaf dataset/train aug/Phoma/aug_1_644.jpg,Phoma,excluded_pattern,,
ethiopian cofee leaf dataset/train aug/Phoma/aug_1_645 (2).jpg,Phoma,excluded_pattern,,
ethiopian cofee leaf dataset/train aug/Phoma/aug_1_646 (2).jpg,Phoma,excluded_pattern,,
ethiopian cofee leaf dataset/train aug/Phoma/aug_1_646.jpg,Phoma,excluded_pattern,,
ethiopian cofee leaf dataset/train aug/Phoma/aug_1_647 (2).jpg,Phoma,excluded_pattern,,
ethiopian cofee leaf dataset/train aug/Phoma/aug_1_647.jpg,Phoma,excluded_pattern,,
ethiopian cofee leaf dataset/train aug/Phoma/aug_1_656 (2).jpg,Phoma,excluded_pattern,,
ethiopian cofee leaf dataset/train aug/Phoma/aug_1_657 (2).jpg,Phoma,excluded_pattern,,
ethiopian cofee leaf dataset/train aug/Phoma/aug_1_657.jpg,Phoma,excluded_pattern,,
ethiopian cofee leaf dataset/train aug/Phoma/aug_1_658 (2).jpg,Phoma,excluded_pattern,,
ethiopian cofee leaf dataset/train aug/Phoma/aug_1_659 (2).jpg,Phoma,excluded_pattern,,
ethiopian cofee leaf dataset/train aug/Phoma/aug_1_659.jpg,Phoma,excluded_pattern,,
ethiopian cofee leaf dataset/train aug/Phoma/aug_1_660 (2).jpg,Phoma,excluded_pattern,,
ethiopian cofee leaf dataset/train aug/Phoma/aug_1_661 (2).jpg,Phoma,excluded_pattern,,
ethiopian cofee leaf dataset/train aug/Phoma/aug_1_662 (2).jpg,Phoma,excluded_pattern,,
ethiopian cofee leaf dataset/train aug/Phoma/aug_1_662.jpg,Phoma,excluded_pattern,,
ethiopian cofee leaf dataset/train aug/Phoma/aug_1_663 (2).jpg,Phoma,excluded_pattern,,
ethiopian cofee leaf dataset/train aug/Phoma/aug_1_663.jpg,Phoma,excluded_pattern,,
ethiopian cofee leaf dataset/train aug/Phoma/aug_1_664 (2).jpg,Phoma,excluded_pattern,,
ethiopian cofee leaf dataset/train aug/Phoma/aug_1_665 (2).jpg,Phoma,excluded_pattern,,
ethiopian cofee leaf dataset/train aug/Phoma/aug_1_665.jpg,Phoma,excluded_pattern,,
ethiopian cofee leaf dataset/train aug/Phoma/aug_1_666 (2).jpg,Phoma,excluded_pattern,,
ethiopian cofee leaf dataset/train aug/Phoma/aug_1_666.jpg,Phoma,excluded_pattern,,
ethiopian cofee leaf dataset/train aug/Phoma/aug_1_667 (2).jpg,Phoma,excluded_pattern,,
ethiopian cofee leaf dataset/train aug/Phoma/aug_1_667.jpg,Phoma,excluded_pattern,,
ethiopian cofee leaf dataset/train aug/Phoma/aug_1_668 (2).jpg,Phoma,excluded_pattern,,
ethiopian cofee leaf dataset/train aug/Phoma/aug_1_668.jpg,Phoma,excluded_pattern,,
ethiopian cofee leaf dataset/train aug/Phoma/aug_1_669 (2).jpg,Phoma,excluded_pattern,,
ethiopian cofee leaf dataset/train aug/Phoma/aug_1_669.jpg,Phoma,excluded_pattern,,
ethiopian cofee leaf dataset/train aug/Phoma/aug_1_670 (2).jpg,Phoma,excluded_pattern,,
ethiopian cofee leaf dataset/train aug/Phoma/aug_1_670.jpg,Phoma,excluded_pattern,,
ethiopian cofee leaf dataset/train aug/Phoma/aug_1_671 (2).jpg,Phoma,excluded_pattern,,
ethiopian cofee leaf dataset/train aug/Phoma/aug_1_671.jpg,Phoma,excluded_pattern,,
ethiopian cofee leaf dataset/train aug/Phoma/aug_1_672 (2).jpg,Phoma,excluded_pattern,,
ethiopian cofee leaf dataset/train aug/Phoma/aug_1_672.jpg,Phoma,excluded_pattern,,
ethiopian cofee leaf dataset/train aug/Phoma/aug_1_673 (2).jpg,Phoma,excluded_pattern,,
ethiopian cofee leaf dataset/train aug/Phoma/aug_1_673.jpg,Phoma,excluded_pattern,,
ethiopian cofee leaf dataset/train aug/Phoma/aug_1_674 (2).jpg,Phoma,excluded_pattern,,
ethiopian cofee leaf dataset/train aug/Phoma/aug_1_675 (2).jpg,Phoma,excluded_pattern,,
ethiopian cofee leaf dataset/train aug/Phoma/aug_1_675.jpg,Phoma,excluded_pattern,,
ethiopian cofee leaf dataset/train aug/Phoma/aug_1_676 (2).jpg,Phoma,excluded_pattern,,
ethiopian cofee leaf dataset/train aug/Phoma/aug_1_676.jpg,Phoma,excluded_pattern,,
ethiopian cofee leaf dataset/train aug/Phoma/aug_1_677 (2).jpg,Phoma,excluded_pattern,,
ethiopian cofee leaf dataset/train aug/Phoma/aug_1_677.jpg,Phoma,excluded_pattern,,
ethiopian cofee leaf dataset/train aug/Phoma/aug_1_678 (2).jpg,Phoma,excluded_pattern,,
ethiopian cofee leaf dataset/train aug/Phoma/aug_1_678.jpg,Phoma,excluded_pattern,,
ethiopian cofee leaf dataset/train aug/Phoma/aug_1_679 (2).jpg,Phoma,excluded_pattern,,
ethiopian cofee leaf dataset/train aug/Phoma/aug_1_679.jpg,Phoma,excluded_pattern,,
ethiopian cofee leaf dataset/train aug/Phoma/aug_1_708 (2).jpg,Phoma,excluded_pattern,,
ethiopian cofee leaf dataset/train aug/Phoma/aug_1_708.jpg,Phoma,excluded_pattern,,
ethiopian cofee leaf dataset/train aug/Phoma/aug_1_709 (2).jpg,Phoma,excluded_pattern,,
ethiopian cofee leaf dataset/train aug/Phoma/aug_1_709.jpg,Phoma,excluded_pattern,,
ethiopian cofee leaf dataset/train aug/Phoma/aug_1_710 (2).jpg,Phoma,excluded_pattern,,
ethiopian cofee leaf dataset/train aug/Phoma/aug_1_711 (2).jpg,Phoma,excluded_pattern,,
ethiopian cofee leaf dataset/train aug/Phoma/aug_1_736 (2).jpg,Phoma,excluded_pattern,,
ethiopian cofee leaf dataset/train aug/Phoma/aug_1_736.jpg,Phoma,excluded_pattern,,
ethiopian cofee leaf dataset/train aug/Phoma/aug_1_737 (2).jpg,Phoma,excluded_pattern,,
ethiopian cofee leaf dataset/train aug/Phoma/aug_1_737.jpg,Phoma,excluded_pattern,,
ethiopian cofee leaf dataset/train aug/Phoma/aug_1_738 (2).jpg,Phoma,excluded_pattern,,
ethiopian cofee leaf dataset/train aug/Phoma/aug_1_738.jpg,Phoma,excluded_pattern,,
ethiopian cofee leaf dataset/train aug/Phoma/aug_1_739 (2).jpg,Phoma,excluded_pattern,,
ethiopian cofee leaf dataset/train aug/Phoma/aug_1_739.jpg,Phoma,excluded_pattern,,
ethiopian cofee leaf dataset/train aug/Phoma/aug_1_756 (2).jpg,Phoma,excluded_pattern,,
ethiopian cofee leaf dataset/train aug/Phoma/aug_1_756.jpg,Phoma,excluded_pattern,,
ethiopian cofee leaf dataset/train aug/Phoma/aug_1_757 (2).jpg,Phoma,excluded_pattern,,
ethiopian cofee leaf dataset/train aug/Phoma/aug_1_757.jpg,Phoma,excluded_pattern,,
ethiopian cofee leaf dataset/train aug/Phoma/aug_1_758 (2).jpg,Phoma,excluded_pattern,,
ethiopian cofee leaf dataset/train aug/Phoma/aug_1_758.jpg,Phoma,excluded_pattern,,
ethiopian cofee leaf dataset/train aug/Phoma/aug_1_759 (2).jpg,Phoma,excluded_pattern,,
ethiopian cofee leaf dataset/train aug/Phoma/aug_1_759.jpg,Phoma,excluded_pattern,,
ethiopian cofee leaf dataset/train aug/Phoma/aug_1_772 (2).jpg,Phoma,excluded_pattern,,
ethiopian cofee leaf dataset/train aug/Phoma/aug_1_772.jpg,Phoma,excluded_pattern,,
ethiopian cofee leaf dataset/train aug/Phoma/aug_1_773 (2).jpg,Phoma,excluded_pattern,,
ethiopian cofee leaf dataset/train aug/Phoma/aug_1_773.jpg,Phoma,excluded_pattern,,
ethiopian cofee leaf dataset/train aug/Phoma/aug_1_774 (2).jpg,Phoma,excluded_pattern,,
ethiopian cofee leaf dataset/train aug/Phoma/aug_1_774.jpg,Phoma,excluded_pattern,,
ethiopian cofee leaf dataset/train aug/Phoma/aug_1_775 (2).jpg,Phoma,excluded_pattern,,
ethiopian cofee leaf dataset/train aug/Phoma/aug_1_775.jpg,Phoma,excluded_pattern,,
ethiopian cofee leaf dataset/train aug/Phoma/aug_1_800 (2).jpg,Phoma,excluded_pattern,,
ethiopian cofee leaf dataset/train aug/Phoma/aug_1_800.jpg,Phoma,excluded_pattern,,
ethiopian cofee leaf dataset/train aug/Phoma/aug_1_801 (2).jpg,Phoma,excluded_pattern,,
ethiopian cofee leaf dataset/train aug/Phoma/aug_1_801.jpg,Phoma,excluded_pattern,,
ethiopian cofee leaf dataset/train aug/Phoma/aug_1_802 (2).jpg,Phoma,excluded_pattern,,
ethiopian cofee leaf dataset/train aug/Phoma/aug_1_802.jpg,Phoma,excluded_pattern,,
ethiopian cofee leaf dataset/train aug/Phoma/aug_1_803 (2).jpg,Phoma,excluded_pattern,,
ethiopian cofee leaf dataset/train aug/Phoma/aug_1_803.jpg,Phoma,excluded_pattern,,
ethiopian cofee leaf dataset/train aug/Phoma/aug_1_804 (2).jpg,Phoma,excluded_pattern,,
ethiopian cofee leaf dataset/train aug/Phoma/aug_1_804.jpg,Phoma,excluded_pattern,,
ethiopian cofee leaf dataset/train aug/Phoma/aug_1_805 (2).jpg,Phoma,excluded_pattern,,
ethiopian cofee leaf dataset/train aug/Phoma/aug_1_805.jpg,Phoma,excluded_pattern,,
ethiopian cofee leaf dataset/train aug/Phoma/aug_1_806 (2).jpg,Phoma,excluded_pattern,,
ethiopian cofee leaf dataset/train aug/Phoma/aug_1_806.jpg,Phoma,excluded_pattern,,
ethiopian cofee leaf dataset/train aug/Phoma/aug_1_807 (2).jpg,Phoma,excluded_pattern,,
ethiopian cofee leaf dataset/train aug/Phoma/aug_1_807.jpg,Phoma,excluded_pattern,,
ethiopian cofee leaf dataset/train aug/Phoma/aug_1_928 (2).jpg,Phoma,excluded_pattern,,
ethiopian cofee leaf dataset/train aug/Phoma/aug_1_928.jpg,Phoma,excluded_pattern,,
ethiopian cofee leaf dataset/train aug/Phoma/aug_1_929 (2).jpg,Phoma,excluded_pattern,,
ethiopian cofee leaf dataset/train aug/Phoma/aug_1_929.jpg,Phoma,excluded_pattern,,
ethiopian cofee leaf dataset/train aug/Phoma/aug_1_930 (2).jpg,Phoma,excluded_pattern,,
ethiopian cofee leaf dataset/train aug/Phoma/aug_1_930.jpg,Phoma,excluded_pattern,,
ethiopian cofee leaf dataset/train aug/Phoma/aug_1_931 (2).jpg,Phoma,excluded_pattern,,
ethiopian cofee leaf dataset/train aug/Phoma/aug_1_931.jpg,Phoma,excluded_pattern,,
ethiopian cofee leaf dataset/train aug/Phoma/aug_1_DSC_0448 (2).JPG,Phoma,excluded_pattern,,
ethiopian cofee leaf dataset/train aug/Phoma/aug_1_DSC_0448.JPG,Phoma,excluded_pattern,,
ethiopian cofee leaf dataset/train aug/Phoma/aug_1_DSC_0462 (2).JPG,Phoma,excluded_pattern,,
ethiopian cofee leaf dataset/train aug/Phoma/aug_1_DSC_0462.JPG,Phoma,excluded_pattern,,
ethiopian cofee leaf dataset/train aug/Phoma/aug_1_DSC_0748 (2).JPG,Phoma,excluded_pattern,,
ethiopian cofee leaf dataset/train aug/Phoma/aug_1_DSC_0748.JPG,Phoma,excluded_pattern,,
ethiopian cofee leaf dataset/train aug/Phoma/aug_2_16 (2).jpg,Phoma,excluded_pattern,,
ethiopian cofee leaf dataset/train aug/Phoma/aug_2_16.jpg,Phoma,excluded_pattern,,
ethiopian cofee leaf dataset/train aug/Phoma/aug_2_17 (2).jpg,Phoma,excluded_pattern,,
ethiopian cofee leaf dataset/train aug/Phoma/aug_2_17.jpg,Phoma,excluded_pattern,,
ethiopian cofee leaf dataset/train aug/Phoma/aug_2_18.jpg,Phoma,excluded_pattern,,
ethiopian cofee leaf dataset/train aug/Phoma/aug_2_19 (2).jpg,Phoma,excluded_pattern,,
ethiopian cofee leaf dataset/train aug/Phoma/aug_2_19.jpg,Phoma,excluded_pattern,,
ethiopian cofee leaf dataset/train aug/Phoma/aug_2_20 (2).jpg,Phoma,excluded_pattern,,
ethiopian cofee leaf dataset/train aug/Phoma/aug_2_20.jpg,Phoma,excluded_pattern,,
ethiopian cofee leaf dataset/train aug/Phoma/aug_2_21 (2).jpg,Phoma,excluded_pattern,,
ethiopian cofee leaf dataset/train aug/Phoma/aug_2_21.jpg,Phoma,excluded_pattern,,
ethiopian cofee leaf dataset/train aug/Phoma/aug_2_22 (2).jpg,Phoma,excluded_pattern,,
ethiopian cofee leaf dataset/train aug/Phoma/aug_2_22.jpg,Phoma,excluded_pattern,,
ethiopian cofee leaf dataset/train aug/Phoma/aug_2_23 (2).jpg,Phoma,excluded_pattern,,
ethiopian cofee leaf dataset/train aug/Phoma/aug_2_23.jpg,Phoma,excluded_pattern,,
ethiopian cofee leaf dataset/train aug/Phoma/aug_2_240 (2).jpg,Phoma,excluded_pattern,,
ethiopian cofee leaf dataset/train aug/Phoma/aug_2_240.jpg,Phoma,excluded_pattern,,
ethiopian cofee leaf dataset/train aug/Phoma/aug_2_241 (2).jpg,Phoma,excluded_pattern,,
ethiopian cofee leaf dataset/train aug/Phoma/aug_2_241.jpg,Phoma,excluded_pattern,,
ethiopian cofee leaf dataset/train aug/Phoma/aug_2_242 (2).jpg,Phoma,excluded_pattern,,
ethiopian cofee leaf dataset/train aug/Phoma/aug_2_242.jpg,Phoma,excluded_pattern,,
ethiopian cofee leaf dataset/train aug/Phoma/aug_2_243 (2).jpg,Phoma,excluded_pattern,,
ethiopian cofee leaf dataset/train aug/Phoma/aug_2_243.jpg,Phoma,excluded_pattern,,
ethiopian cofee leaf dataset/train aug/Phoma/aug_2_244 (2).jpg,Phoma,excluded_pattern,,
ethiopian cofee leaf dataset/train aug/Phoma/aug_2_244.jpg,Phoma,excluded_pattern,,
ethiopian cofee leaf dataset/train aug/Phoma/aug_2_245 (2).jpg,Phoma,excluded_pattern,,
ethiopian cofee leaf dataset/train aug/Phoma/aug_2_245.jpg,Phoma,excluded_pattern,,
ethiopian cofee leaf dataset/train aug/Phoma/aug_2_246 (2).jpg,Phoma,excluded_pattern,,
ethiopian cofee leaf dataset/train aug/Phoma/aug_2_246.jpg,Phoma,excluded_pattern,,
ethiopian cofee leaf dataset/train aug/Phoma/aug_2_247 (2).jpg,Phoma,excluded_pattern,,
ethiopian cofee leaf dataset/train aug/Phoma/aug_2_247.jpg,Phoma,excluded_pattern,,
ethiopian cofee leaf dataset/train aug/Phoma/aug_2_248 (2).jpg,Phoma,excluded_pattern,,
ethiopian cofee leaf dataset/train aug/Phoma/aug_2_248.jpg,Phoma,excluded_pattern,,
ethiopian cofee leaf dataset/train aug/Phoma/aug_2_249 (2).jpg,Phoma,excluded_pattern,,
ethiopian cofee leaf dataset/train aug/Phoma/aug_2_249.jpg,Phoma,excluded_pattern,,
ethiopian cofee leaf dataset/train aug/Phoma/aug_2_250 (2).jpg,Phoma,excluded_pattern,,
ethiopian cofee leaf dataset/train aug/Phoma/aug_2_250.jpg,Phoma,excluded_pattern,,
ethiopian cofee leaf dataset/train aug/Phoma/aug_2_251 (2).jpg,Phoma,excluded_pattern,,
ethiopian cofee leaf dataset/train aug/Phoma/aug_2_251.jpg,Phoma,excluded_pattern,,
ethiopian cofee leaf dataset/train aug/Phoma/aug_2_252 (2).jpg,Phoma,excluded_pattern,,
ethiopian cofee leaf dataset/train aug/Phoma/aug_2_252.jpg,Phoma,excluded_pattern,,
ethiopian cofee leaf dataset/train aug/Phoma/aug_2_253 (2).jpg,Phoma,excluded_pattern,,
ethiopian cofee leaf dataset/train aug/Phoma/aug_2_253.jpg,Phoma,excluded_pattern,,
ethiopian cofee leaf dataset/train aug/Phoma/aug_2_254 (2).jpg,Phoma,excluded_pattern,,
ethiopian cofee leaf dataset/train aug/Phoma/aug_2_254.jpg,Phoma,excluded_pattern,,
ethiopian cofee leaf dataset/train aug/Phoma/aug_2_255 (2).jpg,Phoma,excluded_pattern,,
ethiopian cofee leaf dataset/train aug/Phoma/aug_2_255.jpg,Phoma,excluded_pattern,,
ethiopian cofee leaf dataset/train aug/Phoma/aug_2_256 (2).jpg,Phoma,excluded_pattern,,
ethiopian cofee leaf dataset/train aug/Phoma/aug_2_256.jpg,Phoma,excluded_pattern,,
ethiopian cofee leaf dataset/train aug/Phoma/aug_2_257 (2).jpg,Phoma,excluded_pattern,,
ethiopian cofee leaf dataset/train aug/Phoma/aug_2_257.jpg,Phoma,excluded_pattern,,
ethiopian cofee leaf dataset/train aug/Phoma/aug_2_258 (2).jpg,Phoma,excluded_pattern,,
ethiopian cofee leaf dataset/train aug/Phoma/aug_2_258.jpg,Phoma,excluded_pattern,,
ethiopian cofee leaf dataset/train aug/Phoma/aug_2_259 (2).jpg,Phoma,excluded_pattern,,
ethiopian cofee leaf dataset/train aug/Phoma/aug_2_259.jpg,Phoma,excluded_pattern,,
ethiopian cofee leaf dataset/train aug/Phoma/aug_2_260 (2).jpg,Phoma,excluded_pattern,,
ethiopian cofee leaf dataset/train aug/Phoma/aug_2_260.jpg,Phoma,excluded_pattern,,
ethiopian cofee leaf dataset/train aug/Phoma/aug_2_261 (2).jpg,Phoma,excluded_pattern,,
ethiopian cofee leaf dataset/train aug/Phoma/aug_2_261.jpg,Phoma,excluded_pattern,,
ethiopian cofee leaf dataset/train aug/Phoma/aug_2_262 (2).jpg,Phoma,excluded_pattern,,
ethiopian cofee leaf dataset/train aug/Phoma/aug_2_262.jpg,Phoma,excluded_pattern,,
ethiopian cofee leaf dataset/train aug/Phoma/aug_2_263 (2).jpg,Phoma,excluded_pattern,,
ethiopian cofee leaf dataset/train aug/Phoma/aug_2_263.jpg,Phoma,excluded_pattern,,
ethiopian cofee leaf dataset/train aug/Phoma/aug_2_264 (2).jpg,Phoma,excluded_pattern,,
ethiopian cofee leaf dataset/train aug/Phoma/aug_2_264.jpg,Phoma,excluded_pattern,,
ethiopian cofee leaf dataset/train aug/Phoma/aug_2_265 (2).jpg,Phoma,excluded_pattern,,
ethiopian cofee leaf dataset/train aug/Phoma/aug_2_265.jpg,Phoma,excluded_pattern,,
ethiopian cofee leaf dataset/train aug/Phoma/aug_2_266 (2).jpg,Phoma,excluded_pattern,,
ethiopian cofee leaf dataset/train aug/Phoma/aug_2_266.jpg,Phoma,excluded_pattern,,
ethiopian cofee leaf dataset/train aug/Phoma/aug_2_267 (2).jpg,Phoma,excluded_pattern,,
ethiopian cofee leaf dataset/train aug/Phoma/aug_2_267.jpg,Phoma,excluded_pattern,,
ethiopian cofee leaf dataset/train aug/Phoma/aug_2_268 (2).jpg,Phoma,excluded_pattern,,
ethiopian cofee leaf dataset/train aug/Phoma/aug_2_268.jpg,Phoma,excluded_pattern,,
ethiopian cofee leaf dataset/train aug/Phoma/aug_2_269 (2).jpg,Phoma,excluded_pattern,,
ethiopian cofee leaf dataset/train aug/Phoma/aug_2_269.jpg,Phoma,excluded_pattern,,
ethiopian cofee leaf dataset/train aug/Phoma/aug_2_270 (2).jpg,Phoma,excluded_pattern,,
ethiopian cofee leaf dataset/train aug/Phoma/aug_2_270.jpg,Phoma,excluded_pattern,,
ethiopian cofee leaf dataset/train aug/Phoma/aug_2_271 (2).jpg,Phoma,excluded_pattern,,
ethiopian cofee leaf dataset/train aug/Phoma/aug_2_271.jpg,Phoma,excluded_pattern,,
ethiopian cofee leaf dataset/train aug/Phoma/aug_2_272 (2).jpg,Phoma,excluded_pattern,,
ethiopian cofee leaf dataset/train aug/Phoma/aug_2_272.jpg,Phoma,excluded_pattern,,
ethiopian cofee leaf dataset/train aug/Phoma/aug_2_273 (2).jpg,Phoma,excluded_pattern,,
ethiopian cofee leaf dataset/train aug/Phoma/aug_2_273.jpg,Phoma,excluded_pattern,,
ethiopian cofee leaf dataset/train aug/Phoma/aug_2_274 (2).jpg,Phoma,excluded_pattern,,
ethiopian cofee leaf dataset/train aug/Phoma/aug_2_274.jpg,Phoma,excluded_pattern,,
ethiopian cofee leaf dataset/train aug/Phoma/aug_2_275 (2).jpg,Phoma,excluded_pattern,,
ethiopian cofee leaf dataset/train aug/Phoma/aug_2_275.jpg,Phoma,excluded_pattern,,
ethiopian cofee leaf dataset/train aug/Phoma/aug_2_276 (2).jpg,Phoma,excluded_pattern,,
ethiopian cofee leaf dataset/train aug/Phoma/aug_2_276.jpg,Phoma,excluded_pattern,,
ethiopian cofee leaf dataset/train aug/Phoma/aug_2_277 (2).jpg,Phoma,excluded_pattern,,
ethiopian cofee leaf dataset/train aug/Phoma/aug_2_277.jpg,Phoma,excluded_pattern,,
ethiopian cofee leaf dataset/train aug/Phoma/aug_2_278 (2).jpg,Phoma,excluded_pattern,,
ethiopian cofee leaf dataset/train aug/Phoma/aug_2_278.jpg,Phoma,excluded_pattern,,
ethiopian cofee leaf dataset/train aug/Phoma/aug_2_279 (2).jpg,Phoma,excluded_pattern,,
ethiopian cofee leaf dataset/train aug/Phoma/aug_2_279.jpg,Phoma,excluded_pattern,,
ethiopian cofee leaf dataset/train aug/Phoma/aug_2_280 (2).jpg,Phoma,excluded_pattern,,
ethiopian cofee leaf dataset/train aug/Phoma/aug_2_280.jpg,Phoma,excluded_pattern,,
ethiopian cofee leaf dataset/train aug/Phoma/aug_2_281 (2).jpg,Phoma,excluded_pattern,,
ethiopian cofee leaf dataset/train aug/Phoma/aug_2_281.jpg,Phoma,excluded_pattern,,
ethiopian cofee leaf dataset/train aug/Phoma/aug_2_282 (2).jpg,Phoma,excluded_pattern,,
ethiopian cofee leaf dataset/train aug/Phoma/aug_2_282.jpg,Phoma,excluded_pattern,,
ethiopian cofee leaf dataset/train aug/Phoma/aug_2_283 (2).jpg,Phoma,excluded_pattern,,
ethiopian cofee leaf dataset/train aug/Phoma/aug_2_283.jpg,Phoma,excluded_pattern,,
ethiopian cofee leaf dataset/train aug/Phoma/aug_2_284 (2).jpg,Phoma,excluded_pattern,,
ethiopian cofee leaf dataset/train aug/Phoma/aug_2_284.jpg,Phoma,excluded_pattern,,
ethiopian cofee leaf dataset/train aug/Phoma/aug_2_285 (2).jpg,Phoma,excluded_pattern,,
ethiopian cofee leaf dataset/train aug/Phoma/aug_2_285.jpg,Phoma,excluded_pattern,,
ethiopian cofee leaf dataset/train aug/Phoma/aug_2_286 (2).jpg,Phoma,excluded_pattern,,
ethiopian cofee leaf dataset/train aug/Phoma/aug_2_286.jpg,Phoma,excluded_pattern,,
ethiopian cofee leaf dataset/train aug/Phoma/aug_2_287 (2).jpg,Phoma,excluded_pattern,,
ethiopian cofee leaf dataset/train aug/Phoma/aug_2_287.jpg,Phoma,excluded_pattern,,
ethiopian cofee leaf dataset/train aug/Phoma/aug_2_288 (2).jpg,Phoma,excluded_pattern,,
ethiopian cofee leaf dataset/train aug/Phoma/aug_2_288.jpg,Phoma,excluded_pattern,,
ethiopian cofee leaf dataset/train aug/Phoma/aug_2_289 (2).jpg,Phoma,excluded_pattern,,
ethiopian cofee leaf dataset/train aug/Phoma/aug_2_289.jpg,Phoma,excluded_pattern,,
ethiopian cofee leaf dataset/train aug/Phoma/aug_2_290 (2).jpg,Phoma,excluded_pattern,,
ethiopian cofee leaf dataset/train aug/Phoma/aug_2_290.jpg,Phoma,excluded_pattern,,
ethiopian cofee leaf dataset/train aug/Phoma/aug_2_291 (2).jpg,Phoma,excluded_pattern,,
ethiopian cofee leaf dataset/train aug/Phoma/aug_2_291.jpg,Phoma,excluded_pattern,,
ethiopian cofee leaf dataset/train aug/Phoma/aug_2_292 (2).jpg,Phoma,excluded_pattern,,
ethiopian cofee leaf dataset/train aug/Phoma/aug_2_292.jpg,Phoma,excluded_pattern,,
ethiopian cofee leaf dataset/train aug/Phoma/aug_2_293 (2).jpg,Phoma,excluded_pattern,,
ethiopian cofee leaf dataset/train aug/Phoma/aug_2_293.jpg,Phoma,excluded_pattern,,
ethiopian cofee leaf dataset/train aug/Phoma/aug_2_294 (2).jpg,Phoma,excluded_pattern,,
ethiopian cofee leaf dataset/train aug/Phoma/aug_2_294.jpg,Phoma,excluded_pattern,,
ethiopian cofee leaf dataset/train aug/Phoma/aug_2_295 (2).jpg,Phoma,excluded_pattern,,
ethiopian cofee leaf dataset/train aug/Phoma/aug_2_295.jpg,Phoma,excluded_pattern,,
ethiopian cofee leaf dataset/train aug/Phoma/aug_2_296 (2).jpg,Phoma,excluded_pattern,,
ethiopian cofee leaf dataset/train aug/Phoma/aug_2_296.jpg,Phoma,excluded_pattern,,
ethiopian cofee leaf dataset/train aug/Phoma/aug_2_297 (2).jpg,Phoma,excluded_pattern,,
ethiopian cofee leaf dataset/train aug/Phoma/aug_2_297.jpg,Phoma,excluded_pattern,,
ethiopian cofee leaf dataset/train aug/Phoma/aug_2_298 (2).jpg,Phoma,excluded_pattern,,
ethiopian cofee leaf dataset/train aug/Phoma/aug_2_298.jpg,Phoma,excluded_pattern,,
ethiopian cofee leaf dataset/train aug/Phoma/aug_2_299 (2).jpg,Phoma,excluded_pattern,,
ethiopian cofee leaf dataset/train aug/Phoma/aug_2_299.jpg,Phoma,excluded_pattern,,
ethiopian cofee leaf dataset/train aug/Phoma/aug_2_300 (2).jpg,Phoma,excluded_pattern,,
ethiopian cofee leaf dataset/train aug/Phoma/aug_2_300.jpg,Phoma,excluded_pattern,,
ethiopian cofee leaf dataset/train aug/Phoma/aug_2_301 (2).jpg,Phoma,excluded_pattern,,
ethiopian cofee leaf dataset/train aug/Phoma/aug_2_301.jpg,Phoma,excluded_pattern,,
ethiopian cofee leaf dataset/train aug/Phoma/aug_2_302 (2).jpg,Phoma,excluded_pattern,,
ethiopian cofee leaf dataset/train aug/Phoma/aug_2_302.jpg,Phoma,excluded_pattern,,
ethiopian cofee leaf dataset/train aug/Phoma/aug_2_303 (2).jpg,Phoma,excluded_pattern,,
ethiopian cofee leaf dataset/train aug/Phoma/aug_2_303.jpg,Phoma,excluded_pattern,,
ethiopian cofee leaf dataset/train aug/Phoma/aug_2_304 (2).jpg,Phoma,excluded_pattern,,
ethiopian cofee leaf dataset/train aug/Phoma/aug_2_304.jpg,Phoma,excluded_pattern,,
ethiopian cofee leaf dataset/train aug/Phoma/aug_2_305 (2).jpg,Phoma,excluded_pattern,,
ethiopian cofee leaf dataset/train aug/Phoma/aug_2_305.jpg,Phoma,excluded_pattern,,
ethiopian cofee leaf dataset/train aug/Phoma/aug_2_306 (2).jpg,Phoma,excluded_pattern,,
ethiopian cofee leaf dataset/train aug/Phoma/aug_2_306.jpg,Phoma,excluded_pattern,,
ethiopian cofee leaf dataset/train aug/Phoma/aug_2_307 (2).jpg,Phoma,excluded_pattern,,
ethiopian cofee leaf dataset/train aug/Phoma/aug_2_307.jpg,Phoma,excluded_pattern,,
ethiopian cofee leaf dataset/train aug/Phoma/aug_2_308 (2).jpg,Phoma,excluded_pattern,,
ethiopian cofee leaf dataset/train aug/Phoma/aug_2_308.jpg,Phoma,excluded_pattern,,
ethiopian cofee leaf dataset/train aug/Phoma/aug_2_309 (2).jpg,Phoma,excluded_pattern,,
ethiopian cofee leaf dataset/train aug/Phoma/aug_2_309.jpg,Phoma,excluded_pattern,,
ethiopian cofee leaf dataset/train aug/Phoma/aug_2_310 (2).jpg,Phoma,excluded_pattern,,
ethiopian cofee leaf dataset/train aug/Phoma/aug_2_310.jpg,Phoma,excluded_pattern,,
ethiopian cofee leaf dataset/train aug/Phoma/aug_2_311 (2).jpg,Phoma,excluded_pattern,,
ethiopian cofee leaf dataset/train aug/Phoma/aug_2_311.jpg,Phoma,excluded_pattern,,
ethiopian cofee leaf dataset/train aug/Phoma/aug_2_312 (2).jpg,Phoma,excluded_pattern,,
ethiopian cofee leaf dataset/train aug/Phoma/aug_2_312.jpg,Phoma,excluded_pattern,,
ethiopian cofee leaf dataset/train aug/Phoma/aug_2_313 (2).jpg,Phoma,excluded_pattern,,
ethiopian cofee leaf dataset/train aug/Phoma/aug_2_313.jpg,Phoma,excluded_pattern,,
ethiopian cofee leaf dataset/train aug/Phoma/aug_2_314 (2).jpg,Phoma,excluded_pattern,,
ethiopian cofee leaf dataset/train aug/Phoma/aug_2_314.jpg,Phoma,excluded_pattern,,
ethiopian cofee leaf dataset/train aug/Phoma/aug_2_315 (2).jpg,Phoma,excluded_pattern,,
ethiopian cofee leaf dataset/train aug/Phoma/aug_2_315.jpg,Phoma,excluded_pattern,,
ethiopian cofee leaf dataset/train aug/Phoma/aug_2_316 (2).jpg,Phoma,excluded_pattern,,
ethiopian cofee leaf dataset/train aug/Phoma/aug_2_316.jpg,Phoma,excluded_pattern,,
ethiopian cofee leaf dataset/train aug/Phoma/aug_2_317 (2).jpg,Phoma,excluded_pattern,,
ethiopian cofee leaf dataset/train aug/Phoma/aug_2_317.jpg,Phoma,excluded_pattern,,
ethiopian cofee leaf dataset/train aug/Phoma/aug_2_318 (2).jpg,Phoma,excluded_pattern,,
ethiopian cofee leaf dataset/train aug/Phoma/aug_2_318.jpg,Phoma,excluded_pattern,,
ethiopian cofee leaf dataset/train aug/Phoma/aug_2_319 (2).jpg,Phoma,excluded_pattern,,
ethiopian cofee leaf dataset/train aug/Phoma/aug_2_319.jpg,Phoma,excluded_pattern,,
ethiopian cofee leaf dataset/train aug/Phoma/aug_2_320 (2).jpg,Phoma,excluded_pattern,,
ethiopian cofee leaf dataset/train aug/Phoma/aug_2_320.jpg,Phoma,excluded_pattern,,
ethiopian cofee leaf dataset/train aug/Phoma/aug_2_321 (2).jpg,Phoma,excluded_pattern,,
ethiopian cofee leaf dataset/train aug/Phoma/aug_2_321.jpg,Phoma,excluded_pattern,,
ethiopian cofee leaf dataset/train aug/Phoma/aug_2_322 (2).jpg,Phoma,excluded_pattern,,
ethiopian cofee leaf dataset/train aug/Phoma/aug_2_322.jpg,Phoma,excluded_pattern,,
ethiopian cofee leaf dataset/train aug/Phoma/aug_2_323 (2).jpg,Phoma,excluded_pattern,,
ethiopian cofee leaf dataset/train aug/Phoma/aug_2_323.jpg,Phoma,excluded_pattern,,
ethiopian cofee leaf dataset/train aug/Phoma/aug_2_324 (2).jpg,Phoma,excluded_pattern,,
ethiopian cofee leaf dataset/train aug/Phoma/aug_2_324.jpg,Phoma,excluded_pattern,,
ethiopian cofee leaf dataset/train aug/Phoma/aug_2_325 (2).jpg,Phoma,excluded_pattern,,
ethiopian cofee leaf dataset/train aug/Phoma/aug_2_325.jpg,Phoma,excluded_pattern,,
ethiopian cofee leaf dataset/train aug/Phoma/aug_2_326 (2).jpg,Phoma,excluded_pattern,,
ethiopian cofee leaf dataset/train aug/Phoma/aug_2_326.jpg,Phoma,excluded_pattern,,
ethiopian cofee leaf dataset/train aug/Phoma/aug_2_327 (2).jpg,Phoma,excluded_pattern,,
ethiopian cofee leaf dataset/train aug/Phoma/aug_2_327.jpg,Phoma,excluded_pattern,,
ethiopian cofee leaf dataset/train aug/Phoma/aug_2_328 (2).jpg,Phoma,excluded_pattern,,
ethiopian cofee leaf dataset/train aug/Phoma/aug_2_328.jpg,Phoma,excluded_pattern,,
ethiopian cofee leaf dataset/train aug/Phoma/aug_2_329 (2).jpg,Phoma,excluded_pattern,,
ethiopian cofee leaf dataset/train aug/Phoma/aug_2_329.jpg,Phoma,excluded_pattern,,
ethiopian cofee leaf dataset/train aug/Phoma/aug_2_330 (2).jpg,Phoma,excluded_pattern,,
ethiopian cofee leaf dataset/train aug/Phoma/aug_2_330.jpg,Phoma,excluded_pattern,,
ethiopian cofee leaf dataset/train aug/Phoma/aug_2_331 (2).jpg,Phoma,excluded_pattern,,
ethiopian cofee leaf dataset/train aug/Phoma/aug_2_331.jpg,Phoma,excluded_pattern,,
ethiopian cofee leaf dataset/train aug/Phoma/aug_2_332 (2).jpg,Phoma,excluded_pattern,,
ethiopian cofee leaf dataset/train aug/Phoma/aug_2_332.jpg,Phoma,excluded_pattern,,
ethiopian cofee leaf dataset/train aug/Phoma/aug_2_333 (2).jpg,Phoma,excluded_pattern,,
ethiopian cofee leaf dataset/train aug/Phoma/aug_2_333.jpg,Phoma,excluded_pattern,,
ethiopian cofee leaf dataset/train aug/Phoma/aug_2_334 (2).jpg,Phoma,excluded_pattern,,
ethiopian cofee leaf dataset/train aug/Phoma/aug_2_334.jpg,Phoma,excluded_pattern,,
ethiopian cofee leaf dataset/train aug/Phoma/aug_2_335 (2).jpg,Phoma,excluded_pattern,,
ethiopian cofee leaf dataset/train aug/Phoma/aug_2_335.jpg,Phoma,excluded_pattern,,
ethiopian cofee leaf dataset/train aug/Phoma/aug_2_336 (2).jpg,Phoma,excluded_pattern,,
ethiopian cofee leaf dataset/train aug/Phoma/aug_2_336.jpg,Phoma,excluded_pattern,,
ethiopian cofee leaf dataset/train aug/Phoma/aug_2_337 (2).jpg,Phoma,excluded_pattern,,
ethiopian cofee leaf dataset/train aug/Phoma/aug_2_337.jpg,Phoma,excluded_pattern,,
ethiopian cofee leaf dataset/train aug/Phoma/aug_2_338 (2).jpg,Phoma,excluded_pattern,,
ethiopian cofee leaf dataset/train aug/Phoma/aug_2_338.jpg,Phoma,excluded_pattern,,
ethiopian cofee leaf dataset/train aug/Phoma/aug_2_339 (2).jpg,Phoma,excluded_pattern,,
ethiopian cofee leaf dataset/train aug/Phoma/aug_2_339.jpg,Phoma,excluded_pattern,,
ethiopian cofee leaf dataset/train aug/Phoma/aug_2_340 (2).jpg,Phoma,excluded_pattern,,
ethiopian cofee leaf dataset/train aug/Phoma/aug_2_340.jpg,Phoma,excluded_pattern,,
ethiopian cofee leaf dataset/train aug/Phoma/aug_2_341 (2).jpg,Phoma,excluded_pattern,,
ethiopian cofee leaf dataset/train aug/Phoma/aug_2_341.jpg,Phoma,excluded_pattern,,
ethiopian cofee leaf dataset/train aug/Phoma/aug_2_342 (2).jpg,Phoma,excluded_pattern,,
ethiopian cofee leaf dataset/train aug/Phoma/aug_2_342.jpg,Phoma,excluded_pattern,,
ethiopian cofee leaf dataset/train aug/Phoma/aug_2_343 (2).jpg,Phoma,excluded_pattern,,
ethiopian cofee leaf dataset/train aug/Phoma/aug_2_343.jpg,Phoma,excluded_pattern,,
ethiopian cofee leaf dataset/train aug/Phoma/aug_2_344 (2).jpg,Phoma,excluded_pattern,,
ethiopian cofee leaf dataset/train aug/Phoma/aug_2_344.jpg,Phoma,excluded_pattern,,
ethiopian cofee leaf dataset/train aug/Phoma/aug_2_345 (2).jpg,Phoma,excluded_pattern,,
ethiopian cofee leaf dataset/train aug/Phoma/aug_2_345.jpg,Phoma,excluded_pattern,,
ethiopian cofee leaf dataset/train aug/Phoma/aug_2_346 (2).jpg,Phoma,excluded_pattern,,
ethiopian cofee leaf dataset/train aug/Phoma/aug_2_346.jpg,Phoma,excluded_pattern,,
ethiopian cofee leaf dataset/train aug/Phoma/aug_2_347 (2).jpg,Phoma,excluded_pattern,,
ethiopian cofee leaf dataset/train aug/Phoma/aug_2_347.jpg,Phoma,excluded_pattern,,
ethiopian cofee leaf dataset/train aug/Phoma/aug_2_348 (2).jpg,Phoma,excluded_pattern,,
ethiopian cofee leaf dataset/train aug/Phoma/aug_2_348.jpg,Phoma,excluded_pattern,,
ethiopian cofee leaf dataset/train aug/Phoma/aug_2_349 (2).jpg,Phoma,excluded_pattern,,
ethiopian cofee leaf dataset/train aug/Phoma/aug_2_349.jpg,Phoma,excluded_pattern,,
ethiopian cofee leaf dataset/train aug/Phoma/aug_2_350 (2).jpg,Phoma,excluded_pattern,,
ethiopian cofee leaf dataset/train aug/Phoma/aug_2_350.jpg,Phoma,excluded_pattern,,
ethiopian cofee leaf dataset/train aug/Phoma/aug_2_351 (2).jpg,Phoma,excluded_pattern,,
ethiopian cofee leaf dataset/train aug/Phoma/aug_2_351.jpg,Phoma,excluded_pattern,,
ethiopian cofee leaf dataset/train aug/Phoma/aug_2_352 (2).jpg,Phoma,excluded_pattern,,
ethiopian cofee leaf dataset/train aug/Phoma/aug_2_352.jpg,Phoma,excluded_pattern,,
ethiopian cofee leaf dataset/train aug/Phoma/aug_2_353 (2).jpg,Phoma,excluded_pattern,,
ethiopian cofee leaf dataset/train aug/Phoma/aug_2_353.jpg,Phoma,excluded_pattern,,
ethiopian cofee leaf dataset/train aug/Phoma/aug_2_354 (2).jpg,Phoma,excluded_pattern,,
ethiopian cofee leaf dataset/train aug/Phoma/aug_2_354.jpg,Phoma,excluded_pattern,,
ethiopian cofee leaf dataset/train aug/Phoma/aug_2_355 (2).jpg,Phoma,excluded_pattern,,
ethiopian cofee leaf dataset/train aug/Phoma/aug_2_355.jpg,Phoma,excluded_pattern,,
ethiopian cofee leaf dataset/train aug/Phoma/aug_2_356 (2).jpg,Phoma,excluded_pattern,,
ethiopian cofee leaf dataset/train aug/Phoma/aug_2_356.jpg,Phoma,excluded_pattern,,
ethiopian cofee leaf dataset/train aug/Phoma/aug_2_357 (2).jpg,Phoma,excluded_pattern,,
ethiopian cofee leaf dataset/train aug/Phoma/aug_2_357.jpg,Phoma,excluded_pattern,,
ethiopian cofee leaf dataset/train aug/Phoma/aug_2_358 (2).jpg,Phoma,excluded_pattern,,
ethiopian cofee leaf dataset/train aug/Phoma/aug_2_358.jpg,Phoma,excluded_pattern,,
ethiopian cofee leaf dataset/train aug/Phoma/aug_2_359 (2).jpg,Phoma,excluded_pattern,,
ethiopian cofee leaf dataset/train aug/Phoma/aug_2_359.jpg,Phoma,excluded_pattern,,
ethiopian cofee leaf dataset/train aug/Phoma/aug_2_360 (2).jpg,Phoma,excluded_pattern,,
ethiopian cofee leaf dataset/train aug/Phoma/aug_2_360.jpg,Phoma,excluded_pattern,,
ethiopian cofee leaf dataset/train aug/Phoma/aug_2_361 (2).jpg,Phoma,excluded_pattern,,
ethiopian cofee leaf dataset/train aug/Phoma/aug_2_361.jpg,Phoma,excluded_pattern,,
ethiopian cofee leaf dataset/train aug/Phoma/aug_2_362 (2).jpg,Phoma,excluded_pattern,,
ethiopian cofee leaf dataset/train aug/Phoma/aug_2_362.jpg,Phoma,excluded_pattern,,
ethiopian cofee leaf dataset/train aug/Phoma/aug_2_363 (2).jpg,Phoma,excluded_pattern,,
ethiopian cofee leaf dataset/train aug/Phoma/aug_2_363.jpg,Phoma,excluded_pattern,,
ethiopian cofee leaf dataset/train aug/Phoma/aug_2_364 (2).jpg,Phoma,excluded_pattern,,
ethiopian cofee leaf dataset/train aug/Phoma/aug_2_364.jpg,Phoma,excluded_pattern,,
ethiopian cofee leaf dataset/train aug/Phoma/aug_2_365 (2).jpg,Phoma,excluded_pattern,,
ethiopian cofee leaf dataset/train aug/Phoma/aug_2_365.jpg,Phoma,excluded_pattern,,
ethiopian cofee leaf dataset/train aug/Phoma/aug_2_366 (2).jpg,Phoma,excluded_pattern,,
ethiopian cofee leaf dataset/train aug/Phoma/aug_2_366.jpg,Phoma,excluded_pattern,,
ethiopian cofee leaf dataset/train aug/Phoma/aug_2_367 (2).jpg,Phoma,excluded_pattern,,
ethiopian cofee leaf dataset/train aug/Phoma/aug_2_367.jpg,Phoma,excluded_pattern,,
ethiopian cofee leaf dataset/train aug/Phoma/aug_2_368 (2).jpg,Phoma,excluded_pattern,,
ethiopian cofee leaf dataset/train aug/Phoma/aug_2_368.jpg,Phoma,excluded_pattern,,
ethiopian cofee leaf dataset/train aug/Phoma/aug_2_369 (2).jpg,Phoma,excluded_pattern,,
ethiopian cofee leaf dataset/train aug/Phoma/aug_2_369.jpg,Phoma,excluded_pattern,,
ethiopian cofee leaf dataset/train aug/Phoma/aug_2_370 (2).jpg,Phoma,excluded_pattern,,
ethiopian cofee leaf dataset/train aug/Phoma/aug_2_370.jpg,Phoma,excluded_pattern,,
ethiopian cofee leaf dataset/train aug/Phoma/aug_2_371 (2).jpg,Phoma,excluded_pattern,,
ethiopian cofee leaf dataset/train aug/Phoma/aug_2_371.jpg,Phoma,excluded_pattern,,
ethiopian cofee leaf dataset/train aug/Phoma/aug_2_372 (2).jpg,Phoma,excluded_pattern,,
ethiopian cofee leaf dataset/train aug/Phoma/aug_2_372.jpg,Phoma,excluded_pattern,,
ethiopian cofee leaf dataset/train aug/Phoma/aug_2_373 (2).jpg,Phoma,excluded_pattern,,
ethiopian cofee leaf dataset/train aug/Phoma/aug_2_373.jpg,Phoma,excluded_pattern,,
ethiopian cofee leaf dataset/train aug/Phoma/aug_2_374 (2).jpg,Phoma,excluded_pattern,,
ethiopian cofee leaf dataset/train aug/Phoma/aug_2_374.jpg,Phoma,excluded_pattern,,
ethiopian cofee leaf dataset/train aug/Phoma/aug_2_375 (2).jpg,Phoma,excluded_pattern,,
ethiopian cofee leaf dataset/train aug/Phoma/aug_2_375.jpg,Phoma,excluded_pattern,,
ethiopian cofee leaf dataset/train aug/Phoma/aug_2_376 (2).jpg,Phoma,excluded_pattern,,
ethiopian cofee leaf dataset/train aug/Phoma/aug_2_376.jpg,Phoma,excluded_pattern,,
ethiopian cofee leaf dataset/train aug/Phoma/aug_2_377 (2).jpg,Phoma,excluded_pattern,,
ethiopian cofee leaf dataset/train aug/Phoma/aug_2_377.jpg,Phoma,excluded_pattern,,
ethiopian cofee leaf dataset/train aug/Phoma/aug_2_378 (2).jpg,Phoma,excluded_pattern,,
ethiopian cofee leaf dataset/train aug/Phoma/aug_2_378.jpg,Phoma,excluded_pattern,,
ethiopian cofee leaf dataset/train aug/Phoma/aug_2_379 (2).jpg,Phoma,excluded_pattern,,
ethiopian cofee leaf dataset/train aug/Phoma/aug_2_379.jpg,Phoma,excluded_pattern,,
ethiopian cofee leaf dataset/train aug/Phoma/aug_2_380 (2).jpg,Phoma,excluded_pattern,,
ethiopian cofee leaf dataset/train aug/Phoma/aug_2_380.jpg,Phoma,excluded_pattern,,
ethiopian cofee leaf dataset/train aug/Phoma/aug_2_381 (2).jpg,Phoma,excluded_pattern,,
ethiopian cofee leaf dataset/train aug/Phoma/aug_2_381.jpg,Phoma,excluded_pattern,,
ethiopian cofee leaf dataset/train aug/Phoma/aug_2_382 (2).jpg,Phoma,excluded_pattern,,
ethiopian cofee leaf dataset/train aug/Phoma/aug_2_382.jpg,Phoma,excluded_pattern,,
ethiopian cofee leaf dataset/train aug/Phoma/aug_2_383 (2).jpg,Phoma,excluded_pattern,,
ethiopian cofee leaf dataset/train aug/Phoma/aug_2_383.jpg,Phoma,excluded_pattern,,
ethiopian cofee leaf dataset/train aug/Phoma/aug_2_384 (2).jpg,Phoma,excluded_pattern,,
ethiopian cofee leaf dataset/train aug/Phoma/aug_2_384.jpg,Phoma,excluded_pattern,,
ethiopian cofee leaf dataset/train aug/Phoma/aug_2_385 (2).jpg,Phoma,excluded_pattern,,
ethiopian cofee leaf dataset/train aug/Phoma/aug_2_385.jpg,Phoma,excluded_pattern,,
ethiopian cofee leaf dataset/train aug/Phoma/aug_2_386 (2).jpg,Phoma,excluded_pattern,,
ethiopian cofee leaf dataset/train aug/Phoma/aug_2_386.jpg,Phoma,excluded_pattern,,
ethiopian cofee leaf dataset/train aug/Phoma/aug_2_387 (2).jpg,Phoma,excluded_pattern,,
ethiopian cofee leaf dataset/train aug/Phoma/aug_2_387.jpg,Phoma,excluded_pattern,,
ethiopian cofee leaf dataset/train aug/Phoma/aug_2_388 (2).jpg,Phoma,excluded_pattern,,
ethiopian cofee leaf dataset/train aug/Phoma/aug_2_388.jpg,Phoma,excluded_pattern,,
ethiopian cofee leaf dataset/train aug/Phoma/aug_2_389 (2).jpg,Phoma,excluded_pattern,,
ethiopian cofee leaf dataset/train aug/Phoma/aug_2_389.jpg,Phoma,excluded_pattern,,
ethiopian cofee leaf dataset/train aug/Phoma/aug_2_390 (2).jpg,Phoma,excluded_pattern,,
ethiopian cofee leaf dataset/train aug/Phoma/aug_2_390.jpg,Phoma,excluded_pattern,,
ethiopian cofee leaf dataset/train aug/Phoma/aug_2_391 (2).jpg,Phoma,excluded_pattern,,
ethiopian cofee leaf dataset/train aug/Phoma/aug_2_391.jpg,Phoma,excluded_pattern,,
ethiopian cofee leaf dataset/train aug/Phoma/aug_2_392 (2).jpg,Phoma,excluded_pattern,,
ethiopian cofee leaf dataset/train aug/Phoma/aug_2_392.jpg,Phoma,excluded_pattern,,
ethiopian cofee leaf dataset/train aug/Phoma/aug_2_393 (2).jpg,Phoma,excluded_pattern,,
ethiopian cofee leaf dataset/train aug/Phoma/aug_2_393.jpg,Phoma,excluded_pattern,,
ethiopian cofee leaf dataset/train aug/Phoma/aug_2_394 (2).jpg,Phoma,excluded_pattern,,
ethiopian cofee leaf dataset/train aug/Phoma/aug_2_394.jpg,Phoma,excluded_pattern,,
ethiopian cofee leaf dataset/train aug/Phoma/aug_2_395 (2).jpg,Phoma,excluded_pattern,,
ethiopian cofee leaf dataset/train aug/Phoma/aug_2_395.jpg,Phoma,excluded_pattern,,
ethiopian cofee leaf dataset/train aug/Phoma/aug_2_396 (2).jpg,Phoma,excluded_pattern,,
ethiopian cofee leaf dataset/train aug/Phoma/aug_2_396.jpg,Phoma,excluded_pattern,,
ethiopian cofee leaf dataset/train aug/Phoma/aug_2_397 (2).jpg,Phoma,excluded_pattern,,
ethiopian cofee leaf dataset/train aug/Phoma/aug_2_397.jpg,Phoma,excluded_pattern,,
ethiopian cofee leaf dataset/train aug/Phoma/aug_2_398 (2).jpg,Phoma,excluded_pattern,,
ethiopian cofee leaf dataset/train aug/Phoma/aug_2_398.jpg,Phoma,excluded_pattern,,
ethiopian cofee leaf dataset/train aug/Phoma/aug_2_399 (2).jpg,Phoma,excluded_pattern,,
ethiopian cofee leaf dataset/train aug/Phoma/aug_2_399.jpg,Phoma,excluded_pattern,,
ethiopian cofee leaf dataset/train aug/Phoma/aug_2_400 (2).jpg,Phoma,excluded_pattern,,
ethiopian cofee leaf dataset/train aug/Phoma/aug_2_400.jpg,Phoma,excluded_pattern,,
ethiopian cofee leaf dataset/train aug/Phoma/aug_2_401 (2).jpg,Phoma,excluded_pattern,,
ethiopian cofee leaf dataset/train aug/Phoma/aug_2_401.jpg,Phoma,excluded_pattern,,
ethiopian cofee leaf dataset/train aug/Phoma/aug_2_402 (2).jpg,Phoma,excluded_pattern,,
ethiopian cofee leaf dataset/train aug/Phoma/aug_2_402.jpg,Phoma,excluded_pattern,,
ethiopian cofee leaf dataset/train aug/Phoma/aug_2_403 (2).jpg,Phoma,excluded_pattern,,
ethiopian cofee leaf dataset/train aug/Phoma/aug_2_403.jpg,Phoma,excluded_pattern,,
ethiopian cofee leaf dataset/train aug/Phoma/aug_2_404 (2).jpg,Phoma,excluded_pattern,,
ethiopian cofee leaf dataset/train aug/Phoma/aug_2_404.jpg,Phoma,excluded_pattern,,
ethiopian cofee leaf dataset/train aug/Phoma/aug_2_405 (2).jpg,Phoma,excluded_pattern,,
ethiopian cofee leaf dataset/train aug/Phoma/aug_2_405.jpg,Phoma,excluded_pattern,,
ethiopian cofee leaf dataset/train aug/Phoma/aug_2_406 (2).jpg,Phoma,excluded_pattern,,
ethiopian cofee leaf dataset/train aug/Phoma/aug_2_406.jpg,Phoma,excluded_pattern,,
ethiopian cofee leaf dataset/train aug/Phoma/aug_2_407 (2).jpg,Phoma,excluded_pattern,,
ethiopian cofee leaf dataset/train aug/Phoma/aug_2_407.jpg,Phoma,excluded_pattern,,
ethiopian cofee leaf dataset/train aug/Phoma/aug_2_408 (2).jpg,Phoma,excluded_pattern,,
ethiopian cofee leaf dataset/train aug/Phoma/aug_2_408.jpg,Phoma,excluded_pattern,,
ethiopian cofee leaf dataset/train aug/Phoma/aug_2_409 (2).jpg,Phoma,excluded_pattern,,
ethiopian cofee leaf dataset/train aug/Phoma/aug_2_409.jpg,Phoma,excluded_pattern,,
ethiopian cofee leaf dataset/train aug/Phoma/aug_2_410 (2).jpg,Phoma,excluded_pattern,,
ethiopian cofee leaf dataset/train aug/Phoma/aug_2_410.jpg,Phoma,excluded_pattern,,
ethiopian cofee leaf dataset/train aug/Phoma/aug_2_411 (2).jpg,Phoma,excluded_pattern,,
ethiopian cofee leaf dataset/train aug/Phoma/aug_2_411.jpg,Phoma,excluded_pattern,,
ethiopian cofee leaf dataset/train aug/Phoma/aug_2_412 (2).jpg,Phoma,excluded_pattern,,
ethiopian cofee leaf dataset/train aug/Phoma/aug_2_412.jpg,Phoma,excluded_pattern,,
ethiopian cofee leaf dataset/train aug/Phoma/aug_2_413 (2).jpg,Phoma,excluded_pattern,,
ethiopian cofee leaf dataset/train aug/Phoma/aug_2_413.jpg,Phoma,excluded_pattern,,
ethiopian cofee leaf dataset/train aug/Phoma/aug_2_414 (2).jpg,Phoma,excluded_pattern,,
ethiopian cofee leaf dataset/train aug/Phoma/aug_2_414.jpg,Phoma,excluded_pattern,,
ethiopian cofee leaf dataset/train aug/Phoma/aug_2_415 (2).jpg,Phoma,excluded_pattern,,
ethiopian cofee leaf dataset/train aug/Phoma/aug_2_415.jpg,Phoma,excluded_pattern,,
ethiopian cofee leaf dataset/train aug/Phoma/aug_2_416 (2).jpg,Phoma,excluded_pattern,,
ethiopian cofee leaf dataset/train aug/Phoma/aug_2_416.jpg,Phoma,excluded_pattern,,
ethiopian cofee leaf dataset/train aug/Phoma/aug_2_417 (2).jpg,Phoma,excluded_pattern,,
ethiopian cofee leaf dataset/train aug/Phoma/aug_2_417.jpg,Phoma,excluded_pattern,,
ethiopian cofee leaf dataset/train aug/Phoma/aug_2_418 (2).jpg,Phoma,excluded_pattern,,
ethiopian cofee leaf dataset/train aug/Phoma/aug_2_418.jpg,Phoma,excluded_pattern,,
ethiopian cofee leaf dataset/train aug/Phoma/aug_2_419 (2).jpg,Phoma,excluded_pattern,,
ethiopian cofee leaf dataset/train aug/Phoma/aug_2_419.jpg,Phoma,excluded_pattern,,
ethiopian cofee leaf dataset/train aug/Phoma/aug_2_420 (2).jpg,Phoma,excluded_pattern,,
ethiopian cofee leaf dataset/train aug/Phoma/aug_2_420.jpg,Phoma,excluded_pattern,,
ethiopian cofee leaf dataset/train aug/Phoma/aug_2_421 (2).jpg,Phoma,excluded_pattern,,
ethiopian cofee leaf dataset/train aug/Phoma/aug_2_421.jpg,Phoma,excluded_pattern,,
ethiopian cofee leaf dataset/train aug/Phoma/aug_2_422 (2).jpg,Phoma,excluded_pattern,,
ethiopian cofee leaf dataset/train aug/Phoma/aug_2_422.jpg,Phoma,excluded_pattern,,
ethiopian cofee leaf dataset/train aug/Phoma/aug_2_423 (2).jpg,Phoma,excluded_pattern,,
ethiopian cofee leaf dataset/train aug/Phoma/aug_2_423.jpg,Phoma,excluded_pattern,,
ethiopian cofee leaf dataset/train aug/Phoma/aug_2_424 (2).jpg,Phoma,excluded_pattern,,
ethiopian cofee leaf dataset/train aug/Phoma/aug_2_424.jpg,Phoma,excluded_pattern,,
ethiopian cofee leaf dataset/train aug/Phoma/aug_2_425 (2).jpg,Phoma,excluded_pattern,,
ethiopian cofee leaf dataset/train aug/Phoma/aug_2_425.jpg,Phoma,excluded_pattern,,
ethiopian cofee leaf dataset/train aug/Phoma/aug_2_426 (2).jpg,Phoma,excluded_pattern,,
ethiopian cofee leaf dataset/train aug/Phoma/aug_2_426.jpg,Phoma,excluded_pattern,,
ethiopian cofee leaf dataset/train aug/Phoma/aug_2_427 (2).jpg,Phoma,excluded_pattern,,
ethiopian cofee leaf dataset/train aug/Phoma/aug_2_427.jpg,Phoma,excluded_pattern,,
ethiopian cofee leaf dataset/train aug/Phoma/aug_2_428 (2).jpg,Phoma,excluded_pattern,,
ethiopian cofee leaf dataset/train aug/Phoma/aug_2_428.jpg,Phoma,excluded_pattern,,
ethiopian cofee leaf dataset/train aug/Phoma/aug_2_429 (2).jpg,Phoma,excluded_pattern,,
ethiopian cofee leaf dataset/train aug/Phoma/aug_2_429.jpg,Phoma,excluded_pattern,,
ethiopian cofee leaf dataset/train aug/Phoma/aug_2_430 (2).jpg,Phoma,excluded_pattern,,
ethiopian cofee leaf dataset/train aug/Phoma/aug_2_430.jpg,Phoma,excluded_pattern,,
ethiopian cofee leaf dataset/train aug/Phoma/aug_2_431 (2).jpg,Phoma,excluded_pattern,,
ethiopian cofee leaf dataset/train aug/Phoma/aug_2_431.jpg,Phoma,excluded_pattern,,
ethiopian cofee leaf dataset/train aug/Phoma/aug_2_432 (2).jpg,Phoma,excluded_pattern,,
ethiopian cofee leaf dataset/train aug/Phoma/aug_2_432.jpg,Phoma,excluded_pattern,,
ethiopian cofee leaf dataset/train aug/Phoma/aug_2_433 (2).jpg,Phoma,excluded_pattern,,
ethiopian cofee leaf dataset/train aug/Phoma/aug_2_433.jpg,Phoma,excluded_pattern,,
ethiopian cofee leaf dataset/train aug/Phoma/aug_2_434 (2).jpg,Phoma,excluded_pattern,,
ethiopian cofee leaf dataset/train aug/Phoma/aug_2_434.jpg,Phoma,excluded_pattern,,
ethiopian cofee leaf dataset/train aug/Phoma/aug_2_435 (2).jpg,Phoma,excluded_pattern,,
ethiopian cofee leaf dataset/train aug/Phoma/aug_2_435.jpg,Phoma,excluded_pattern,,
ethiopian cofee leaf dataset/train aug/Phoma/aug_2_436 (2).jpg,Phoma,excluded_pattern,,
ethiopian cofee leaf dataset/train aug/Phoma/aug_2_436.jpg,Phoma,excluded_pattern,,
ethiopian cofee leaf dataset/train aug/Phoma/aug_2_437 (2).jpg,Phoma,excluded_pattern,,
ethiopian cofee leaf dataset/train aug/Phoma/aug_2_437.jpg,Phoma,excluded_pattern,,
ethiopian cofee leaf dataset/train aug/Phoma/aug_2_438 (2).jpg,Phoma,excluded_pattern,,
ethiopian cofee leaf dataset/train aug/Phoma/aug_2_438.jpg,Phoma,excluded_pattern,,
ethiopian cofee leaf dataset/train aug/Phoma/aug_2_439 (2).jpg,Phoma,excluded_pattern,,
ethiopian cofee leaf dataset/train aug/Phoma/aug_2_439.jpg,Phoma,excluded_pattern,,
ethiopian cofee leaf dataset/train aug/Phoma/aug_2_440 (2).jpg,Phoma,excluded_pattern,,
ethiopian cofee leaf dataset/train aug/Phoma/aug_2_440.jpg,Phoma,excluded_pattern,,
ethiopian cofee leaf dataset/train aug/Phoma/aug_2_441 (2).jpg,Phoma,excluded_pattern,,
ethiopian cofee leaf dataset/train aug/Phoma/aug_2_441.jpg,Phoma,excluded_pattern,,
ethiopian cofee leaf dataset/train aug/Phoma/aug_2_442 (2).jpg,Phoma,excluded_pattern,,
ethiopian cofee leaf dataset/train aug/Phoma/aug_2_442.jpg,Phoma,excluded_pattern,,
ethiopian cofee leaf dataset/train aug/Phoma/aug_2_443 (2).jpg,Phoma,excluded_pattern,,
ethiopian cofee leaf dataset/train aug/Phoma/aug_2_443.jpg,Phoma,excluded_pattern,,
ethiopian cofee leaf dataset/train aug/Phoma/aug_2_444 (2).jpg,Phoma,excluded_pattern,,
ethiopian cofee leaf dataset/train aug/Phoma/aug_2_444.jpg,Phoma,excluded_pattern,,
ethiopian cofee leaf dataset/train aug/Phoma/aug_2_445 (2).jpg,Phoma,excluded_pattern,,
ethiopian cofee leaf dataset/train aug/Phoma/aug_2_445.jpg,Phoma,excluded_pattern,,
ethiopian cofee leaf dataset/train aug/Phoma/aug_2_446 (2).jpg,Phoma,excluded_pattern,,
ethiopian cofee leaf dataset/train aug/Phoma/aug_2_446.jpg,Phoma,excluded_pattern,,
ethiopian cofee leaf dataset/train aug/Phoma/aug_2_447 (2).jpg,Phoma,excluded_pattern,,
ethiopian cofee leaf dataset/train aug/Phoma/aug_2_447.jpg,Phoma,excluded_pattern,,
ethiopian cofee leaf dataset/train aug/Phoma/aug_2_448 (2).jpg,Phoma,excluded_pattern,,
ethiopian cofee leaf dataset/train aug/Phoma/aug_2_448.jpg,Phoma,excluded_pattern,,
ethiopian cofee leaf dataset/train aug/Phoma/aug_2_449 (2).jpg,Phoma,excluded_pattern,,
ethiopian cofee leaf dataset/train aug/Phoma/aug_2_449.jpg,Phoma,excluded_pattern,,
ethiopian cofee leaf dataset/train aug/Phoma/aug_2_450 (2).jpg,Phoma,excluded_pattern,,
ethiopian cofee leaf dataset/train aug/Phoma/aug_2_450.jpg,Phoma,excluded_pattern,,
ethiopian cofee leaf dataset/train aug/Phoma/aug_2_451 (2).jpg,Phoma,excluded_pattern,,
ethiopian cofee leaf dataset/train aug/Phoma/aug_2_451.jpg,Phoma,excluded_pattern,,
ethiopian cofee leaf dataset/train aug/Phoma/aug_2_452 (2).jpg,Phoma,excluded_pattern,,
ethiopian cofee leaf dataset/train aug/Phoma/aug_2_452.jpg,Phoma,excluded_pattern,,
ethiopian cofee leaf dataset/train aug/Phoma/aug_2_453 (2).jpg,Phoma,excluded_pattern,,
ethiopian cofee leaf dataset/train aug/Phoma/aug_2_453.jpg,Phoma,excluded_pattern,,
ethiopian cofee leaf dataset/train aug/Phoma/aug_2_454 (2).jpg,Phoma,excluded_pattern,,
ethiopian cofee leaf dataset/train aug/Phoma/aug_2_454.jpg,Phoma,excluded_pattern,,
ethiopian cofee leaf dataset/train aug/Phoma/aug_2_455 (2).jpg,Phoma,excluded_pattern,,
ethiopian cofee leaf dataset/train aug/Phoma/aug_2_455.jpg,Phoma,excluded_pattern,,
ethiopian cofee leaf dataset/train aug/Phoma/aug_2_456 (2).jpg,Phoma,excluded_pattern,,
ethiopian cofee leaf dataset/train aug/Phoma/aug_2_456.jpg,Phoma,excluded_pattern,,
ethiopian cofee leaf dataset/train aug/Phoma/aug_2_457 (2).jpg,Phoma,excluded_pattern,,
ethiopian cofee leaf dataset/train aug/Phoma/aug_2_457.jpg,Phoma,excluded_pattern,,
ethiopian cofee leaf dataset/train aug/Phoma/aug_2_458 (2).jpg,Phoma,excluded_pattern,,
ethiopian cofee leaf dataset/train aug/Phoma/aug_2_458.jpg,Phoma,excluded_pattern,,
ethiopian cofee leaf dataset/train aug/Phoma/aug_2_459 (2).jpg,Phoma,excluded_pattern,,
ethiopian cofee leaf dataset/train aug/Phoma/aug_2_459.jpg,Phoma,excluded_pattern,,
ethiopian cofee leaf dataset/train aug/Phoma/aug_2_460 (2).jpg,Phoma,excluded_pattern,,
ethiopian cofee leaf dataset/train aug/Phoma/aug_2_460.jpg,Phoma,excluded_pattern,,
ethiopian cofee leaf dataset/train aug/Phoma/aug_2_461 (2).jpg,Phoma,excluded_pattern,,
ethiopian cofee leaf dataset/train aug/Phoma/aug_2_461.jpg,Phoma,excluded_pattern,,
ethiopian cofee leaf dataset/train aug/Phoma/aug_2_462 (2).jpg,Phoma,excluded_pattern,,
ethiopian cofee leaf dataset/train aug/Phoma/aug_2_462.jpg,Phoma,excluded_pattern,,
ethiopian cofee leaf dataset/train aug/Phoma/aug_2_463 (2).jpg,Phoma,excluded_pattern,,
ethiopian cofee leaf dataset/train aug/Phoma/aug_2_463.jpg,Phoma,excluded_pattern,,
ethiopian cofee leaf dataset/train aug/Phoma/aug_2_464 (2).jpg,Phoma,excluded_pattern,,
ethiopian cofee leaf dataset/train aug/Phoma/aug_2_464.jpg,Phoma,excluded_pattern,,
ethiopian cofee leaf dataset/train aug/Phoma/aug_2_465 (2).jpg,Phoma,excluded_pattern,,
ethiopian cofee leaf dataset/train aug/Phoma/aug_2_465.jpg,Phoma,excluded_pattern,,
ethiopian cofee leaf dataset/train aug/Phoma/aug_2_466 (2).jpg,Phoma,excluded_pattern,,
ethiopian cofee leaf dataset/train aug/Phoma/aug_2_466.jpg,Phoma,excluded_pattern,,
ethiopian cofee leaf dataset/train aug/Phoma/aug_2_467 (2).jpg,Phoma,excluded_pattern,,
ethiopian cofee leaf dataset/train aug/Phoma/aug_2_467.jpg,Phoma,excluded_pattern,,
ethiopian cofee leaf dataset/train aug/Phoma/aug_2_468 (2).jpg,Phoma,excluded_pattern,,
ethiopian cofee leaf dataset/train aug/Phoma/aug_2_468.jpg,Phoma,excluded_pattern,,
ethiopian cofee leaf dataset/train aug/Phoma/aug_2_469 (2).jpg,Phoma,excluded_pattern,,
ethiopian cofee leaf dataset/train aug/Phoma/aug_2_469.jpg,Phoma,excluded_pattern,,
ethiopian cofee leaf dataset/train aug/Phoma/aug_2_470 (2).jpg,Phoma,excluded_pattern,,
ethiopian cofee leaf dataset/train aug/Phoma/aug_2_470.jpg,Phoma,excluded_pattern,,
ethiopian cofee leaf dataset/train aug/Phoma/aug_2_471 (2).jpg,Phoma,excluded_pattern,,
ethiopian cofee leaf dataset/train aug/Phoma/aug_2_471.jpg,Phoma,excluded_pattern,,
ethiopian cofee leaf dataset/train aug/Phoma/aug_2_472 (2).jpg,Phoma,excluded_pattern,,
ethiopian cofee leaf dataset/train aug/Phoma/aug_2_472.jpg,Phoma,excluded_pattern,,
ethiopian cofee leaf dataset/train aug/Phoma/aug_2_473 (2).jpg,Phoma,excluded_pattern,,
ethiopian cofee leaf dataset/train aug/Phoma/aug_2_473.jpg,Phoma,excluded_pattern,,
ethiopian cofee leaf dataset/train aug/Phoma/aug_2_474 (2).jpg,Phoma,excluded_pattern,,
ethiopian cofee leaf dataset/train aug/Phoma/aug_2_474.jpg,Phoma,excluded_pattern,,
ethiopian cofee leaf dataset/train aug/Phoma/aug_2_475 (2).jpg,Phoma,excluded_pattern,,
ethiopian cofee leaf dataset/train aug/Phoma/aug_2_475.jpg,Phoma,excluded_pattern,,
ethiopian cofee leaf dataset/train aug/Phoma/aug_2_476 (2).jpg,Phoma,excluded_pattern,,
ethiopian cofee leaf dataset/train aug/Phoma/aug_2_476.jpg,Phoma,excluded_pattern,,
ethiopian cofee leaf dataset/train aug/Phoma/aug_2_477 (2).jpg,Phoma,excluded_pattern,,
ethiopian cofee leaf dataset/train aug/Phoma/aug_2_477.jpg,Phoma,excluded_pattern,,
ethiopian cofee leaf dataset/train aug/Phoma/aug_2_478 (2).jpg,Phoma,excluded_pattern,,
ethiopian cofee leaf dataset/train aug/Phoma/aug_2_478.jpg,Phoma,excluded_pattern,,
ethiopian cofee leaf dataset/train aug/Phoma/aug_2_479 (2).jpg,Phoma,excluded_pattern,,
ethiopian cofee leaf dataset/train aug/Phoma/aug_2_479.jpg,Phoma,excluded_pattern,,
ethiopian cofee leaf dataset/train aug/Phoma/aug_2_480 (2).jpg,Phoma,excluded_pattern,,
ethiopian cofee leaf dataset/train aug/Phoma/aug_2_480.jpg,Phoma,excluded_pattern,,
ethiopian cofee leaf dataset/train aug/Phoma/aug_2_481 (2).jpg,Phoma,excluded_pattern,,
ethiopian cofee leaf dataset/train aug/Phoma/aug_2_481.jpg,Phoma,excluded_pattern,,
ethiopian cofee leaf dataset/train aug/Phoma/aug_2_482 (2).jpg,Phoma,excluded_pattern,,
ethiopian cofee leaf dataset/train aug/Phoma/aug_2_482.jpg,Phoma,excluded_pattern,,
ethiopian cofee leaf dataset/train aug/Phoma/aug_2_483 (2).jpg,Phoma,excluded_pattern,,
ethiopian cofee leaf dataset/train aug/Phoma/aug_2_483.jpg,Phoma,excluded_pattern,,
ethiopian cofee leaf dataset/train aug/Phoma/aug_2_484 (2).jpg,Phoma,excluded_pattern,,
ethiopian cofee leaf dataset/train aug/Phoma/aug_2_484.jpg,Phoma,excluded_pattern,,
ethiopian cofee leaf dataset/train aug/Phoma/aug_2_485 (2).jpg,Phoma,excluded_pattern,,
ethiopian cofee leaf dataset/train aug/Phoma/aug_2_485.jpg,Phoma,excluded_pattern,,
ethiopian cofee leaf dataset/train aug/Phoma/aug_2_486 (2).jpg,Phoma,excluded_pattern,,
ethiopian cofee leaf dataset/train aug/Phoma/aug_2_486.jpg,Phoma,excluded_pattern,,
ethiopian cofee leaf dataset/train aug/Phoma/aug_2_487 (2).jpg,Phoma,excluded_pattern,,
ethiopian cofee leaf dataset/train aug/Phoma/aug_2_487.jpg,Phoma,excluded_pattern,,
ethiopian cofee leaf dataset/train aug/Phoma/aug_2_488 (2).jpg,Phoma,excluded_pattern,,
ethiopian cofee leaf dataset/train aug/Phoma/aug_2_488.jpg,Phoma,excluded_pattern,,
ethiopian cofee leaf dataset/train aug/Phoma/aug_2_489 (2).jpg,Phoma,excluded_pattern,,
ethiopian cofee leaf dataset/train aug/Phoma/aug_2_489.jpg,Phoma,excluded_pattern,,
ethiopian cofee leaf dataset/train aug/Phoma/aug_2_490 (2).jpg,Phoma,excluded_pattern,,
ethiopian cofee leaf dataset/train aug/Phoma/aug_2_490.jpg,Phoma,excluded_pattern,,
ethiopian cofee leaf dataset/train aug/Phoma/aug_2_491 (2).jpg,Phoma,excluded_pattern,,
ethiopian cofee leaf dataset/train aug/Phoma/aug_2_491.jpg,Phoma,excluded_pattern,,
ethiopian cofee leaf dataset/train aug/Phoma/aug_2_492 (2).jpg,Phoma,excluded_pattern,,
ethiopian cofee leaf dataset/train aug/Phoma/aug_2_492.jpg,Phoma,excluded_pattern,,
ethiopian cofee leaf dataset/train aug/Phoma/aug_2_493 (2).jpg,Phoma,excluded_pattern,,
ethiopian cofee leaf dataset/train aug/Phoma/aug_2_493.jpg,Phoma,excluded_pattern,,
ethiopian cofee leaf dataset/train aug/Phoma/aug_2_494 (2).jpg,Phoma,excluded_pattern,,
ethiopian cofee leaf dataset/train aug/Phoma/aug_2_494.jpg,Phoma,excluded_pattern,,
ethiopian cofee leaf dataset/train aug/Phoma/aug_2_495 (2).jpg,Phoma,excluded_pattern,,
ethiopian cofee leaf dataset/train aug/Phoma/aug_2_495.jpg,Phoma,excluded_pattern,,
ethiopian cofee leaf dataset/train aug/Phoma/aug_2_496 (2).jpg,Phoma,excluded_pattern,,
ethiopian cofee leaf dataset/train aug/Phoma/aug_2_496.jpg,Phoma,excluded_pattern,,
ethiopian cofee leaf dataset/train aug/Phoma/aug_2_497 (2).jpg,Phoma,excluded_pattern,,
ethiopian cofee leaf dataset/train aug/Phoma/aug_2_497.jpg,Phoma,excluded_pattern,,
ethiopian cofee leaf dataset/train aug/Phoma/aug_2_498 (2).jpg,Phoma,excluded_pattern,,
ethiopian cofee leaf dataset/train aug/Phoma/aug_2_498.jpg,Phoma,excluded_pattern,,
ethiopian cofee leaf dataset/train aug/Phoma/aug_2_499 (2).jpg,Phoma,excluded_pattern,,
ethiopian cofee leaf dataset/train aug/Phoma/aug_2_499.jpg,Phoma,excluded_pattern,,
ethiopian cofee leaf dataset/train aug/Phoma/aug_2_500 (2).jpg,Phoma,excluded_pattern,,
ethiopian cofee leaf dataset/train aug/Phoma/aug_2_500.jpg,Phoma,excluded_pattern,,
ethiopian cofee leaf dataset/train aug/Phoma/aug_2_501 (2).jpg,Phoma,excluded_pattern,,
ethiopian cofee leaf dataset/train aug/Phoma/aug_2_501.jpg,Phoma,excluded_pattern,,
ethiopian cofee leaf dataset/train aug/Phoma/aug_2_502 (2).jpg,Phoma,excluded_pattern,,
ethiopian cofee leaf dataset/train aug/Phoma/aug_2_502.jpg,Phoma,excluded_pattern,,
ethiopian cofee leaf dataset/train aug/Phoma/aug_2_503 (2).jpg,Phoma,excluded_pattern,,
ethiopian cofee leaf dataset/train aug/Phoma/aug_2_503.jpg,Phoma,excluded_pattern,,
ethiopian cofee leaf dataset/train aug/Phoma/aug_2_504 (2).jpg,Phoma,excluded_pattern,,
ethiopian cofee leaf dataset/train aug/Phoma/aug_2_504.jpg,Phoma,excluded_pattern,,
ethiopian cofee leaf dataset/train aug/Phoma/aug_2_505 (2).jpg,Phoma,excluded_pattern,,
ethiopian cofee leaf dataset/train aug/Phoma/aug_2_505.jpg,Phoma,excluded_pattern,,
ethiopian cofee leaf dataset/train aug/Phoma/aug_2_506 (2).jpg,Phoma,excluded_pattern,,
ethiopian cofee leaf dataset/train aug/Phoma/aug_2_506.jpg,Phoma,excluded_pattern,,
ethiopian cofee leaf dataset/train aug/Phoma/aug_2_507 (2).jpg,Phoma,excluded_pattern,,
ethiopian cofee leaf dataset/train aug/Phoma/aug_2_507.jpg,Phoma,excluded_pattern,,
ethiopian cofee leaf dataset/train aug/Phoma/aug_2_508 (2).jpg,Phoma,excluded_pattern,,
ethiopian cofee leaf dataset/train aug/Phoma/aug_2_508.jpg,Phoma,excluded_pattern,,
ethiopian cofee leaf dataset/train aug/Phoma/aug_2_509 (2).jpg,Phoma,excluded_pattern,,
ethiopian cofee leaf dataset/train aug/Phoma/aug_2_509.jpg,Phoma,excluded_pattern,,
ethiopian cofee leaf dataset/train aug/Phoma/aug_2_510 (2).jpg,Phoma,excluded_pattern,,
ethiopian cofee leaf dataset/train aug/Phoma/aug_2_510.jpg,Phoma,excluded_pattern,,
ethiopian cofee leaf dataset/train aug/Phoma/aug_2_511 (2).jpg,Phoma,excluded_pattern,,
ethiopian cofee leaf dataset/train aug/Phoma/aug_2_511.jpg,Phoma,excluded_pattern,,
ethiopian cofee leaf dataset/train aug/Phoma/aug_2_512 (2).jpg,Phoma,excluded_pattern,,
ethiopian cofee leaf dataset/train aug/Phoma/aug_2_512.jpg,Phoma,excluded_pattern,,
ethiopian cofee leaf dataset/train aug/Phoma/aug_2_513 (2).jpg,Phoma,excluded_pattern,,
ethiopian cofee leaf dataset/train aug/Phoma/aug_2_513.jpg,Phoma,excluded_pattern,,
ethiopian cofee leaf dataset/train aug/Phoma/aug_2_514 (2).jpg,Phoma,excluded_pattern,,
ethiopian cofee leaf dataset/train aug/Phoma/aug_2_514.jpg,Phoma,excluded_pattern,,
ethiopian cofee leaf dataset/train aug/Phoma/aug_2_515 (2).jpg,Phoma,excluded_pattern,,
ethiopian cofee leaf dataset/train aug/Phoma/aug_2_515.jpg,Phoma,excluded_pattern,,
ethiopian cofee leaf dataset/train aug/Phoma/aug_2_516 (2).jpg,Phoma,excluded_pattern,,
ethiopian cofee leaf dataset/train aug/Phoma/aug_2_516.jpg,Phoma,excluded_pattern,,
ethiopian cofee leaf dataset/train aug/Phoma/aug_2_517 (2).jpg,Phoma,excluded_pattern,,
ethiopian cofee leaf dataset/train aug/Phoma/aug_2_517.jpg,Phoma,excluded_pattern,,
ethiopian cofee leaf dataset/train aug/Phoma/aug_2_518 (2).jpg,Phoma,excluded_pattern,,
ethiopian cofee leaf dataset/train aug/Phoma/aug_2_518.jpg,Phoma,excluded_pattern,,
ethiopian cofee leaf dataset/train aug/Phoma/aug_2_519 (2).jpg,Phoma,excluded_pattern,,
ethiopian cofee leaf dataset/train aug/Phoma/aug_2_519.jpg,Phoma,excluded_pattern,,
ethiopian cofee leaf dataset/train aug/Phoma/aug_2_520 (2).jpg,Phoma,excluded_pattern,,
ethiopian cofee leaf dataset/train aug/Phoma/aug_2_520.jpg,Phoma,excluded_pattern,,
ethiopian cofee leaf dataset/train aug/Phoma/aug_2_521 (2).jpg,Phoma,excluded_pattern,,
ethiopian cofee leaf dataset/train aug/Phoma/aug_2_521.jpg,Phoma,excluded_pattern,,
ethiopian cofee leaf dataset/train aug/Phoma/aug_2_522 (2).jpg,Phoma,excluded_pattern,,
ethiopian cofee leaf dataset/train aug/Phoma/aug_2_522.jpg,Phoma,excluded_pattern,,
ethiopian cofee leaf dataset/train aug/Phoma/aug_2_523 (2).jpg,Phoma,excluded_pattern,,
ethiopian cofee leaf dataset/train aug/Phoma/aug_2_523.jpg,Phoma,excluded_pattern,,
ethiopian cofee leaf dataset/train aug/Phoma/aug_2_524 (2).jpg,Phoma,excluded_pattern,,
ethiopian cofee leaf dataset/train aug/Phoma/aug_2_524.jpg,Phoma,excluded_pattern,,
ethiopian cofee leaf dataset/train aug/Phoma/aug_2_525 (2).jpg,Phoma,excluded_pattern,,
ethiopian cofee leaf dataset/train aug/Phoma/aug_2_525.jpg,Phoma,excluded_pattern,,
ethiopian cofee leaf dataset/train aug/Phoma/aug_2_526 (2).jpg,Phoma,excluded_pattern,,
ethiopian cofee leaf dataset/train aug/Phoma/aug_2_526.jpg,Phoma,excluded_pattern,,
ethiopian cofee leaf dataset/train aug/Phoma/aug_2_527 (2).jpg,Phoma,excluded_pattern,,
ethiopian cofee leaf dataset/train aug/Phoma/aug_2_527.jpg,Phoma,excluded_pattern,,
ethiopian cofee leaf dataset/train aug/Phoma/aug_2_528 (2).jpg,Phoma,excluded_pattern,,
ethiopian cofee leaf dataset/train aug/Phoma/aug_2_528.jpg,Phoma,excluded_pattern,,
ethiopian cofee leaf dataset/train aug/Phoma/aug_2_529 (2).jpg,Phoma,excluded_pattern,,
ethiopian cofee leaf dataset/train aug/Phoma/aug_2_529.jpg,Phoma,excluded_pattern,,
ethiopian cofee leaf dataset/train aug/Phoma/aug_2_530 (2).jpg,Phoma,excluded_pattern,,
ethiopian cofee leaf dataset/train aug/Phoma/aug_2_530.jpg,Phoma,excluded_pattern,,
ethiopian cofee leaf dataset/train aug/Phoma/aug_2_531 (2).jpg,Phoma,excluded_pattern,,
ethiopian cofee leaf dataset/train aug/Phoma/aug_2_531.jpg,Phoma,excluded_pattern,,
ethiopian cofee leaf dataset/train aug/Phoma/aug_2_532 (2).jpg,Phoma,excluded_pattern,,
ethiopian cofee leaf dataset/train aug/Phoma/aug_2_532.jpg,Phoma,excluded_pattern,,
ethiopian cofee leaf dataset/train aug/Phoma/aug_2_533 (2).jpg,Phoma,excluded_pattern,,
ethiopian cofee leaf dataset/train aug/Phoma/aug_2_533.jpg,Phoma,excluded_pattern,,
ethiopian cofee leaf dataset/train aug/Phoma/aug_2_534 (2).jpg,Phoma,excluded_pattern,,
ethiopian cofee leaf dataset/train aug/Phoma/aug_2_534.jpg,Phoma,excluded_pattern,,
ethiopian cofee leaf dataset/train aug/Phoma/aug_2_535 (2).jpg,Phoma,excluded_pattern,,
ethiopian cofee leaf dataset/train aug/Phoma/aug_2_535.jpg,Phoma,excluded_pattern,,
ethiopian cofee leaf dataset/train aug/Phoma/aug_2_536 (2).jpg,Phoma,excluded_pattern,,
ethiopian cofee leaf dataset/train aug/Phoma/aug_2_536.jpg,Phoma,excluded_pattern,,
ethiopian cofee leaf dataset/train aug/Phoma/aug_2_537 (2).jpg,Phoma,excluded_pattern,,
ethiopian cofee leaf dataset/train aug/Phoma/aug_2_537.jpg,Phoma,excluded_pattern,,
ethiopian cofee leaf dataset/train aug/Phoma/aug_2_538 (2).jpg,Phoma,excluded_pattern,,
ethiopian cofee leaf dataset/train aug/Phoma/aug_2_538.jpg,Phoma,excluded_pattern,,
ethiopian cofee leaf dataset/train aug/Phoma/aug_2_539 (2).jpg,Phoma,excluded_pattern,,
ethiopian cofee leaf dataset/train aug/Phoma/aug_2_539.jpg,Phoma,excluded_pattern,,
ethiopian cofee leaf dataset/train aug/Phoma/aug_2_540 (2).jpg,Phoma,excluded_pattern,,
ethiopian cofee leaf dataset/train aug/Phoma/aug_2_540.jpg,Phoma,excluded_pattern,,
ethiopian cofee leaf dataset/train aug/Phoma/aug_2_541 (2).jpg,Phoma,excluded_pattern,,
ethiopian cofee leaf dataset/train aug/Phoma/aug_2_541.jpg,Phoma,excluded_pattern,,
ethiopian cofee leaf dataset/train aug/Phoma/aug_2_542 (2).jpg,Phoma,excluded_pattern,,
ethiopian cofee leaf dataset/train aug/Phoma/aug_2_542.jpg,Phoma,excluded_pattern,,
ethiopian cofee leaf dataset/train aug/Phoma/aug_2_543 (2).jpg,Phoma,excluded_pattern,,
ethiopian cofee leaf dataset/train aug/Phoma/aug_2_543.jpg,Phoma,excluded_pattern,,
ethiopian cofee leaf dataset/train aug/Phoma/aug_2_544 (2).jpg,Phoma,excluded_pattern,,
ethiopian cofee leaf dataset/train aug/Phoma/aug_2_544.jpg,Phoma,excluded_pattern,,
ethiopian cofee leaf dataset/train aug/Phoma/aug_2_545 (2).jpg,Phoma,excluded_pattern,,
ethiopian cofee leaf dataset/train aug/Phoma/aug_2_545.jpg,Phoma,excluded_pattern,,
ethiopian cofee leaf dataset/train aug/Phoma/aug_2_546 (2).jpg,Phoma,excluded_pattern,,
ethiopian cofee leaf dataset/train aug/Phoma/aug_2_546.jpg,Phoma,excluded_pattern,,
ethiopian cofee leaf dataset/train aug/Phoma/aug_2_547 (2).jpg,Phoma,excluded_pattern,,
ethiopian cofee leaf dataset/train aug/Phoma/aug_2_547.jpg,Phoma,excluded_pattern,,
ethiopian cofee leaf dataset/train aug/Phoma/aug_2_548 (2).jpg,Phoma,excluded_pattern,,
ethiopian cofee leaf dataset/train aug/Phoma/aug_2_548.jpg,Phoma,excluded_pattern,,
ethiopian cofee leaf dataset/train aug/Phoma/aug_2_549 (2).jpg,Phoma,excluded_pattern,,
ethiopian cofee leaf dataset/train aug/Phoma/aug_2_549.jpg,Phoma,excluded_pattern,,
ethiopian cofee leaf dataset/train aug/Phoma/aug_2_550 (2).jpg,Phoma,excluded_pattern,,
ethiopian cofee leaf dataset/train aug/Phoma/aug_2_550.jpg,Phoma,excluded_pattern,,
ethiopian cofee leaf dataset/train aug/Phoma/aug_2_551 (2).jpg,Phoma,excluded_pattern,,
ethiopian cofee leaf dataset/train aug/Phoma/aug_2_551.jpg,Phoma,excluded_pattern,,
ethiopian cofee leaf dataset/train aug/Phoma/aug_2_552 (2).jpg,Phoma,excluded_pattern,,
ethiopian cofee leaf dataset/train aug/Phoma/aug_2_552.jpg,Phoma,excluded_pattern,,
ethiopian cofee leaf dataset/train aug/Phoma/aug_2_553 (2).jpg,Phoma,excluded_pattern,,
ethiopian cofee leaf dataset/train aug/Phoma/aug_2_553.jpg,Phoma,excluded_pattern,,
ethiopian cofee leaf dataset/train aug/Phoma/aug_2_554 (2).jpg,Phoma,excluded_pattern,,
ethiopian cofee leaf dataset/train aug/Phoma/aug_2_554.jpg,Phoma,excluded_pattern,,
ethiopian cofee leaf dataset/train aug/Phoma/aug_2_555 (2).jpg,Phoma,excluded_pattern,,
ethiopian cofee leaf dataset/train aug/Phoma/aug_2_555.jpg,Phoma,excluded_pattern,,
ethiopian cofee leaf dataset/train aug/Phoma/aug_2_556 (2).jpg,Phoma,excluded_pattern,,
ethiopian cofee leaf dataset/train aug/Phoma/aug_2_556.jpg,Phoma,excluded_pattern,,
ethiopian cofee leaf dataset/train aug/Phoma/aug_2_557 (2).jpg,Phoma,excluded_pattern,,
ethiopian cofee leaf dataset/train aug/Phoma/aug_2_557.jpg,Phoma,excluded_pattern,,
ethiopian cofee leaf dataset/train aug/Phoma/aug_2_558 (2).jpg,Phoma,excluded_pattern,,
ethiopian cofee leaf dataset/train aug/Phoma/aug_2_558.jpg,Phoma,excluded_pattern,,
ethiopian cofee leaf dataset/train aug/Phoma/aug_2_559 (2).jpg,Phoma,excluded_pattern,,
ethiopian cofee leaf dataset/train aug/Phoma/aug_2_559.jpg,Phoma,excluded_pattern,,
ethiopian cofee leaf dataset/train aug/Phoma/aug_2_560 (2).jpg,Phoma,excluded_pattern,,
ethiopian cofee leaf dataset/train aug/Phoma/aug_2_560.jpg,Phoma,excluded_pattern,,
ethiopian cofee leaf dataset/train aug/Phoma/aug_2_561 (2).jpg,Phoma,excluded_pattern,,
ethiopian cofee leaf dataset/train aug/Phoma/aug_2_561.jpg,Phoma,excluded_pattern,,
ethiopian cofee leaf dataset/train aug/Phoma/aug_2_562 (2).jpg,Phoma,excluded_pattern,,
ethiopian cofee leaf dataset/train aug/Phoma/aug_2_562.jpg,Phoma,excluded_pattern,,
ethiopian cofee leaf dataset/train aug/Phoma/aug_2_563 (2).jpg,Phoma,excluded_pattern,,
ethiopian cofee leaf dataset/train aug/Phoma/aug_2_563.jpg,Phoma,excluded_pattern,,
ethiopian cofee leaf dataset/train aug/Phoma/aug_2_564 (2).jpg,Phoma,excluded_pattern,,
ethiopian cofee leaf dataset/train aug/Phoma/aug_2_564.jpg,Phoma,excluded_pattern,,
ethiopian cofee leaf dataset/train aug/Phoma/aug_2_565 (2).jpg,Phoma,excluded_pattern,,
ethiopian cofee leaf dataset/train aug/Phoma/aug_2_565.jpg,Phoma,excluded_pattern,,
ethiopian cofee leaf dataset/train aug/Phoma/aug_2_566 (2).jpg,Phoma,excluded_pattern,,
ethiopian cofee leaf dataset/train aug/Phoma/aug_2_566.jpg,Phoma,excluded_pattern,,
ethiopian cofee leaf dataset/train aug/Phoma/aug_2_567 (2).jpg,Phoma,excluded_pattern,,
ethiopian cofee leaf dataset/train aug/Phoma/aug_2_567.jpg,Phoma,excluded_pattern,,
ethiopian cofee leaf dataset/train aug/Phoma/aug_2_568 (2).jpg,Phoma,excluded_pattern,,
ethiopian cofee leaf dataset/train aug/Phoma/aug_2_568.jpg,Phoma,excluded_pattern,,
ethiopian cofee leaf dataset/train aug/Phoma/aug_2_569 (2).jpg,Phoma,excluded_pattern,,
ethiopian cofee leaf dataset/train aug/Phoma/aug_2_569.jpg,Phoma,excluded_pattern,,
ethiopian cofee leaf dataset/train aug/Phoma/aug_2_570 (2).jpg,Phoma,excluded_pattern,,
ethiopian cofee leaf dataset/train aug/Phoma/aug_2_570.jpg,Phoma,excluded_pattern,,
ethiopian cofee leaf dataset/train aug/Phoma/aug_2_571 (2).jpg,Phoma,excluded_pattern,,
ethiopian cofee leaf dataset/train aug/Phoma/aug_2_571.jpg,Phoma,excluded_pattern,,
ethiopian cofee leaf dataset/train aug/Phoma/aug_2_572 (2).jpg,Phoma,excluded_pattern,,
ethiopian cofee leaf dataset/train aug/Phoma/aug_2_572.jpg,Phoma,excluded_pattern,,
ethiopian cofee leaf dataset/train aug/Phoma/aug_2_573 (2).jpg,Phoma,excluded_pattern,,
ethiopian cofee leaf dataset/train aug/Phoma/aug_2_573.jpg,Phoma,excluded_pattern,,
ethiopian cofee leaf dataset/train aug/Phoma/aug_2_574 (2).jpg,Phoma,excluded_pattern,,
ethiopian cofee leaf dataset/train aug/Phoma/aug_2_574.jpg,Phoma,excluded_pattern,,
ethiopian cofee leaf dataset/train aug/Phoma/aug_2_575 (2).jpg,Phoma,excluded_pattern,,
ethiopian cofee leaf dataset/train aug/Phoma/aug_2_575.jpg,Phoma,excluded_pattern,,
ethiopian cofee leaf dataset/train aug/Phoma/aug_2_576 (2).jpg,Phoma,excluded_pattern,,
ethiopian cofee leaf dataset/train aug/Phoma/aug_2_576.jpg,Phoma,excluded_pattern,,
ethiopian cofee leaf dataset/train aug/Phoma/aug_2_577 (2).jpg,Phoma,excluded_pattern,,
ethiopian cofee leaf dataset/train aug/Phoma/aug_2_577.jpg,Phoma,excluded_pattern,,
ethiopian cofee leaf dataset/train aug/Phoma/aug_2_578 (2).jpg,Phoma,excluded_pattern,,
ethiopian cofee leaf dataset/train aug/Phoma/aug_2_578.jpg,Phoma,excluded_pattern,,
ethiopian cofee leaf dataset/train aug/Phoma/aug_2_579 (2).jpg,Phoma,excluded_pattern,,
ethiopian cofee leaf dataset/train aug/Phoma/aug_2_579.jpg,Phoma,excluded_pattern,,
ethiopian cofee leaf dataset/train aug/Phoma/aug_2_580 (2).jpg,Phoma,excluded_pattern,,
ethiopian cofee leaf dataset/train aug/Phoma/aug_2_580.jpg,Phoma,excluded_pattern,,
ethiopian cofee leaf dataset/train aug/Phoma/aug_2_581 (2).jpg,Phoma,excluded_pattern,,
ethiopian cofee leaf dataset/train aug/Phoma/aug_2_581.jpg,Phoma,excluded_pattern,,
ethiopian cofee leaf dataset/train aug/Phoma/aug_2_582 (2).jpg,Phoma,excluded_pattern,,
ethiopian cofee leaf dataset/train aug/Phoma/aug_2_582.jpg,Phoma,excluded_pattern,,
ethiopian cofee leaf dataset/train aug/Phoma/aug_2_583 (2).jpg,Phoma,excluded_pattern,,
ethiopian cofee leaf dataset/train aug/Phoma/aug_2_583.jpg,Phoma,excluded_pattern,,
ethiopian cofee leaf dataset/train aug/Phoma/aug_2_600 (2).jpg,Phoma,excluded_pattern,,
ethiopian cofee leaf dataset/train aug/Phoma/aug_2_600.jpg,Phoma,excluded_pattern,,
ethiopian cofee leaf dataset/train aug/Phoma/aug_2_601 (2).jpg,Phoma,excluded_pattern,,
ethiopian cofee leaf dataset/train aug/Phoma/aug_2_601.jpg,Phoma,excluded_pattern,,
ethiopian cofee leaf dataset/train aug/Phoma/aug_2_602 (2).jpg,Phoma,excluded_pattern,,
ethiopian cofee leaf dataset/train aug/Phoma/aug_2_602.jpg,Phoma,excluded_pattern,,
ethiopian cofee leaf dataset/train aug/Phoma/aug_2_603 (2).jpg,Phoma,excluded_pattern,,
ethiopian cofee leaf dataset/train aug/Phoma/aug_2_603.jpg,Phoma,excluded_pattern,,
ethiopian cofee leaf dataset/train aug/Phoma/aug_2_604 (2).jpg,Phoma,excluded_pattern,,
ethiopian cofee leaf dataset/train aug/Phoma/aug_2_604.jpg,Phoma,excluded_pattern,,
ethiopian cofee leaf dataset/train aug/Phoma/aug_2_605 (2).jpg,Phoma,excluded_pattern,,
ethiopian cofee leaf dataset/train aug/Phoma/aug_2_605.jpg,Phoma,excluded_pattern,,
ethiopian cofee leaf dataset/train aug/Phoma/aug_2_606 (2).jpg,Phoma,excluded_pattern,,
ethiopian cofee leaf dataset/train aug/Phoma/aug_2_606.jpg,Phoma,excluded_pattern,,
ethiopian cofee leaf dataset/train aug/Phoma/aug_2_607 (2).jpg,Phoma,excluded_pattern,,
ethiopian cofee leaf dataset/train aug/Phoma/aug_2_607.jpg,Phoma,excluded_pattern,,
ethiopian cofee leaf dataset/train aug/Phoma/aug_2_608 (2).jpg,Phoma,excluded_pattern,,
ethiopian cofee leaf dataset/train aug/Phoma/aug_2_608.jpg,Phoma,excluded_pattern,,
ethiopian cofee leaf dataset/train aug/Phoma/aug_2_609 (2).jpg,Phoma,excluded_pattern,,
ethiopian cofee leaf dataset/train aug/Phoma/aug_2_609.jpg,Phoma,excluded_pattern,,
ethiopian cofee leaf dataset/train aug/Phoma/aug_2_610 (2).jpg,Phoma,excluded_pattern,,
ethiopian cofee leaf dataset/train aug/Phoma/aug_2_610.jpg,Phoma,excluded_pattern,,
ethiopian cofee leaf dataset/train aug/Phoma/aug_2_611 (2).jpg,Phoma,excluded_pattern,,
ethiopian cofee leaf dataset/train aug/Phoma/aug_2_611.jpg,Phoma,excluded_pattern,,
ethiopian cofee leaf dataset/train aug/Phoma/aug_2_612 (2).jpg,Phoma,excluded_pattern,,
ethiopian cofee leaf dataset/train aug/Phoma/aug_2_612.jpg,Phoma,excluded_pattern,,
ethiopian cofee leaf dataset/train aug/Phoma/aug_2_613 (2).jpg,Phoma,excluded_pattern,,
ethiopian cofee leaf dataset/train aug/Phoma/aug_2_613.jpg,Phoma,excluded_pattern,,
ethiopian cofee leaf dataset/train aug/Phoma/aug_2_614 (2).jpg,Phoma,excluded_pattern,,
ethiopian cofee leaf dataset/train aug/Phoma/aug_2_614.jpg,Phoma,excluded_pattern,,
ethiopian cofee leaf dataset/train aug/Phoma/aug_2_615 (2).jpg,Phoma,excluded_pattern,,
ethiopian cofee leaf dataset/train aug/Phoma/aug_2_615.jpg,Phoma,excluded_pattern,,
ethiopian cofee leaf dataset/train aug/Phoma/aug_2_616 (2).jpg,Phoma,excluded_pattern,,
ethiopian cofee leaf dataset/train aug/Phoma/aug_2_616.jpg,Phoma,excluded_pattern,,
ethiopian cofee leaf dataset/train aug/Phoma/aug_2_617 (2).jpg,Phoma,excluded_pattern,,
ethiopian cofee leaf dataset/train aug/Phoma/aug_2_617.jpg,Phoma,excluded_pattern,,
ethiopian cofee leaf dataset/train aug/Phoma/aug_2_759.jpg,Phoma,excluded_pattern,,
ethiopian cofee leaf dataset/train aug/Phoma/aug_2_772 (2).jpg,Phoma,excluded_pattern,,
ethiopian cofee leaf dataset/train aug/Phoma/aug_2_DSC_0748.JPG,Phoma,excluded_pattern,,
